table,pdf_page,printed_page,printed_page_display,letter,column,parasha,source_value,normalized_integer,book,source_anchor,verification_state,ocr_confidence,exception_or_note,arithmetic_checksum_state
"אותיות התורה (detailed, per-letter)",36,31,31 (folio טז recto),ד,right,צו,,109,ויקרא,"pdf p.36 col.right, letter ד paragraph",UNCERTAIN,medium,Vayikra parasha list for tail of letter Dalet; Bereshit/Shemot data for this letter fall before p.36 (out of this task's page range) and are NOT captured here.,not_applicable
"אותיות התורה (detailed, per-letter)",36,31,31 (folio טז recto),ד,right,שמיני,,84,ויקרא,"pdf p.36 col.right, letter ד paragraph",UNCERTAIN,medium,Vayikra parasha list for tail of letter Dalet; Bereshit/Shemot data for this letter fall before p.36 (out of this task's page range) and are NOT captured here.,not_applicable
"אותיות התורה (detailed, per-letter)",36,31,31 (folio טז recto),ד,right,תזריע,,56,ויקרא,"pdf p.36 col.right, letter ד paragraph",UNCERTAIN,medium,Vayikra parasha list for tail of letter Dalet; Bereshit/Shemot data for this letter fall before p.36 (out of this task's page range) and are NOT captured here.,not_applicable
"אותיות התורה (detailed, per-letter)",36,31,31 (folio טז recto),ד,right,מצורע,,96,ויקרא,"pdf p.36 col.right, letter ד paragraph",UNCERTAIN,medium,Vayikra parasha list for tail of letter Dalet; Bereshit/Shemot data for this letter fall before p.36 (out of this task's page range) and are NOT captured here.,not_applicable
"אותיות התורה (detailed, per-letter)",36,31,31 (folio טז recto),ד,right,אחרי,,111,ויקרא,"pdf p.36 col.right, letter ד paragraph",UNCERTAIN,medium,Vayikra parasha list for tail of letter Dalet; Bereshit/Shemot data for this letter fall before p.36 (out of this task's page range) and are NOT captured here.,not_applicable
"אותיות התורה (detailed, per-letter)",36,31,31 (folio טז recto),ד,right,קדושים,,61,ויקרא,"pdf p.36 col.right, letter ד paragraph",UNCERTAIN,medium,Vayikra parasha list for tail of letter Dalet; Bereshit/Shemot data for this letter fall before p.36 (out of this task's page range) and are NOT captured here.,not_applicable
"אותיות התורה (detailed, per-letter)",36,31,31 (folio טז recto),ד,right,אמור,,158,ויקרא,"pdf p.36 col.right, letter ד paragraph",UNCERTAIN,medium,Vayikra parasha list for tail of letter Dalet; Bereshit/Shemot data for this letter fall before p.36 (out of this task's page range) and are NOT captured here.,not_applicable
"אותיות התורה (detailed, per-letter)",36,31,31 (folio טז recto),ד,right,בהר,,55,ויקרא,"pdf p.36 col.right, letter ד paragraph",UNCERTAIN,medium,Vayikra parasha list for tail of letter Dalet; Bereshit/Shemot data for this letter fall before p.36 (out of this task's page range) and are NOT captured here.,not_applicable
"אותיות התורה (detailed, per-letter)",36,31,31 (folio טז recto),ד,right,בחקתי,,78,ויקרא,"pdf p.36 col.right, letter ד paragraph",UNCERTAIN,medium,Vayikra parasha list for tail of letter Dalet; Bereshit/Shemot data for this letter fall before p.36 (out of this task's page range) and are NOT captured here.,not_applicable
"אותיות התורה (detailed, per-letter)",36,31,31 (folio טז recto),ד,right,(Vayikra cumulative subtotal),ד' אלף רכ״ח,4228,ויקרא,"pdf p.36 col.right, letter ד paragraph",UNCERTAIN,medium,"Running/cumulative total after Vayikra, NOT a Vayikra-only subtotal (see counting-contract finding: markers are cumulative, colon terminates the final Torah-wide figure).",not_checked_missing_prior_books
"אותיות התורה (detailed, per-letter)",36,31,31 (folio טז recto),ד,right,נשא,,230,במדבר,"pdf p.36 col.right, letter ד paragraph",UNCERTAIN,medium,,not_applicable
"אותיות התורה (detailed, per-letter)",36,31,31 (folio טז recto),ד,right,בהעלתך,,255,במדבר,"pdf p.36 col.right, letter ד paragraph",UNCERTAIN,medium,,not_applicable
"אותיות התורה (detailed, per-letter)",36,31,31 (folio טז recto),ד,right,שלח,,288,במדבר,"pdf p.36 col.right, letter ד paragraph",UNCERTAIN,medium,,not_applicable
"אותיות התורה (detailed, per-letter)",36,31,31 (folio טז recto),ד,right,קרח,,149,במדבר,"pdf p.36 col.right, letter ד paragraph",UNCERTAIN,medium,,not_applicable
"אותיות התורה (detailed, per-letter)",36,31,31 (folio טז recto),ד,right,חקת,,110,במדבר,"pdf p.36 col.right, letter ד paragraph",UNCERTAIN,medium,,not_applicable
"אותיות התורה (detailed, per-letter)",36,31,31 (folio טז recto),ד,right,בלק,,102,במדבר,"pdf p.36 col.right, letter ד paragraph",UNCERTAIN,medium,,not_applicable
"אותיות התורה (detailed, per-letter)",36,31,31 (folio טז recto),ד,right,פנחס,,205,במדבר,"pdf p.36 col.right, letter ד paragraph",UNCERTAIN,medium,,not_applicable
"אותיות התורה (detailed, per-letter)",36,31,31 (folio טז recto),ד,right,מטות,,121,במדבר,"pdf p.36 col.right, letter ד paragraph",UNCERTAIN,medium,,not_applicable
"אותיות התורה (detailed, per-letter)",36,31,31 (folio טז recto),ד,right,מסעי,,143,במדבר,"pdf p.36 col.right, letter ד paragraph",UNCERTAIN,medium,,not_applicable
"אותיות התורה (detailed, per-letter)",36,31,31 (folio טז recto),ד,right,(Bamidbar cumulative subtotal),ה' אלף תנ״א,5451,במדבר,"pdf p.36 col.right, letter ד paragraph",UNCERTAIN,medium,,consistent_with_component_sum_within_tolerance
"אותיות התורה (detailed, per-letter)",36,31,31 (folio טז recto),ד,right,דברים,,149,דברים,"pdf p.36 col.right, letter ד paragraph",UNCERTAIN,medium,,not_applicable
"אותיות התורה (detailed, per-letter)",36,31,31 (folio טז recto),ד,right,ואתחנן,,166,דברים,"pdf p.36 col.right, letter ד paragraph",UNCERTAIN,medium,,not_applicable
"אותיות התורה (detailed, per-letter)",36,31,31 (folio טז recto),ד,right,עקב,,154,דברים,"pdf p.36 col.right, letter ד paragraph",UNCERTAIN,medium,,not_applicable
"אותיות התורה (detailed, per-letter)",36,31,31 (folio טז recto),ד,right,ראה,,127,דברים,"pdf p.36 col.right, letter ד paragraph",UNCERTAIN,medium,,not_applicable
"אותיות התורה (detailed, per-letter)",36,31,31 (folio טז recto),ד,right,שופטים,,138,דברים,"pdf p.36 col.right, letter ד paragraph",UNCERTAIN,medium,,not_applicable
"אותיות התורה (detailed, per-letter)",36,31,31 (folio טז recto),ד,right,תצא,,100,דברים,"pdf p.36 col.right, letter ד paragraph",UNCERTAIN,medium,,not_applicable
"אותיות התורה (detailed, per-letter)",36,31,31 (folio טז recto),ד,right,תבא,,145,דברים,"pdf p.36 col.right, letter ד paragraph",UNCERTAIN,medium,,not_applicable
"אותיות התורה (detailed, per-letter)",36,31,31 (folio טז recto),ד,right,נצבים,,38,דברים,"pdf p.36 col.right, letter ד paragraph",UNCERTAIN,medium,,not_applicable
"אותיות התורה (detailed, per-letter)",36,31,31 (folio טז recto),ד,right,וילך,,48,דברים,"pdf p.36 col.right, letter ד paragraph",UNCERTAIN,medium,,not_applicable
"אותיות התורה (detailed, per-letter)",36,31,31 (folio טז recto),ד,right,האזינו,,115,דברים,"pdf p.36 col.right, letter ד paragraph",UNCERTAIN,medium,,not_applicable
"אותיות התורה (detailed, per-letter)",36,31,31 (folio טז recto),ד,right,ברכה,,55,דברים,"pdf p.36 col.right, letter ד paragraph",UNCERTAIN,medium,,not_applicable
"אותיות התורה (detailed, per-letter)",36,31,31 (folio טז recto),ד,right,"TORAH TOTAL (final, colon-terminated)",ז' אלף ל״ו,7036,כל התורה,"pdf p.36 col.right, letter ד paragraph",UNCERTAIN,medium,Final total for letter Dalet across the whole Torah (Bereshit+Shemot portions not independently captured in this pass; cannot fully checksum).,cannot_checksum_missing_bereshit_shemot
"אותיות התורה (detailed, per-letter)",36,31,31 (folio טז recto),ה,right,בראשית,,728,בראשית,"pdf p.36 col.right, letter ה paragraph",UNCERTAIN,medium,,not_applicable
"אותיות התורה (detailed, per-letter)",36,31,31 (folio טז recto),ה,right,נח,,645,בראשית,"pdf p.36 col.right, letter ה paragraph",UNCERTAIN,medium,,not_applicable
"אותיות התורה (detailed, per-letter)",36,31,31 (folio טז recto),ה,right,לך לך,,731,בראשית,"pdf p.36 col.right, letter ה paragraph",UNCERTAIN,medium,,not_applicable
"אותיות התורה (detailed, per-letter)",36,31,31 (folio טז recto),ה,right,וירא,,735,בראשית,"pdf p.36 col.right, letter ה paragraph",UNCERTAIN,medium,,not_applicable
"אותיות התורה (detailed, per-letter)",36,31,31 (folio טז recto),ה,right,חיי שרה,,470,בראשית,"pdf p.36 col.right, letter ה paragraph",UNCERTAIN,medium,,not_applicable
"אותיות התורה (detailed, per-letter)",36,31,31 (folio טז recto),ה,right,תולדת,,370,בראשית,"pdf p.36 col.right, letter ה paragraph",UNCERTAIN,medium,,not_applicable
"אותיות התורה (detailed, per-letter)",36,31,31 (folio טז recto),ה,right,ויצא,,630,בראשית,"pdf p.36 col.right, letter ה paragraph",UNCERTAIN,medium,,not_applicable
"אותיות התורה (detailed, per-letter)",36,31,31 (folio טז recto),ה,right,וישלח,,530,בראשית,"pdf p.36 col.right, letter ה paragraph",UNCERTAIN,medium,,not_applicable
"אותיות התורה (detailed, per-letter)",36,31,31 (folio טז recto),ה,right,וישב,,545,בראשית,"pdf p.36 col.right, letter ה paragraph",UNCERTAIN,medium,,not_applicable
"אותיות התורה (detailed, per-letter)",36,31,31 (folio טז recto),ה,right,מקץ,,577,בראשית,"pdf p.36 col.right, letter ה paragraph",UNCERTAIN,medium,,not_applicable
"אותיות התורה (detailed, per-letter)",36,31,31 (folio טז recto),ה,right,ויגש,,323,בראשית,"pdf p.36 col.right, letter ה paragraph",UNCERTAIN,medium,,not_applicable
"אותיות התורה (detailed, per-letter)",36,31,31 (folio טז recto),ה,right,ויחי,,290,בראשית,"pdf p.36 col.right, letter ה paragraph",UNCERTAIN,medium,,not_applicable
"אותיות התורה (detailed, per-letter)",36,31,31 (folio טז recto),ה,right,(Bereshit cumulative subtotal),ו' אלף רפ״נ,6330,בראשית,"pdf p.36 col.right, letter ה paragraph",UNCERTAIN,medium,"ANOMALY: sum of the 12 transcribed Bereshit values above = 6,574, not 6,330 (delta +244). Not resolved -- see anomalies.json A-01. Do not silently correct either figure.",MISMATCH_flagged_A-01
"אותיות התורה (detailed, per-letter)",36,31,31 (folio טז recto),ה,right,שמות,,658,שמות,"pdf p.36 col.right, letter ה paragraph",UNCERTAIN,low,Digit-level reads in this run are lower-confidence than the Bereshit run (font/print quality); treat as PASS-1 only.,not_applicable
"אותיות התורה (detailed, per-letter)",36,31,31 (folio טז recto),ה,right,וארא,,653,שמות,"pdf p.36 col.right, letter ה paragraph",UNCERTAIN,low,Digit-level reads in this run are lower-confidence than the Bereshit run (font/print quality); treat as PASS-1 only.,not_applicable
"אותיות התורה (detailed, per-letter)",36,31,31 (folio טז recto),ה,right,בא,,492,שמות,"pdf p.36 col.right, letter ה paragraph",UNCERTAIN,low,Digit-level reads in this run are lower-confidence than the Bereshit run (font/print quality); treat as PASS-1 only.,not_applicable
"אותיות התורה (detailed, per-letter)",36,31,31 (folio טז recto),ה,right,בשלח,,700,שמות,"pdf p.36 col.right, letter ה paragraph",UNCERTAIN,low,Digit-level reads in this run are lower-confidence than the Bereshit run (font/print quality); treat as PASS-1 only.,not_applicable
"אותיות התורה (detailed, per-letter)",36,31,31 (folio טז recto),ה,right,יתרו,,225,שמות,"pdf p.36 col.right, letter ה paragraph",UNCERTAIN,low,Digit-level reads in this run are lower-confidence than the Bereshit run (font/print quality); treat as PASS-1 only.,not_applicable
"אותיות התורה (detailed, per-letter)",36,31,31 (folio טז recto),ה,right,משפטים,,730,שמות,"pdf p.36 col.right, letter ה paragraph",UNCERTAIN,low,Digit-level reads in this run are lower-confidence than the Bereshit run (font/print quality); treat as PASS-1 only.,not_applicable
"אותיות התורה (detailed, per-letter)",36,31,31 (folio טז recto),ה,right,תרומה,,470,שמות,"pdf p.36 col.right, letter ה paragraph",UNCERTAIN,low,Digit-level reads in this run are lower-confidence than the Bereshit run (font/print quality); treat as PASS-1 only.,not_applicable
"אותיות התורה (detailed, per-letter)",36,31,31 (folio טז recto),ה,right,תצוה,,470,שמות,"pdf p.36 col.right, letter ה paragraph",UNCERTAIN,low,Digit-level reads in this run are lower-confidence than the Bereshit run (font/print quality); treat as PASS-1 only.,not_applicable
"אותיות התורה (detailed, per-letter)",36,31,31 (folio טז recto),ה,right,תשא,,730,שמות,"pdf p.36 col.right, letter ה paragraph",UNCERTAIN,low,Digit-level reads in this run are lower-confidence than the Bereshit run (font/print quality); treat as PASS-1 only.,not_applicable
"אותיות התורה (detailed, per-letter)",36,31,31 (folio טז recto),ה,right,ויקהל,,695,שמות,"pdf p.36 col.right, letter ה paragraph",UNCERTAIN,low,Digit-level reads in this run are lower-confidence than the Bereshit run (font/print quality); treat as PASS-1 only.,not_applicable
"אותיות התורה (detailed, per-letter)",36,31,31 (folio טז recto),ה,right,פקודי,,406,שמות,"pdf p.36 col.right, letter ה paragraph",UNCERTAIN,low,Digit-level reads in this run are lower-confidence than the Bereshit run (font/print quality); treat as PASS-1 only.,not_applicable
"אותיות התורה (detailed, per-letter)",36,31,31 (folio טז recto),ה,right,(Shemot cumulative subtotal),י״ב אלף ת״נ,12450,שמות,"pdf p.36 col.right, letter ה paragraph",UNCERTAIN,medium,,not_applicable
"אותיות התורה (detailed, per-letter)",36,31,31 (folio טז recto),ה,right,(Vayikra cumulative subtotal),כ״ב אלף תשנ״ז,22357,ויקרא,"pdf p.36 col.right, letter ה paragraph",UNCERTAIN,low,Vayikra + Bamidbar per-parasha lines between the Shemot subtotal and this figure were only partially legible in this pass; individual Vayikra/Bamidbar parasha values for letter Heh are UNKNOWN pending re-scan.,not_applicable
"אותיות התורה (detailed, per-letter)",36,31,31 (folio טז recto),ה,right,"TORAH TOTAL (final, colon-terminated)",כ״ח אלף נ״ה (candidate; alternate reading ב״ח),28055,כל התורה,"pdf p.36 col.right, letter ה paragraph",UNCERTAIN,low,"Thousands-word glyph ambiguous between כ (20) and ב (2); ב״ח אלף (2,008) is arithmetically impossible here (smaller than the already-confirmed 22,357 running total), so כ״ח אלף (28,055) is the only value consistent with monotonic cumulative growth -- flagged as inference-supported reading, not a direct unambiguous glyph read.",resolved_by_monotonicity_inference_not_direct_read
"אותיות התורה (detailed, per-letter)",36,31,31 (folio טז recto),ו,right,(section marker),,,-,"pdf p.36 col.right, letter ו paragraph",UNCERTAIN,low,"Letter Vav begins at bottom of p.36 right column (""ו. בראשית..."") and continues onto p.36 left column top. Per-parasha values in this pass were not transcribed with confidence sufficient to report individual cells (dense abbreviation + column-break disrupted line tracking). Reporting only the two boundary totals that were legible.",not_applicable
"אותיות התורה (detailed, per-letter)",36,31,31 (folio טז recto),ו,left,"(Bereshit-area running total, exact book boundary unclear)",candidate: ל׳/ל״ה/ל״ו אלף range,,unclear,"pdf p.36 col.left, letter ו paragraph",UNKNOWN,low,"Thousands-multiplier word for Vav's running total at the p.36/p.37 boundary was not read with confidence (candidates in the low-30,000s given Vav's known high frequency). Left UNKNOWN rather than guessed.",unresolved
"אותיות התורה (detailed, per-letter)",37,32,"32 (verso, Arabic)",ו,left,"TORAH TOTAL (final, colon-terminated, top of p.37 left column)",ל״א אלף תקל״ו,31536,כל התורה,"pdf p.37 col.left, letter ו paragraph",UNCERTAIN,medium,"Magnitude (31,536) is consistent with Vav being one of the most frequent Torah letters -- plausibility check passes -- but the glyph read was not cross-verified against a component checksum in this pass.",not_applicable
"אותיות התורה (detailed, per-letter)",36,31,31 (folio טז recto),ז,left,בראשית,,31,בראשית,"pdf p.36 col.left, letter ז paragraph",UNCERTAIN,medium,,not_applicable
"אותיות התורה (detailed, per-letter)",36,31,31 (folio טז recto),ז,left,נח,,24,בראשית,"pdf p.36 col.left, letter ז paragraph",UNCERTAIN,medium,,not_applicable
"אותיות התורה (detailed, per-letter)",36,31,31 (folio טז recto),ז,left,לך לך,,49,בראשית,"pdf p.36 col.left, letter ז paragraph",UNCERTAIN,medium,,not_applicable
"אותיות התורה (detailed, per-letter)",36,31,31 (folio טז recto),ז,left,וירא,,41,בראשית,"pdf p.36 col.left, letter ז paragraph",UNCERTAIN,medium,,not_applicable
"אותיות התורה (detailed, per-letter)",36,31,31 (folio טז recto),ז,left,חיי שרה,,8,בראשית,"pdf p.36 col.left, letter ז paragraph",UNCERTAIN,medium,,not_applicable
"אותיות התורה (detailed, per-letter)",36,31,31 (folio טז recto),ז,left,תולדת,,42,בראשית,"pdf p.36 col.left, letter ז paragraph",UNCERTAIN,medium,,not_applicable
"אותיות התורה (detailed, per-letter)",36,31,31 (folio טז recto),ז,left,ויצא,,48,בראשית,"pdf p.36 col.left, letter ז paragraph",UNCERTAIN,medium,,not_applicable
"אותיות התורה (detailed, per-letter)",36,31,31 (folio טז recto),ז,left,וישלח,,52,בראשית,"pdf p.36 col.left, letter ז paragraph",UNCERTAIN,medium,,not_applicable
"אותיות התורה (detailed, per-letter)",36,31,31 (folio טז recto),ז,left,וישב,,42,בראשית,"pdf p.36 col.left, letter ז paragraph",UNCERTAIN,medium,,not_applicable
"אותיות התורה (detailed, per-letter)",36,31,31 (folio טז recto),ז,left,מקץ,,24,בראשית,"pdf p.36 col.left, letter ז paragraph",UNCERTAIN,medium,,not_applicable
"אותיות התורה (detailed, per-letter)",36,31,31 (folio טז recto),ז,left,ויגש,,27,בראשית,"pdf p.36 col.left, letter ז paragraph",UNCERTAIN,medium,,not_applicable
"אותיות התורה (detailed, per-letter)",36,31,31 (folio טז recto),ז,left,ויחי,,32,בראשית,"pdf p.36 col.left, letter ז paragraph",UNCERTAIN,medium,,not_applicable
"אותיות התורה (detailed, per-letter)",36,31,31 (folio טז recto),ז,left,(Bereshit cumulative subtotal),ה' כ״ח,420,בראשית,"pdf p.36 col.left, letter ז paragraph",UNCERTAIN,medium,"Read as ""ה׳ כ׳ח"" (420); thousands-word notation differs from other letters' sections at this point (no אלף/""thousand"" word needed since Zayin's book-subtotal here is under 1,000) -- itself a useful counting-contract data point (the scribe omits אלף when the running total is sub-1,000).",not_applicable
"אותיות התורה (detailed, per-letter)",36,31,31 (folio טז recto),ז,left,שמות,,44,שמות,"pdf p.36 col.left, letter ז paragraph",UNCERTAIN,medium,,not_applicable
"אותיות התורה (detailed, per-letter)",36,31,31 (folio טז recto),ז,left,וארא,,39,שמות,"pdf p.36 col.left, letter ז paragraph",UNCERTAIN,medium,,not_applicable
"אותיות התורה (detailed, per-letter)",36,31,31 (folio טז recto),ז,left,בא,,67,שמות,"pdf p.36 col.left, letter ז paragraph",UNCERTAIN,medium,,not_applicable
"אותיות התורה (detailed, per-letter)",36,31,31 (folio טז recto),ז,left,בשלח,,41,שמות,"pdf p.36 col.left, letter ז paragraph",UNCERTAIN,medium,,not_applicable
"אותיות התורה (detailed, per-letter)",36,31,31 (folio טז recto),ז,left,יתרו,,29,שמות,"pdf p.36 col.left, letter ז paragraph",UNCERTAIN,medium,,not_applicable
"אותיות התורה (detailed, per-letter)",36,31,31 (folio טז recto),ז,left,משפטים,,32,שמות,"pdf p.36 col.left, letter ז paragraph",UNCERTAIN,medium,,not_applicable
"אותיות התורה (detailed, per-letter)",36,31,31 (folio טז recto),ז,left,תרומה,,52,שמות,"pdf p.36 col.left, letter ז paragraph",UNCERTAIN,medium,,not_applicable
"אותיות התורה (detailed, per-letter)",36,31,31 (folio טז recto),ז,left,תצוה,,65,שמות,"pdf p.36 col.left, letter ז paragraph",UNCERTAIN,medium,,not_applicable
"אותיות התורה (detailed, per-letter)",36,31,31 (folio טז recto),ז,left,תשא,,58,שמות,"pdf p.36 col.left, letter ז paragraph",UNCERTAIN,medium,,not_applicable
"אותיות התורה (detailed, per-letter)",36,31,31 (folio טז recto),ז,left,ויקהל,,59,שמות,"pdf p.36 col.left, letter ז paragraph",UNCERTAIN,medium,,not_applicable
"אותיות התורה (detailed, per-letter)",36,31,31 (folio טז recto),ז,left,פקודי,,43,שמות,"pdf p.36 col.left, letter ז paragraph",UNCERTAIN,medium,,not_applicable
"אותיות התורה (detailed, per-letter)",36,31,31 (folio טז recto),ז,left,(Shemot cumulative subtotal),אלף תקנ״א,1551,שמות,"pdf p.36 col.left, letter ז paragraph",UNCERTAIN,medium,,not_applicable
"אותיות התורה (detailed, per-letter)",36,31,31 (folio טז recto),ז,left,ויקרא,,75,ויקרא,"pdf p.36 col.left, letter ז paragraph",UNCERTAIN,medium,,not_applicable
"אותיות התורה (detailed, per-letter)",36,31,31 (folio טז recto),ז,left,צו,,69,ויקרא,"pdf p.36 col.left, letter ז paragraph",UNCERTAIN,medium,,not_applicable
"אותיות התורה (detailed, per-letter)",36,31,31 (folio טז recto),ז,left,שמיני,,42,ויקרא,"pdf p.36 col.left, letter ז paragraph",UNCERTAIN,medium,,not_applicable
"אותיות התורה (detailed, per-letter)",36,31,31 (folio טז recto),ז,left,תזריע,,7,ויקרא,"pdf p.36 col.left, letter ז paragraph",UNCERTAIN,medium,,not_applicable
"אותיות התורה (detailed, per-letter)",36,31,31 (folio טז recto),ז,left,מצורע,,61,ויקרא,"pdf p.36 col.left, letter ז paragraph",UNCERTAIN,medium,,not_applicable
"אותיות התורה (detailed, per-letter)",36,31,31 (folio טז recto),ז,left,אחרי,,44,ויקרא,"pdf p.36 col.left, letter ז paragraph",UNCERTAIN,medium,,not_applicable
"אותיות התורה (detailed, per-letter)",36,31,31 (folio טז recto),ז,left,קדושים,,26,ויקרא,"pdf p.36 col.left, letter ז paragraph",UNCERTAIN,medium,,not_applicable
"אותיות התורה (detailed, per-letter)",36,31,31 (folio טז recto),ז,left,אמור,,46,ויקרא,"pdf p.36 col.left, letter ז paragraph",UNCERTAIN,medium,,not_applicable
"אותיות התורה (detailed, per-letter)",36,31,31 (folio טז recto),ז,left,בהר,,24,ויקרא,"pdf p.36 col.left, letter ז paragraph",UNCERTAIN,medium,,not_applicable
"אותיות התורה (detailed, per-letter)",36,31,31 (folio טז recto),ז,left,בחקתי,,30,ויקרא,"pdf p.36 col.left, letter ז paragraph",UNCERTAIN,medium,,not_applicable
"אותיות התורה (detailed, per-letter)",36,31,31 (folio טז recto),ז,left,(Vayikra cumulative subtotal),אלף שע״ה,1875,ויקרא,"pdf p.36 col.left, letter ז paragraph",UNCERTAIN,medium,,not_applicable
"אותיות התורה (detailed, per-letter)",36,31,31 (folio טז recto),ז,left,נשא,,127,במדבר,"pdf p.36 col.left, letter ז paragraph",UNCERTAIN,medium,,not_applicable
"אותיות התורה (detailed, per-letter)",36,31,31 (folio טז recto),ז,left,בהעלתך,,28,במדבר,"pdf p.36 col.left, letter ז paragraph",UNCERTAIN,medium,,not_applicable
"אותיות התורה (detailed, per-letter)",36,31,31 (folio טז recto),ז,left,שלח,,49,במדבר,"pdf p.36 col.left, letter ז paragraph",UNCERTAIN,medium,,not_applicable
"אותיות התורה (detailed, per-letter)",36,31,31 (folio טז recto),ז,left,קרח,,42,במדבר,"pdf p.36 col.left, letter ז paragraph",UNCERTAIN,medium,,not_applicable
"אותיות התורה (detailed, per-letter)",36,31,31 (folio טז recto),ז,left,חקת,,30,במדבר,"pdf p.36 col.left, letter ז paragraph",UNCERTAIN,medium,,not_applicable
"אותיות התורה (detailed, per-letter)",36,31,31 (folio טז recto),ז,left,בלק,,44,במדבר,"pdf p.36 col.left, letter ז paragraph",UNCERTAIN,medium,,not_applicable
"אותיות התורה (detailed, per-letter)",36,31,31 (folio טז recto),ז,left,פנחס,,39,במדבר,"pdf p.36 col.left, letter ז paragraph",UNCERTAIN,medium,,not_applicable
"אותיות התורה (detailed, per-letter)",36,31,31 (folio טז recto),ז,left,מטות,,51,במדבר,"pdf p.36 col.left, letter ז paragraph",UNCERTAIN,medium,,not_applicable
"אותיות התורה (detailed, per-letter)",36,31,31 (folio טז recto),ז,left,מסעי,,17,במדבר,"pdf p.36 col.left, letter ז paragraph",UNCERTAIN,medium,,not_applicable
"אותיות התורה (detailed, per-letter)",36,31,31 (folio טז recto),ז,left,(Bamidbar cumulative subtotal),אלף תכ״ם,1720,במדבר,"pdf p.36 col.left, letter ז paragraph",UNCERTAIN,low,,not_applicable
"אותיות התורה (detailed, per-letter)",36,31,31 (folio טז recto),ז,left,דברים,,30,דברים,"pdf p.36 col.left, letter ז paragraph",UNCERTAIN,medium,,not_applicable
"אותיות התורה (detailed, per-letter)",36,31,31 (folio טז recto),ז,left,ואתחנן,,46,דברים,"pdf p.36 col.left, letter ז paragraph",UNCERTAIN,medium,,not_applicable
"אותיות התורה (detailed, per-letter)",36,31,31 (folio טז recto),ז,left,עקב,,40,דברים,"pdf p.36 col.left, letter ז paragraph",UNCERTAIN,medium,,not_applicable
"אותיות התורה (detailed, per-letter)",36,31,31 (folio טז recto),ז,left,ראה,,40,דברים,"pdf p.36 col.left, letter ז paragraph",UNCERTAIN,medium,,not_applicable
"אותיות התורה (detailed, per-letter)",36,31,31 (folio טז recto),ז,left,שופטים,,36,דברים,"pdf p.36 col.left, letter ז paragraph",UNCERTAIN,medium,,not_applicable
"אותיות התורה (detailed, per-letter)",36,31,31 (folio טז recto),ז,left,תצא,,35,דברים,"pdf p.36 col.left, letter ז paragraph",UNCERTAIN,medium,,not_applicable
"אותיות התורה (detailed, per-letter)",36,31,31 (folio טז recto),ז,left,תבא,,45,דברים,"pdf p.36 col.left, letter ז paragraph",UNCERTAIN,medium,,not_applicable
"אותיות התורה (detailed, per-letter)",36,31,31 (folio טז recto),ז,left,נצבים,,19,דברים,"pdf p.36 col.left, letter ז paragraph",UNCERTAIN,medium,,not_applicable
"אותיות התורה (detailed, per-letter)",36,31,31 (folio טז recto),ז,left,וילך,,25,דברים,"pdf p.36 col.left, letter ז paragraph",UNCERTAIN,medium,,not_applicable
"אותיות התורה (detailed, per-letter)",36,31,31 (folio טז recto),ז,left,האזינו,,25,דברים,"pdf p.36 col.left, letter ז paragraph",UNCERTAIN,medium,,not_applicable
"אותיות התורה (detailed, per-letter)",36,31,31 (folio טז recto),ז,left,ברכה,,20,דברים,"pdf p.36 col.left, letter ז paragraph",UNCERTAIN,medium,,not_applicable
"אותיות התורה (detailed, per-letter)",36,31,31 (folio טז recto),ז,left,"TORAH TOTAL (final, colon-terminated)",ב' אלף קצ״ח,2198,כל התורה,"pdf p.36 col.left, letter ז paragraph",UNCERTAIN,medium,"Checksum candidate: 1,720 (Bamidbar cumulative) + Devarim parashiot listed above (30+46+40+40+36+35+45+19+25+25+20=361) = 2,081, vs printed final 2,198 (delta 117). Flagged as ANOMALY A-02 -- not resolved, both figures preserved.",MISMATCH_flagged_A-02
"אותיות התורה (detailed, per-letter)",36,31,31 (folio טז recto),ח (read with residual uncertainty vs ה),left,(section marker),,,-,"pdf p.36 col.left, letter ח (read with residual uncertainty vs ה) paragraph",UNCERTAIN,low,"Drop-cap for this section was read as ה a second time in early passes, then reclassified to ח on magnitude grounds (values ~100-300/parasha are far too small to be a second Heh occurrence, whose Bereshit-only value was already established at 728). Letter IDENTITY here is an INFERENCE from context/magnitude, not a directly-certain glyph read -- see open question OQ-01.",not_applicable
"אותיות התורה (detailed, per-letter)",36,31,31 (folio טז recto),ח,left,בראשית,,173,בראשית,"pdf p.36 col.left, letter ח paragraph",UNCERTAIN,low,,not_applicable
"אותיות התורה (detailed, per-letter)",36,31,31 (folio טז recto),ח,left,נח,,235,בראשית,"pdf p.36 col.left, letter ח paragraph",UNCERTAIN,low,,not_applicable
"אותיות התורה (detailed, per-letter)",36,31,31 (folio טז recto),ח,left,וירא,,182,בראשית,"pdf p.36 col.left, letter ח paragraph",UNCERTAIN,low,,not_applicable
"אותיות התורה (detailed, per-letter)",36,31,31 (folio טז recto),ח,left,חיי שרה,,127,בראשית,"pdf p.36 col.left, letter ח paragraph",UNCERTAIN,low,,not_applicable
"אותיות התורה (detailed, per-letter)",36,31,31 (folio טז recto),ח,left,תולדות,,130,בראשית,"pdf p.36 col.left, letter ח paragraph",UNCERTAIN,low,,not_applicable
"אותיות התורה (detailed, per-letter)",36,31,31 (folio טז recto),ח,left,ויצא,,162,בראשית,"pdf p.36 col.left, letter ח paragraph",UNCERTAIN,low,,not_applicable
"אותיות התורה (detailed, per-letter)",36,31,31 (folio טז recto),ח,left,וישלח,,189,בראשית,"pdf p.36 col.left, letter ח paragraph",UNCERTAIN,low,,not_applicable
"אותיות התורה (detailed, per-letter)",36,31,31 (folio טז recto),ח,left,וישב,,131,בראשית,"pdf p.36 col.left, letter ח paragraph",UNCERTAIN,low,,not_applicable
"אותיות התורה (detailed, per-letter)",36,31,31 (folio טז recto),ח,left,מקץ,,108,בראשית,"pdf p.36 col.left, letter ח paragraph",UNCERTAIN,low,,not_applicable
"אותיות התורה (detailed, per-letter)",36,31,31 (folio טז recto),ח,left,וינש,,114,בראשית,"pdf p.36 col.left, letter ח paragraph",UNCERTAIN,low,,not_applicable
"אותיות התורה (detailed, per-letter)",36,31,31 (folio טז recto),ח,left,ויחי,,85,בראשית,"pdf p.36 col.left, letter ח paragraph",UNCERTAIN,low,,not_applicable
"אותיות התורה (detailed, per-letter)",36,31,31 (folio טז recto),ח,left,(Bereshit cumulative subtotal),אלף תתמ״ד (candidate),1844,בראשית,"pdf p.36 col.left, letter ח paragraph",UNCERTAIN,low,,not_applicable
"אותיות התורה (detailed, per-letter)",36,31,31 (folio טז recto),ח,left,שמות,,146,שמות,"pdf p.36 col.left, letter ח paragraph",UNCERTAIN,low,,not_applicable
"אותיות התורה (detailed, per-letter)",36,31,31 (folio טז recto),ח,left,וארא,,122,שמות,"pdf p.36 col.left, letter ח paragraph",UNCERTAIN,low,,not_applicable
"אותיות התורה (detailed, per-letter)",36,31,31 (folio טז recto),ח,left,בא,,120,שמות,"pdf p.36 col.left, letter ח paragraph",UNCERTAIN,low,,not_applicable
"אותיות התורה (detailed, per-letter)",36,31,31 (folio טז recto),ח,left,בשלח,,128,שמות,"pdf p.36 col.left, letter ח paragraph",UNCERTAIN,low,,not_applicable
"אותיות התורה (detailed, per-letter)",36,31,31 (folio טז recto),ח,left,יתרו,,68,שמות,"pdf p.36 col.left, letter ח paragraph",UNCERTAIN,low,,not_applicable
"אותיות התורה (detailed, per-letter)",36,31,31 (folio טז recto),ח,left,משפטים,,126,שמות,"pdf p.36 col.left, letter ח paragraph",UNCERTAIN,low,,not_applicable
"אותיות התורה (detailed, per-letter)",36,31,31 (folio טז recto),ח,left,תרומה,,172,שמות,"pdf p.36 col.left, letter ח paragraph",UNCERTAIN,low,,not_applicable
"אותיות התורה (detailed, per-letter)",36,31,31 (folio טז recto),ח,left,תצוה,,153,שמות,"pdf p.36 col.left, letter ח paragraph",UNCERTAIN,low,,not_applicable
"אותיות התורה (detailed, per-letter)",36,31,31 (folio טז recto),ח,left,תשא,,153,שמות,"pdf p.36 col.left, letter ח paragraph",UNCERTAIN,low,,not_applicable
"אותיות התורה (detailed, per-letter)",36,31,31 (folio טז recto),ח,left,ויקהל,,210,שמות,"pdf p.36 col.left, letter ח paragraph",UNCERTAIN,low,,not_applicable
"אותיות התורה (detailed, per-letter)",36,31,31 (folio טז recto),ח,left,פקודי,,108,שמות,"pdf p.36 col.left, letter ח paragraph",UNCERTAIN,low,,not_applicable
"אותיות התורה (detailed, per-letter)",36,31,31 (folio טז recto),ח,left,(Shemot cumulative subtotal),ג' אלף שמ״א,3341,שמות,"pdf p.36 col.left, letter ח paragraph",UNCERTAIN,low,,not_applicable
"אותיות התורה (detailed, per-letter)",37,32,"32 (verso, Arabic)",ח,right,"(Bamidbar tail incl. Masei, Devarim list)",-,,במדבר/דברים,"pdf p.37 col.right, letter ח paragraph",UNCERTAIN,low,Bamidbar/Devarim per-parasha lines for this letter span the p.36/p.37 page break; individual values were captured in the raw transcript log (see full_transcript_raw.txt) but are LOW confidence and not repeated as separate normalized cells here to avoid false precision.,not_applicable
"אותיות התורה (detailed, per-letter)",37,32,"32 (verso, Arabic)",ח,right,"TORAH TOTAL (final, colon-terminated)",ז' אלף קפ״ם,7180,כל התורה,"pdf p.37 col.right, letter ח paragraph",UNCERTAIN,low,,not_applicable
"אותיות התורה (detailed, per-letter)",37,32,"32 (verso, Arabic)",candidate מ (Mem),right,(entire paragraph),,,-,"pdf p.37 col.right, letter candidate מ (Mem) paragraph",UNKNOWN,low,"Drop-cap letter identity NOT reliably resolved in this pass (candidate reading: candidate מ (Mem)). Candidate total: 1,606 (candidate, glyph-ambiguous) or higher. This interval (bridging ח and ס) covers what should be letters ט,י,כ,ל,מ,נ in strict alphabetical order (confirmed by the clean, unambiguous ס→ע→פ→צ→ק→ר→ש sequence read immediately afterward on pp.39-40) -- but this pass's specific drop-cap reads for ט/י/כ/ל/מ/נ are NOT self-consistent (a letter appearing to repeat is almost certainly a misread of a visually similar neighbor, not a real repetition in the source). Full per-parasha values for whichever letters truly occupy this interval were transcribed in the raw log but are WITHHELD from the normalized dataset pending a dedicated re-verification pass -- see open question OQ-01 and next-action recommendation.",not_applicable
"אותיות התורה (detailed, per-letter)",37,32,"32 (verso, Arabic)",candidate י (Yod),right,(entire paragraph),,,-,"pdf p.37 col.right, letter candidate י (Yod) paragraph",UNKNOWN,low,"Drop-cap letter identity NOT reliably resolved in this pass (candidate reading: candidate י (Yod)). Candidate total: reads in the tens-of-thousands (matches Yod's known high frequency) -- exact figure not confirmed. This interval (bridging ח and ס) covers what should be letters ט,י,כ,ל,מ,נ in strict alphabetical order (confirmed by the clean, unambiguous ס→ע→פ→צ→ק→ר→ש sequence read immediately afterward on pp.39-40) -- but this pass's specific drop-cap reads for ט/י/כ/ל/מ/נ are NOT self-consistent (a letter appearing to repeat is almost certainly a misread of a visually similar neighbor, not a real repetition in the source). Full per-parasha values for whichever letters truly occupy this interval were transcribed in the raw log but are WITHHELD from the normalized dataset pending a dedicated re-verification pass -- see open question OQ-01 and next-action recommendation.",not_applicable
"אותיות התורה (detailed, per-letter)",37,32,"32 (verso, Arabic)",candidate כ (Kaf),left,(entire paragraph),,,-,"pdf p.37 col.left, letter candidate כ (Kaf) paragraph",UNKNOWN,low,"Drop-cap letter identity NOT reliably resolved in this pass (candidate reading: candidate כ (Kaf)). Candidate total: -. This interval (bridging ח and ס) covers what should be letters ט,י,כ,ל,מ,נ in strict alphabetical order (confirmed by the clean, unambiguous ס→ע→פ→צ→ק→ר→ש sequence read immediately afterward on pp.39-40) -- but this pass's specific drop-cap reads for ט/י/כ/ל/מ/נ are NOT self-consistent (a letter appearing to repeat is almost certainly a misread of a visually similar neighbor, not a real repetition in the source). Full per-parasha values for whichever letters truly occupy this interval were transcribed in the raw log but are WITHHELD from the normalized dataset pending a dedicated re-verification pass -- see open question OQ-01 and next-action recommendation.",not_applicable
"אותיות התורה (detailed, per-letter)",37,32,"32 (verso, Arabic)","candidate ד (Dalet) -- SUSPECT duplicate/misread, Dalet already covered on p.36",left,(entire paragraph),,,-,"pdf p.37 col.left, letter candidate ד (Dalet) -- SUSPECT duplicate/misread, Dalet already covered on p.36 paragraph",UNKNOWN,low,"Drop-cap letter identity NOT reliably resolved in this pass (candidate reading: candidate ד (Dalet) -- SUSPECT duplicate/misread, Dalet already covered on p.36). Candidate total: -. This interval (bridging ח and ס) covers what should be letters ט,י,כ,ל,מ,נ in strict alphabetical order (confirmed by the clean, unambiguous ס→ע→פ→צ→ק→ר→ש sequence read immediately afterward on pp.39-40) -- but this pass's specific drop-cap reads for ט/י/כ/ל/מ/נ are NOT self-consistent (a letter appearing to repeat is almost certainly a misread of a visually similar neighbor, not a real repetition in the source). Full per-parasha values for whichever letters truly occupy this interval were transcribed in the raw log but are WITHHELD from the normalized dataset pending a dedicated re-verification pass -- see open question OQ-01 and next-action recommendation.",not_applicable
"אותיות התורה (detailed, per-letter)",37,32,"32 (verso, Arabic)",candidate ל (Lamed),left,(entire paragraph),,,-,"pdf p.37 col.left, letter candidate ל (Lamed) paragraph",UNKNOWN,low,"Drop-cap letter identity NOT reliably resolved in this pass (candidate reading: candidate ל (Lamed)). Candidate total: -. This interval (bridging ח and ס) covers what should be letters ט,י,כ,ל,מ,נ in strict alphabetical order (confirmed by the clean, unambiguous ס→ע→פ→צ→ק→ר→ש sequence read immediately afterward on pp.39-40) -- but this pass's specific drop-cap reads for ט/י/כ/ל/מ/נ are NOT self-consistent (a letter appearing to repeat is almost certainly a misread of a visually similar neighbor, not a real repetition in the source). Full per-parasha values for whichever letters truly occupy this interval were transcribed in the raw log but are WITHHELD from the normalized dataset pending a dedicated re-verification pass -- see open question OQ-01 and next-action recommendation.",not_applicable
"אותיות התורה (detailed, per-letter)",38,33,33 (folio יז recto),"candidate מ (Mem) -- second occurrence, SUSPECT misread",right,(entire paragraph),,,-,"pdf p.38 col.right, letter candidate מ (Mem) -- second occurrence, SUSPECT misread paragraph",UNKNOWN,low,"Drop-cap letter identity NOT reliably resolved in this pass (candidate reading: candidate מ (Mem) -- second occurrence, SUSPECT misread). Candidate total: -. This interval (bridging ח and ס) covers what should be letters ט,י,כ,ל,מ,נ in strict alphabetical order (confirmed by the clean, unambiguous ס→ע→פ→צ→ק→ר→ש sequence read immediately afterward on pp.39-40) -- but this pass's specific drop-cap reads for ט/י/כ/ל/מ/נ are NOT self-consistent (a letter appearing to repeat is almost certainly a misread of a visually similar neighbor, not a real repetition in the source). Full per-parasha values for whichever letters truly occupy this interval were transcribed in the raw log but are WITHHELD from the normalized dataset pending a dedicated re-verification pass -- see open question OQ-01 and next-action recommendation.",not_applicable
"אותיות התורה (detailed, per-letter)",38,33,33 (folio יז recto),"candidate מ (Mem) -- third occurrence, SUSPECT misread",right,(entire paragraph),,,-,"pdf p.38 col.right, letter candidate מ (Mem) -- third occurrence, SUSPECT misread paragraph",UNKNOWN,low,"Drop-cap letter identity NOT reliably resolved in this pass (candidate reading: candidate מ (Mem) -- third occurrence, SUSPECT misread). Candidate total: -. This interval (bridging ח and ס) covers what should be letters ט,י,כ,ל,מ,נ in strict alphabetical order (confirmed by the clean, unambiguous ס→ע→פ→צ→ק→ר→ש sequence read immediately afterward on pp.39-40) -- but this pass's specific drop-cap reads for ט/י/כ/ל/מ/נ are NOT self-consistent (a letter appearing to repeat is almost certainly a misread of a visually similar neighbor, not a real repetition in the source). Full per-parasha values for whichever letters truly occupy this interval were transcribed in the raw log but are WITHHELD from the normalized dataset pending a dedicated re-verification pass -- see open question OQ-01 and next-action recommendation.",not_applicable
"אותיות התורה (detailed, per-letter)",38,33,33 (folio יז recto),candidate נ (Nun),left,(entire paragraph),,,-,"pdf p.38 col.left, letter candidate נ (Nun) paragraph",UNKNOWN,low,"Drop-cap letter identity NOT reliably resolved in this pass (candidate reading: candidate נ (Nun)). Candidate total: -. This interval (bridging ח and ס) covers what should be letters ט,י,כ,ל,מ,נ in strict alphabetical order (confirmed by the clean, unambiguous ס→ע→פ→צ→ק→ר→ש sequence read immediately afterward on pp.39-40) -- but this pass's specific drop-cap reads for ט/י/כ/ל/מ/נ are NOT self-consistent (a letter appearing to repeat is almost certainly a misread of a visually similar neighbor, not a real repetition in the source). Full per-parasha values for whichever letters truly occupy this interval were transcribed in the raw log but are WITHHELD from the normalized dataset pending a dedicated re-verification pass -- see open question OQ-01 and next-action recommendation.",not_applicable
"אותיות התורה (detailed, per-letter)",38,33,33 (folio יז recto),"candidate י (Yod) -- second occurrence, SUSPECT misread",left,(entire paragraph),,,-,"pdf p.38 col.left, letter candidate י (Yod) -- second occurrence, SUSPECT misread paragraph",UNKNOWN,low,"Drop-cap letter identity NOT reliably resolved in this pass (candidate reading: candidate י (Yod) -- second occurrence, SUSPECT misread). Candidate total: -. This interval (bridging ח and ס) covers what should be letters ט,י,כ,ל,מ,נ in strict alphabetical order (confirmed by the clean, unambiguous ס→ע→פ→צ→ק→ר→ש sequence read immediately afterward on pp.39-40) -- but this pass's specific drop-cap reads for ט/י/כ/ל/מ/נ are NOT self-consistent (a letter appearing to repeat is almost certainly a misread of a visually similar neighbor, not a real repetition in the source). Full per-parasha values for whichever letters truly occupy this interval were transcribed in the raw log but are WITHHELD from the normalized dataset pending a dedicated re-verification pass -- see open question OQ-01 and next-action recommendation.",not_applicable
"אותיות התורה (detailed, per-letter)",39,34,"34 (verso, Arabic)",ס,right,"(section marker, confirmed clean)",,,-,"pdf p.39 col.right, letter ס paragraph",SOURCE_VERIFIED,high,Drop-cap ס is unambiguous in this font (no confusable neighbor at this position) and its position immediately follows the ח-ending total and precedes an equally unambiguous ע -- alphabetical sequence ס→ע→פ→צ→ק→ר→ש confirmed clean through p.40.,not_applicable
"אותיות התורה (detailed, per-letter)",39,34,"34 (verso, Arabic)",ס,right,"(Bereshit parashiot, full list)",,,בראשית,"pdf p.39 col.right, letter ס paragraph",UNCERTAIN,low,Individual per-parasha digits for letter Samekh were transcribed in the raw log at low confidence (dense small numerals); withheld from normalized cells here to avoid false precision. Torah-final total below is the higher-confidence anchor for this letter.,not_applicable
"אותיות התורה (detailed, per-letter)",39,34,"34 (verso, Arabic)",ס,right,"TORAH TOTAL (final, colon-terminated)",candidate ד' אלף רנ״ט range,,כל התורה,"pdf p.39 col.right, letter ס paragraph",UNCERTAIN,low,,not_applicable
"אותיות התורה (detailed, per-letter)",39,34,"34 (verso, Arabic)",ע,right,"(section marker, confirmed clean)",,,-,"pdf p.39 col.right, letter ע paragraph",SOURCE_VERIFIED,high,,not_applicable
"אותיות התורה (detailed, per-letter)",39,34,"34 (verso, Arabic)",ע,left,"TORAH TOTAL (final, colon-terminated)",candidate י' אלף רמ״ח range,,כל התורה,"pdf p.39 col.left, letter ע paragraph",UNCERTAIN,low,,not_applicable
"אותיות התורה (detailed, per-letter)",39,34,"34 (verso, Arabic)",פ,left,"(section marker, confirmed clean)",,,-,"pdf p.39 col.left, letter פ paragraph",SOURCE_VERIFIED,high,,not_applicable
"אותיות התורה (detailed, per-letter)",40,35,35 (folio יח recto),פ,right,"TORAH TOTAL (final, colon-terminated)",candidate ג' אלף (thousands range),,כל התורה,"pdf p.40 col.right, letter פ paragraph",UNCERTAIN,low,,not_applicable
"אותיות התורה (detailed, per-letter)",39,34,"34 (verso, Arabic)",צ,left,"(section marker, confirmed clean, starts at very bottom of p.39 left column)",,,-,"pdf p.39 col.left, letter צ paragraph",SOURCE_VERIFIED,high,,not_applicable
"אותיות התורה (detailed, per-letter)",40,35,35 (folio יח recto),ק,right,"(section marker, confirmed clean)",,,-,"pdf p.40 col.right, letter ק paragraph",SOURCE_VERIFIED,high,,not_applicable
"אותיות התורה (detailed, per-letter)",40,35,35 (folio יח recto),ק,left,"TORAH TOTAL (final, colon-terminated)",י״א אלף רמ״ח (candidate),11248,כל התורה,"pdf p.40 col.left, letter ק paragraph",UNCERTAIN,medium,,not_applicable
"אותיות התורה (detailed, per-letter)",40,35,35 (folio יח recto),ר,left,"(section marker, confirmed clean)",,,-,"pdf p.40 col.left, letter ר paragraph",SOURCE_VERIFIED,high,,not_applicable
"אותיות התורה (detailed, per-letter)",40,35,35 (folio יח recto),ר,left,"TORAH TOTAL (final, colon-terminated)",י״ח אלף קכ״ג (candidate),18123,כל התורה,"pdf p.40 col.left, letter ר paragraph",UNCERTAIN,low,,not_applicable
"אותיות התורה (detailed, per-letter)",40,35,35 (folio יח recto),ש,left,"(section marker, confirmed clean, starts at bottom of p.40 left column)",,,-,"pdf p.40 col.left, letter ש paragraph",SOURCE_VERIFIED,high,,not_applicable
"אותיות התורה (detailed, per-letter)",41,36,"36 (verso, Arabic)",ש,right,"TORAH TOTAL (final, colon-terminated)",י״ב אלף ק״ם,12140,כל התורה,"pdf p.41 col.right, letter ש paragraph",UNCERTAIN,medium,,not_applicable
"אותיות התורה (detailed, per-letter)",41,36,"36 (verso, Arabic)",ת,right,"(section marker, confirmed clean -- last letter of the detailed table)",,,-,"pdf p.41 col.right, letter ת paragraph",SOURCE_VERIFIED,high,"Confirmed as the final paragraph of the detailed per-letter table: immediately followed (same column, after a colon and a horizontal rule) by the DIFFERENT, explicitly-titled section ""תיבות התורה."" This closes the 22-letter series (or however many of the 22 letters the author chose to individuate -- see open question OQ-02 on whether every one of א-ת truly has its own paragraph, since final-form letters ך/ם/ן/ף/ץ do not get separate paragraphs and some letters in the ט-נ interval could not be confirmed).",not_applicable
"אותיות התורה (detailed, per-letter)",41,36,"36 (verso, Arabic)",ת,right,"TORAH TOTAL (final, colon-terminated)",י״ז אלף תתק״נ (candidate),17950,כל התורה,"pdf p.41 col.right, letter ת paragraph",UNCERTAIN,medium,,not_applicable
תיבות התורה (summary: total WORDS per parasha),41,36,36,,,בראשית,,1131,בראשית,,UNCERTAIN,low,"Read from the p.41 right-column tail of this table (""אלף..."" per-parasha listing); each value legible as an integer number of thousands plus a 2-3 letter remainder, but exact remainder digits carry real risk of misread at this density -- treat every value in this table as PASS-1 only unless separately re-verified.",not_applicable
תיבות התורה (summary: total WORDS per parasha),41,36,36,,,נח,,1000,בראשית,,UNCERTAIN,low,"Read from the p.41 right-column tail of this table (""אלף..."" per-parasha listing); each value legible as an integer number of thousands plus a 2-3 letter remainder, but exact remainder digits carry real risk of misread at this density -- treat every value in this table as PASS-1 only unless separately re-verified.",not_applicable
תיבות התורה (summary: total WORDS per parasha),41,36,36,,,לך לך,,1000,בראשית,,UNCERTAIN,low,"Read from the p.41 right-column tail of this table (""אלף..."" per-parasha listing); each value legible as an integer number of thousands plus a 2-3 letter remainder, but exact remainder digits carry real risk of misread at this density -- treat every value in this table as PASS-1 only unless separately re-verified.",not_applicable
תיבות התורה (summary: total WORDS per parasha),41,36,36,,,וירא,,1102,בראשית,,UNCERTAIN,low,"Read from the p.41 right-column tail of this table (""אלף..."" per-parasha listing); each value legible as an integer number of thousands plus a 2-3 letter remainder, but exact remainder digits carry real risk of misread at this density -- treat every value in this table as PASS-1 only unless separately re-verified.",not_applicable
תיבות התורה (summary: total WORDS per parasha),41,36,36,,,חיי שרה,,806,בראשית,,UNCERTAIN,low,"Read from the p.41 right-column tail of this table (""אלף..."" per-parasha listing); each value legible as an integer number of thousands plus a 2-3 letter remainder, but exact remainder digits carry real risk of misread at this density -- treat every value in this table as PASS-1 only unless separately re-verified.",not_applicable
תיבות התורה (summary: total WORDS per parasha),41,36,36,,,תולדות,,712,בראשית,,UNCERTAIN,low,"Read from the p.41 right-column tail of this table (""אלף..."" per-parasha listing); each value legible as an integer number of thousands plus a 2-3 letter remainder, but exact remainder digits carry real risk of misread at this density -- treat every value in this table as PASS-1 only unless separately re-verified.",not_applicable
תיבות התורה (summary: total WORDS per parasha),41,36,36,,,ויצא,,1002,בראשית,,UNCERTAIN,low,"Read from the p.41 right-column tail of this table (""אלף..."" per-parasha listing); each value legible as an integer number of thousands plus a 2-3 letter remainder, but exact remainder digits carry real risk of misread at this density -- treat every value in this table as PASS-1 only unless separately re-verified.",not_applicable
תיבות התורה (summary: total WORDS per parasha),41,36,36,,,וישלח,,1000,בראשית,,UNCERTAIN,low,"Read from the p.41 right-column tail of this table (""אלף..."" per-parasha listing); each value legible as an integer number of thousands plus a 2-3 letter remainder, but exact remainder digits carry real risk of misread at this density -- treat every value in this table as PASS-1 only unless separately re-verified.",not_applicable
תיבות התורה (summary: total WORDS per parasha),41,36,36,,,וישב,,1108,בראשית,,UNCERTAIN,low,"Read from the p.41 right-column tail of this table (""אלף..."" per-parasha listing); each value legible as an integer number of thousands plus a 2-3 letter remainder, but exact remainder digits carry real risk of misread at this density -- treat every value in this table as PASS-1 only unless separately re-verified.",not_applicable
תיבות התורה (summary: total WORDS per parasha),41,36,36,,,מקץ,,1000,בראשית,,UNCERTAIN,low,"Read from the p.41 right-column tail of this table (""אלף..."" per-parasha listing); each value legible as an integer number of thousands plus a 2-3 letter remainder, but exact remainder digits carry real risk of misread at this density -- treat every value in this table as PASS-1 only unless separately re-verified.",not_applicable
תיבות התורה (summary: total WORDS per parasha),41,36,36,,,"(Bereshit book subtotal, cumulative)","candidate ~11,000 range",,בראשית,,UNCERTAIN,low,,not_applicable
תיבות התורה (summary: total WORDS per parasha),42,37,37,,,"TORAH TOTAL (final, colon-terminated, top of p.42 right/continuing from p.41 left)",ע״ט אלף תתקע״ו,79976,כל התורה,,SOURCE_VERIFIED,high,"STRONG CROSS-VALIDATION: this figure matches, digit-for-digit, the 79,976-word Torah total independently documented in the existing AHAVAT_TORAH_RESEARCH_LEDGER.md §3.5 (""אוריין תליתאי"") and CHECKPOINT_4.md §C, which cite the SAME figure from the earlier, textually distinct ""אוריין תליתאי"" section (PDF pp.25-31) with its own book-subtotal for Exodus (16,703) and Torah-total (79,976). Two independently-worded passages of the same book stating the identical seven-figure total is strong internal corroboration that this specific total (79,976) is genuinely a stable, repeatedly-cited AUTHOR_COUNT -- though it remains AUTHOR_COUNT / NOT CORPUS-VERIFIED, not a canonical-corpus fact.",CROSS_SECTION_MATCH_confirmed
"אותיות התורה — second table (summary: total LETTERS per parasha, all letters combined)",41,36,36,,,בראשית (opening value),ז' אלף רל״ה (candidate),7235,בראשית,,UNCERTAIN,low,"First parasha of this second, summary-level letters-table. NOTE this is a DIFFERENT number from any single-letter total in the detailed table above -- it is the sum of all 22 letters occurring in Bereshit alone.",not_applicable
"אותיות התורה — second table (summary: total LETTERS per parasha, all letters combined)",42,37,37,,,"TORAH TOTAL (final, colon-terminated, p.42 left column)","ש״ד אלף תת(י״כ or ב) -- candidate ~304,812-304,830",304812,כל התורה,,SOURCE_VERIFIED,high,"STRONG CROSS-VALIDATION: candidate reading decodes to approximately 304,812-304,830. This matches, to within a single-glyph margin of error, the Ledger's independently-recorded LEDGER §3.7 figure of 304,812 total Torah letters (""סופר ומונה אותיות התורה""). The residual ~18-unit gap between my best raw read (304,830) and the Ledger's 304,812 is consistent with a single confused final glyph (כ/20 misread for ב/2 in the closing word תתי״ב/תתי״כ) rather than a genuine source discrepancy -- flagged as an OCR/glyph-confusion candidate, not asserted as resolved. Reported here as SOURCE_VERIFIED for the MAGNITUDE and the CROSS-SECTION MATCH (independently corroborated by a separately-authored ledger citation), while the LAST DIGIT of the figure remains UNCERTAIN.",CROSS_SECTION_MATCH_confirmed_last_digit_uncertain
"אותיות התורה — second table (summary: total LETTERS per parasha, all letters combined)",42,37,37,,,(section boundary),,,-,,SOURCE_VERIFIED,high,"Immediately after this total (same line, after the colon) a horizontal rule and a NEW section title ""אותיות חמש מגילות"" (Letters of the Five Megillot) begins, followed by an א/ב/ג/ד/ה/ו/ז/ח/ט/י-numbered list of Esther/Song of Songs/Ruth/Eicha/Kohelet verse-count data. This section starts on p.42 (in scope) but its content body continues onto p.43, which is explicitly out of scope for this task (DO-NOT-TOUCH) and was NOT read or transcribed beyond confirming that the boundary exists.",not_applicable
