filename,repo_path,artifact_group,phase_or_task,row_count,research_status,provenance,canonical_or_candidate,sha256,checksum_verified,row_count_verified,notes
gematria_words_high_trust_candidates.csv,docs/research-archive/2026-08-22-research-snapshot/era1-corpus-dna-whatsapp-intake/gematria_words_high_trust_candidates.csv,WhatsApp high-trust candidates,Corpus DNA — WhatsApp intake (era 1),293,SCRATCHPAD_ONLY,"scratchpad session scratchpad (this session, 2026-08-22)",candidate,278d812f7c020d839f3514feec2358466fa4e097dfb241216cd99d0ddfb1cdea,MATCH,MATCH,
gematria_words_whatsapp_unconnected.csv,docs/research-archive/2026-08-22-research-snapshot/era1-corpus-dna-whatsapp-intake/gematria_words_whatsapp_unconnected.csv,WhatsApp unconnected rows,Corpus DNA — WhatsApp intake (era 1),254,SCRATCHPAD_ONLY,"scratchpad session scratchpad (this session, 2026-08-22)",candidate,d19ae0fca0dc996702046c67abde372e7ea40904f79d9e40a9170c0c25f9b652,MATCH,MATCH,
gematria_words_wa_classified.csv,docs/research-archive/2026-08-22-research-snapshot/era1-corpus-dna-whatsapp-intake/gematria_words_wa_classified.csv,WhatsApp classified rows,Corpus DNA — WhatsApp intake (era 1),254,SCRATCHPAD_ONLY,"scratchpad session scratchpad (this session, 2026-08-22)",candidate,7d7a6647ca3d9ffde2b45df613be3778825c6091742f99112184e6b3fc30c1d1,MATCH,MATCH,
gematria_words_whatsapp_full_audit.csv,docs/research-archive/2026-08-22-research-snapshot/era1-corpus-dna-whatsapp-intake/gematria_words_whatsapp_full_audit.csv,WhatsApp full audit trail,Corpus DNA — WhatsApp intake (era 1),330,SCRATCHPAD_ONLY,"scratchpad session scratchpad (this session, 2026-08-22)",candidate,fe03fb74962bc6506126ea040fb374aeae69b36fd53ddd12eaa4f44715a24f9b,MATCH,MATCH,
classification_canonical_core.csv,docs/research-archive/2026-08-22-research-snapshot/era1-classification-batches-superseded/classification_canonical_core.csv,Classification batch: canonical-core,Corpus DNA — component classification batches (era 1),783,SUPERSEDED,"scratchpad session scratchpad (this session, 2026-08-22)",candidate (intermediate),1131cbe6c25d37b1034bd26594f8dd86f458a82bc8645975a2bb0f68a72c9f07,MATCH,MATCH,absorbed into MASTER_CLASSIFICATION_v3.csv
classification_raw_docx.csv,docs/research-archive/2026-08-22-research-snapshot/era1-classification-batches-superseded/classification_raw_docx.csv,Classification batch: raw-docx-import,Corpus DNA — component classification batches (era 1),7317,SUPERSEDED,"scratchpad session scratchpad (this session, 2026-08-22)",candidate (intermediate),ed45cd9c69750bc97847ce9186b6580f7e2c4c2160fb3604c1dca12b0a67748b,MATCH,MATCH,absorbed into MASTER_CLASSIFICATION_v3.csv
classification_contrib_events.csv,docs/research-archive/2026-08-22-research-snapshot/era1-classification-batches-superseded/classification_contrib_events.csv,Classification batch: contribution-events,Corpus DNA — component classification batches (era 1),1120,SUPERSEDED,"scratchpad session scratchpad (this session, 2026-08-22)",candidate (intermediate),faa86029101351061ba9dac0fdc86a38c4b82c87afac6a19328a18e0fda21352,MATCH,MATCH,absorbed into MASTER_CLASSIFICATION_v3.csv
classification_excel_import.csv,docs/research-archive/2026-08-22-research-snapshot/era1-classification-batches-superseded/classification_excel_import.csv,Classification batch: excel-import,Corpus DNA — component classification batches (era 1),5883,SUPERSEDED,"scratchpad session scratchpad (this session, 2026-08-22)",candidate (intermediate),04c918432f538c032135d4a5b761fe3f428aacbcc00ee05b145f250457602dce,MATCH,MATCH,absorbed into MASTER_CLASSIFICATION_v3.csv
classification_messianic_cluster.csv,docs/research-archive/2026-08-22-research-snapshot/era1-classification-batches-superseded/classification_messianic_cluster.csv,Classification batch: messianic-cluster,Corpus DNA — component classification batches (era 1),192,SUPERSEDED,"scratchpad session scratchpad (this session, 2026-08-22)",candidate (intermediate),4b6793eeed47defcd1436b5c49d6ca594019d2bcc8ef123581fd9a183c27730e,MATCH,MATCH,absorbed into MASTER_CLASSIFICATION_v3.csv
classification_low_confidence_resolved.csv,docs/research-archive/2026-08-22-research-snapshot/era1-classification-batches-superseded/classification_low_confidence_resolved.csv,Classification batch: low-confidence-resolved,Corpus DNA — component classification batches (era 1),986,SUPERSEDED,"scratchpad session scratchpad (this session, 2026-08-22)",candidate (intermediate),c4d9c3e866b477073dfd6bf666b958ac1be6497a7d41d3ae22a86394b8875d35,MATCH,MATCH,absorbed into MASTER_CLASSIFICATION_v3.csv
STEP2_ambiguous62_resolved.csv,docs/research-archive/2026-08-22-research-snapshot/era1-classification-batches-superseded/STEP2_ambiguous62_resolved.csv,Master Classification build step 2,Master Classification build steps (era 1),62,SUPERSEDED,"scratchpad session scratchpad (this session, 2026-08-22)",candidate (intermediate),7b537d18e93dec4c7a133963d6ae42bdd73e71dd0fd7dc93a5b9d65ec5953e4a,MATCH,MATCH,absorbed into MASTER_CLASSIFICATION_v3.csv
STEP3_whatsapp_structured.csv,docs/research-archive/2026-08-22-research-snapshot/era1-classification-batches-superseded/STEP3_whatsapp_structured.csv,Master Classification build step 3,Master Classification build steps (era 1),330,SUPERSEDED,"scratchpad session scratchpad (this session, 2026-08-22)",candidate (intermediate),1ace5da4805e0b30ca76e38107e4c2af955c114a98d9521fbaed0aaf5648575c,MATCH,MATCH,absorbed into MASTER_CLASSIFICATION_v3.csv
method_mentions_enrichment.csv,docs/research-archive/2026-08-22-research-snapshot/era1-classification-batches-superseded/method_mentions_enrichment.csv,Method mentions enrichment (pre-classification),Method Mentions — Enrichment Audit (era 1),796,SUPERSEDED,"scratchpad session scratchpad (this session, 2026-08-22)",candidate (intermediate),456f2dc51195a3454bdcac7a619ab0d59c821f2d7686ebda728a7272edb9efb9,MATCH,MATCH,absorbed into METHOD_MENTIONS_CLASSIFIED.csv
MASTER_CLASSIFICATION.csv,docs/research-archive/2026-08-22-research-snapshot/era1-master-classification/MASTER_CLASSIFICATION.csv,Master Classification v1,Corpus DNA — Master Classification (era 1),15433,SUPERSEDED,"scratchpad session scratchpad (this session, 2026-08-22)",candidate,7b5093dce7ab3afea0a8e6c7995c3937e4a8fee2fcd8cf529a0f448b62c72a3f,MATCH,MATCH,superseded by v3
MASTER_CLASSIFICATION_v2.csv,docs/research-archive/2026-08-22-research-snapshot/era1-master-classification/MASTER_CLASSIFICATION_v2.csv,Master Classification v2,Corpus DNA — Master Classification (era 1),15433,SUPERSEDED,"scratchpad session scratchpad (this session, 2026-08-22)",candidate,5115dd62defcbe9355085f1fc7e544b1c7b8ab0136da60e731bcb175d5d737dd,MATCH,MATCH,superseded by v3
MASTER_CLASSIFICATION_v3.csv,docs/research-archive/2026-08-22-research-snapshot/era1-master-classification/MASTER_CLASSIFICATION_v3.csv,"Master Classification v3 (FINAL — 15,433 rows, ZERO live-DB footprint)",Corpus DNA — Master Classification FINAL (era 1),15433,SCRATCHPAD_ONLY,"scratchpad session scratchpad (this session, 2026-08-22)","candidate (extensive, unreviewed)",efa8a93aa3b0c63add799338f33be2238db60bc5292634aab1fba5cdbc90757f,MATCH,MATCH,single largest / highest-value artifact of the whole session; explicitly required present+reproducible per Zuriel instruction
HUMAN_GATE_conflicts.csv,docs/research-archive/2026-08-22-research-snapshot/era1-human-gate/HUMAN_GATE_conflicts.csv,Human-Gate conflicts (120),Corpus DNA — Human-Gate (era 1),120,PARTIALLY_PERSISTED,"scratchpad session scratchpad (this session, 2026-08-22)",candidate,d532bde0c5528c9fdf40a4c06bd21e0c430e2b51ced81ff1fa73302080f1032a,MATCH,MATCH,counts/resolution method in work_log; per-conflict detail only here
HUMAN_GATE_ambiguous_enrichment.csv,docs/research-archive/2026-08-22-research-snapshot/era1-human-gate/HUMAN_GATE_ambiguous_enrichment.csv,Human-Gate ambiguous enrichment (62),Corpus DNA — Human-Gate (era 1),62,SCRATCHPAD_ONLY,"scratchpad session scratchpad (this session, 2026-08-22)",candidate,68295ea3393e9e876aca48edb1e9e7ac24b2c976a0b17e9972c27d91ff288185,MATCH,MATCH,cited as methodological precedent in Numeric Language Phase 5
HUMAN_GATE_FINAL.csv,docs/research-archive/2026-08-22-research-snapshot/era1-human-gate/HUMAN_GATE_FINAL.csv,Human-Gate closing summary,Corpus DNA — Closing Sequence (era 1),4,PARTIALLY_PERSISTED,"scratchpad session scratchpad (this session, 2026-08-22)",awaiting Zuriel,8d1ae28d53c8e46e24c5c8d5b65b3cc4e0607e50e926f3dd3a1a851922b6d0f9,MATCH,MATCH,
CORPUS_DNA_GAPS.csv,docs/research-archive/2026-08-22-research-snapshot/era1-human-gate/CORPUS_DNA_GAPS.csv,Corpus DNA gaps,Corpus DNA — Closing Sequence (era 1),10,SCRATCHPAD_ONLY,"scratchpad session scratchpad (this session, 2026-08-22)",findings,395434e01cf34df05eed457ea3e1a1c33d83de20c5d42c616641cae565576e89,MATCH,MATCH,
METHOD_MENTIONS_CLASSIFIED.csv,docs/research-archive/2026-08-22-research-snapshot/era1-method-mentions/METHOD_MENTIONS_CLASSIFIED.csv,Method mentions classified (797),Method Mentions Phase 2 (era 1) — reused in era 2,796,SCRATCHPAD_ONLY,"scratchpad session scratchpad (this session, 2026-08-22)","candidate (extensive, unreviewed)",a808d7525fb77a0e58b1fbdc55aa1c137cb96e00b6d528e415aa4df349a217bc,MATCH,MATCH,load-bearing: reused as source by Numeric Language Phase 5 + Methods Expansion Phase 1
METHOD_MENTIONS_HUMAN_GATE.csv,docs/research-archive/2026-08-22-research-snapshot/era1-method-mentions/METHOD_MENTIONS_HUMAN_GATE.csv,Method mentions Human-Gate flags (240),Method Mentions Phase 2 (era 1),240,SCRATCHPAD_ONLY,"scratchpad session scratchpad (this session, 2026-08-22)",candidate,f61d810b175a317371d31e5927cc4ded9d071257f31c8ac12c862a4875554fbd,MATCH,MATCH,
METHOD_CANDIDATES_RESOLVED.csv,docs/research-archive/2026-08-22-research-snapshot/era1-method-mentions/METHOD_CANDIDATES_RESOLVED.csv,"Method name candidates (ר""ת/ס""ת/ישר-והפוך)",Method Mentions Phase 3 (era 1) — seed of Methods Expansion Phase 1,3,SCRATCHPAD_ONLY,"scratchpad session scratchpad (this session, 2026-08-22)",candidate (insufficient_definition),c2940c2a20e8b9322d5eae3a28456a70449359b669647f2e569fb5b0b77ce630,MATCH,MATCH,"only record of the ר""ת=644 anchor-cluster finding"
METHOD_MISMATCH_PATTERNS.csv,docs/research-archive/2026-08-22-research-snapshot/era1-method-mentions/METHOD_MISMATCH_PATTERNS.csv,Method mismatch patterns (225),Method Mentions Phase 3 (era 1),225,SCRATCHPAD_ONLY,"scratchpad session scratchpad (this session, 2026-08-22)",findings,5a4f8759c2f324ceb2918612261e1256c3a05a75ce8964feebf90d6e89931884,MATCH,MATCH,
METHOD_CLAIMS_PHASE3.csv,docs/research-archive/2026-08-22-research-snapshot/era1-method-mentions/METHOD_CLAIMS_PHASE3.csv,Method claims Phase 3 (797),Method Mentions Phase 3 (era 1) — reused in era 2,796,SCRATCHPAD_ONLY,"scratchpad session scratchpad (this session, 2026-08-22)",candidate,ca866c835e62878ae1d524baa4d437fc4d3a12ea93738dadd016894c47dbaeef,MATCH,MATCH,reused as source by Numeric Language Phase 5
numeric_word_phrases_audit.csv,docs/research-archive/2026-08-22-research-snapshot/era1-numeric-year-audits/numeric_word_phrases_audit.csv,Numeric word phrases audit (570),era 1 source data — reused as Numeric Language Phase 5 seed,570,SCRATCHPAD_ONLY,"scratchpad session scratchpad (this session, 2026-08-22)",candidate,eb0d35fde858fd2a0cb1bb39b975d6c35a613c3a4c018ad727a0ec7a332bbfae,MATCH,MATCH,sole source for the 75/148/776 organic-corpus rediscovery
year_time_audit.csv,docs/research-archive/2026-08-22-research-snapshot/era1-numeric-year-audits/year_time_audit.csv,Year/time audit (111),era 1 source data — reused in Numeric Language Phase 5,111,SCRATCHPAD_ONLY,"scratchpad session scratchpad (this session, 2026-08-22)",candidate,6223ce485663b246b906fef929a7b6a457d01e9ce543e5f2caad4351854507a3,MATCH,MATCH,
messiah_research_package_full.csv,docs/research-archive/2026-08-22-research-snapshot/era1-messiah-research-package/messiah_research_package_full.csv,"Messiah/גאולה thematic research package (1,467)",Corpus DNA — thematic research package (era 1),1463,SCRATCHPAD_ONLY,"scratchpad session scratchpad (this session, 2026-08-22)",candidate,f1d4ec4645703420e9ead9f066c4eb319934fc2b64c9daea0e833b74a3830a2c,MATCH,MATCH,"large, zero live footprint, not re-verified this pass"
RESEARCH_DNA_ARCHITECTURE.md,docs/research-archive/2026-08-22-research-snapshot/era1-research-dna-architecture/RESEARCH_DNA_ARCHITECTURE.md,Research DNA v1 architecture proposal,Legacy → Research DNA Crosswalk (era 1),,PARTIALLY_PERSISTED,"scratchpad session scratchpad (this session, 2026-08-22)","design proposal, unreviewed",8fab8b65a8ac07c3674323f858f7b1496fdb48ba9477b516e9c518c4883b96c0,MATCH,MATCH,returned_to_zuriel_gpt_for_decision
RESEARCH_DNA_PROOF_OF_MODEL.md,docs/research-archive/2026-08-22-research-snapshot/era1-research-dna-architecture/RESEARCH_DNA_PROOF_OF_MODEL.md,Research DNA v1 proof of model (20 cases),Research DNA v1 — Proof of Model (era 1),,PARTIALLY_PERSISTED,"scratchpad session scratchpad (this session, 2026-08-22)","design proposal, unreviewed",e6866a94e68722381783b6be1d4038140968b9abb97ef829d323841580d7c350,MATCH,MATCH,
MULTIDIM_TEST_EXAMPLES.csv,docs/research-archive/2026-08-22-research-snapshot/era1-research-dna-architecture/MULTIDIM_TEST_EXAMPLES.csv,Multi-dimension test examples (20),Research DNA v1 (era 1),20,SCRATCHPAD_ONLY,"scratchpad session scratchpad (this session, 2026-08-22)",design-proposal supporting data,bd4deb187af6c0a0386e0e3d352a8945689eb8a94dc3691e0a0acb535c473678,MATCH,MATCH,
anchor_union.csv,docs/research-archive/2026-08-22-research-snapshot/era2-numeric-language-phase1/anchor_union.csv,61-anchor union list,Numeric Language Phase 1,61,SCRATCHPAD_ONLY,"scratchpad session scratchpad (this session, 2026-08-22)",derived reference list,ab454e7573c97e7d8475db2346c57ada0e0f54d4316bda81c86ce6cf8ba54d20,MATCH,MATCH,the 61 numbers themselves live in source tables; this is the derived union
NUMERIC_LANGUAGE_ANCHORS.csv,docs/research-archive/2026-08-22-research-snapshot/era2-numeric-language-phase1/NUMERIC_LANGUAGE_ANCHORS.csv,61-anchor generated forms + method values,Numeric Language Phase 1,61,SCRATCHPAD_ONLY,"scratchpad session scratchpad (this session, 2026-08-22)",candidate findings,6acf69b326afd356f0d441927388965a1d725012c274fa966edd436dba91dfaa,MATCH,MATCH,
NUMERIC_LANGUAGE_PHASE1_REPORT.md,docs/research-archive/2026-08-22-research-snapshot/era2-numeric-language-phase1/NUMERIC_LANGUAGE_PHASE1_REPORT.md,Numeric Language Phase 1 report,Numeric Language Phase 1,,SCRATCHPAD_ONLY,"scratchpad session scratchpad (this session, 2026-08-22)",candidate findings,8fb5362ca20d8f96001418517450a18bf2502678f5b9427b469c3cbc9b8551e1,MATCH,MATCH,
NUMERIC_CROSS_ANCHOR_NETWORK.csv,docs/research-archive/2026-08-22-research-snapshot/era2-numeric-language-phase2/NUMERIC_CROSS_ANCHOR_NETWORK.csv,Cross-anchor network (26 paths),Numeric Language Phase 2,26,SCRATCHPAD_ONLY,"scratchpad session scratchpad (this session, 2026-08-22)",candidate findings,fcdcdc7cc8b35b64c77e0911d589ff4ef02a859f9beb94770f8a05ba09246438,MATCH,MATCH,decision=NOT YET; superseded in scope by Phase 3
NUMERIC_CROSS_ANCHOR_NETWORK_REPORT.md,docs/research-archive/2026-08-22-research-snapshot/era2-numeric-language-phase2/NUMERIC_CROSS_ANCHOR_NETWORK_REPORT.md,Cross-anchor network report,Numeric Language Phase 2,,SCRATCHPAD_ONLY,"scratchpad session scratchpad (this session, 2026-08-22)",candidate findings,de847461a1d9f431351f78f3601a3bb6ac08a903240c0e9e441b6ffd263e7537,MATCH,MATCH,
raw_cross_anchor_paths.csv,docs/research-archive/2026-08-22-research-snapshot/era2-numeric-language-phase2/raw_cross_anchor_paths.csv,Raw cross-anchor paths (pre-dedup),Numeric Language Phase 2,26,SCRATCHPAD_ONLY,"scratchpad session scratchpad (this session, 2026-08-22)",candidate findings (raw),62104542122a6e925e0459af8bf87f4897482e683567bfce9cc0b029ffbc2e63,MATCH,MATCH,supporting raw data for NUMERIC_CROSS_ANCHOR_NETWORK.csv
NUMERIC_LANGUAGE_NETWORK_V1.csv,docs/research-archive/2026-08-22-research-snapshot/era2-numeric-language-phase3/NUMERIC_LANGUAGE_NETWORK_V1.csv,Full 61-anchor directed network (FINAL anchor-only result),Numeric Language Phase 3,26,SCRATCHPAD_ONLY,"scratchpad session scratchpad (this session, 2026-08-22)","candidate findings, decision NOT YET",bee6e7710065bba750293ec2e7902d1dba55ec2785b4d2e1a231b545868e8e15,MATCH,MATCH,nothing later fully supersedes this
NUMERIC_LANGUAGE_NETWORK_REPORT.md,docs/research-archive/2026-08-22-research-snapshot/era2-numeric-language-phase3/NUMERIC_LANGUAGE_NETWORK_REPORT.md,Numeric Language Phase 3 report,Numeric Language Phase 3,,SCRATCHPAD_ONLY,"scratchpad session scratchpad (this session, 2026-08-22)",candidate findings,e9c1b20e5dd307fc1ac27423fc04b7f84d1882058ae6cc19083851571b47b6b1,MATCH,MATCH,
PHASE4_SAMPLE_representative.csv,docs/research-archive/2026-08-22-research-snapshot/era2-numeric-language-phase4/PHASE4_SAMPLE_representative.csv,100-number stratified representative sample (aka NUMERIC_LANGUAGE_PHASE4_SAMPLE.csv),Numeric Language Phase 4,100,SCRATCHPAD_ONLY,"scratchpad session scratchpad (this session, 2026-08-22)",sampling frame + candidate findings,0f8bef3d66294285cc3993ff37f2b44235817d5b72ae5367d95e013e8bf1be17,MATCH,MATCH,irreplaceable without exact reseed (seed=1820)
NUMERIC_LANGUAGE_RESEARCH_INTEREST_SET.csv,docs/research-archive/2026-08-22-research-snapshot/era2-numeric-language-phase4/NUMERIC_LANGUAGE_RESEARCH_INTEREST_SET.csv,63 research-interest numbers + 3 Zuriel seeds (111/222/424),Numeric Language Phase 4 Addendum,63,SCRATCHPAD_ONLY,"scratchpad session scratchpad (this session, 2026-08-22)",candidate list,c1bdfb8603896b9e50ec851fc4f3e8e35ac115d3b9c76c3bc53a2a21c8bc2606,MATCH,MATCH,primary answer to audit item F/G; zero live footprint as a curated set
NUMERIC_LANGUAGE_PHASE4_PATHS.csv,docs/research-archive/2026-08-22-research-snapshot/era2-numeric-language-phase4/NUMERIC_LANGUAGE_PHASE4_PATHS.csv,Phase 4 path-level evidence (representative sample),Numeric Language Phase 4,290,SCRATCHPAD_ONLY,"scratchpad session scratchpad (this session, 2026-08-22)",candidate findings,5309cc81fd587aebd641759ada57aaa6c3e5e707ab8d86bc05e0b19285cd4bbe,MATCH,MATCH,
NUMERIC_LANGUAGE_RESEARCH_INTEREST_PATHS.csv,docs/research-archive/2026-08-22-research-snapshot/era2-numeric-language-phase4/NUMERIC_LANGUAGE_RESEARCH_INTEREST_PATHS.csv,Phase 4 path-level evidence (research-interest set),Numeric Language Phase 4 Addendum,120,SCRATCHPAD_ONLY,"scratchpad session scratchpad (this session, 2026-08-22)",candidate findings,834ca3c40a9ae68e74bb1320b24f2ec67c1757692be33b7c5c64b946a2089030,MATCH,MATCH,
NUMERIC_LANGUAGE_PHASE4_CONTROL.csv,docs/research-archive/2026-08-22-research-snapshot/era2-numeric-language-phase4/NUMERIC_LANGUAGE_PHASE4_CONTROL.csv,Control A baseline (fixed-offset pairing),Numeric Language Phase 4,160,SCRATCHPAD_ONLY,"scratchpad session scratchpad (this session, 2026-08-22)",control/baseline data,353a2c325e9b3c697ccb312e3be0a826463a87e64582ed71bb43e65419dccbd9,MATCH,MATCH,used to compute the ~9x lift finding
NUMERIC_LANGUAGE_PHASE4_REPORT.md,docs/research-archive/2026-08-22-research-snapshot/era2-numeric-language-phase4/NUMERIC_LANGUAGE_PHASE4_REPORT.md,Numeric Language Phase 4 + Addendum report,Numeric Language Phase 4 + Addendum,,PARTIALLY_PERSISTED,"scratchpad session scratchpad (this session, 2026-08-22)",decision report,058e2dc2b2e397c3eb697765dc67bec31a257376d7607bd4df330ab176043398,MATCH,MATCH,decision NOT YET (general) / YES-provisional (research-amplification)
NUMERIC_LANGUAGE_STRONG_NUMBERS_METHOD_SHEET.md,docs/research-archive/2026-08-22-research-snapshot/era2-strong-numbers/NUMERIC_LANGUAGE_STRONG_NUMBERS_METHOD_SHEET.md,"Strong Numbers method sheet (50 numbers x 2 forms x 13 methods = 1,300 values)",Strong Numbers Method Sheet,,SCRATCHPAD_ONLY,"scratchpad session scratchpad (this session, 2026-08-22)",reference sheet,79b9753bb06fadbb6aea765bb036dca16c2882922415053cc83806735bd1618e,MATCH,MATCH,
NUMBER_WORDS_RECONCILED.csv,docs/research-archive/2026-08-22-research-snapshot/era2-numeric-language-phase5/NUMBER_WORDS_RECONCILED.csv,Words→Number reconciliation (570),Numeric Language Phase 5,570,SCRATCHPAD_ONLY,"scratchpad session scratchpad (this session, 2026-08-22)",candidate findings,7b19604c0d9fb71bccbe7b247670a4e4875d8d717b7005fd8ec207150f8e7f9a,MATCH,MATCH,the 75/148/776 organic-corpus rediscovery
NUMBER_WORDS_AMBIGUOUS.csv,docs/research-archive/2026-08-22-research-snapshot/era2-numeric-language-phase5/NUMBER_WORDS_AMBIGUOUS.csv,Ambiguous words→number rows (22) — ready-to-review Human-Gate list,Numeric Language Phase 5,22,SCRATCHPAD_ONLY,"scratchpad session scratchpad (this session, 2026-08-22)",candidate + specific Human-Gate list,bb1dab94e590eed2133b73b2781f472f6e0c28a6e80a5364ed9e28c2f0794767,MATCH,MATCH,"e.g. Shema fragment=1118, Exodus 12:6 fragment=1820"
NUMBER_WORDS_RESEARCH_FINDINGS.csv,docs/research-archive/2026-08-22-research-snapshot/era2-numeric-language-phase5/NUMBER_WORDS_RESEARCH_FINDINGS.csv,Words→number research findings (120),Numeric Language Phase 5,120,SCRATCHPAD_ONLY,"scratchpad session scratchpad (this session, 2026-08-22)",candidate findings,50b5dd687ca775a9ff9455a548e760a3f1636dc47adf905fc6ac54844ca98f4d,MATCH,MATCH,
NUMBER_LANGUAGE_BIDIRECTIONAL_REPORT.md,docs/research-archive/2026-08-22-research-snapshot/era2-numeric-language-phase5/NUMBER_LANGUAGE_BIDIRECTIONAL_REPORT.md,Bidirectional reconciliation report,Numeric Language Phase 5,,PARTIALLY_PERSISTED,"scratchpad session scratchpad (this session, 2026-08-22)","candidate findings, decision NOT YET",77a3b8ccd0ecd04982f16f9b4d8a3340c82b18591304bda865ba2a165b6f1e5f,MATCH,MATCH,
NUMWORDS_GENERATED.csv,docs/research-archive/2026-08-22-research-snapshot/era2-numeric-language-phase5/NUMWORDS_GENERATED.csv,Generated number-word forms (Phase 5 support),Numeric Language Phase 5,61,SCRATCHPAD_ONLY,"scratchpad session scratchpad (this session, 2026-08-22)",candidate (intermediate),b34f9870503bc3909117b8fe2451ff870a89fbc52c4b5df7a0441eb62f93578f,MATCH,MATCH,
METHOD_EXPANSION_RESOLUTION.csv,docs/research-archive/2026-08-22-research-snapshot/era2-methods-expansion/METHOD_EXPANSION_RESOLUTION.csv,Method expansion resolution (39: 18 רת + 18 סת + 3 ישר-והפוך),Methods Expansion Phase 1,39,PARTIALLY_PERSISTED,"scratchpad session scratchpad (this session, 2026-08-22)",candidate (all 3 REMAIN_CANDIDATE),c64ff96c05dd39aa18e22e6c7ab94702fe1996bb2dcc7e858f1ab4424d7e1f4f,MATCH,MATCH,"answers audit item J; decision already REMAIN_CANDIDATE, logged in work_log"
METHOD_EXPANSION_REPORT.md,docs/research-archive/2026-08-22-research-snapshot/era2-methods-expansion/METHOD_EXPANSION_REPORT.md,Methods Expansion Phase 1 report,Methods Expansion Phase 1,,PARTIALLY_PERSISTED,"scratchpad session scratchpad (this session, 2026-08-22)",candidate,d7c6061eae170ebb91648aafbe9da4a76cec904039ea1cc222a0abd6061ce6c5,MATCH,MATCH,
WORDS_NAMES_IDENTITY_PROOF.csv,docs/research-archive/2026-08-22-research-snapshot/era2-words-names-identity/WORDS_NAMES_IDENTITY_PROOF.csv,35 word_aliases/language_bridge architecture-sufficiency test cases,Words/Names/Aliases Phase 1,35,PARTIALLY_PERSISTED,"scratchpad session scratchpad (this session, 2026-08-22)",architecture decision (YES) + gap finding,b08d6beab31fc68bebc525d722f3109885c607e86ef80035d5c76923fe4fd866,MATCH,MATCH,spelling_variant alias_type never populated
WORDS_NAMES_IDENTITY_REPORT.md,docs/research-archive/2026-08-22-research-snapshot/era2-words-names-identity/WORDS_NAMES_IDENTITY_REPORT.md,Words/Names/Aliases Phase 1 report,Words/Names/Aliases Phase 1,,PARTIALLY_PERSISTED,"scratchpad session scratchpad (this session, 2026-08-22)",architecture decision,c7e5706a82e97e1fdff568c2edb47a2e078341aecfbf914ac34faa7980c3f521,MATCH,MATCH,
CORPUS_EXPANSION_INTAKE_SPEC.md,docs/research-archive/2026-08-22-research-snapshot/era2-corpus-expansion/CORPUS_EXPANSION_INTAKE_SPEC.md,"Intake state-machine design (9 steps, A-F taxonomy)",Corpus Expansion Phase 1 + Gate Correction,,PARTIALLY_PERSISTED,"scratchpad session scratchpad (this session, 2026-08-22)","design spec, unreviewed",c063059531a501a946b6c35beda56a2b223edda1f0a491bfa419940c51c98c86,MATCH,MATCH,"proposed intent=lexical_identity, not adopted"
INTAKE_DECISION_MATRIX.csv,docs/research-archive/2026-08-22-research-snapshot/era2-corpus-expansion/INTAKE_DECISION_MATRIX.csv,Intake decision matrix (18 scenarios),Corpus Expansion Phase 1 + Gate Correction,18,PARTIALLY_PERSISTED,"scratchpad session scratchpad (this session, 2026-08-22)","design spec, unreviewed",c7c2d8782c747c68ec48b912357d3295c071b7fb06f8872a4d3ad9728f7dc9c7,MATCH,MATCH,
HEBREW_IDENTITY_FAMILIES.csv,docs/research-archive/2026-08-22-research-snapshot/era2-hebrew-identity/HEBREW_IDENTITY_FAMILIES.csv,14 identity family candidates (29 surface-form rows),Hebrew Identity Phase 2,29,SCRATCHPAD_ONLY,"scratchpad session scratchpad (this session, 2026-08-22)",candidate / pending Human-Gate,d948eb62cc39102e19afe70d6dba2bb70d17dc70098028c748497070b61c0da3,MATCH,MATCH,see PROVENANCE_CORRECTION memo (work_log id 3dd31ed2-...) — chat discussion is NOT durable approval
HEBREW_IDENTITY_HUMAN_GATE.csv,docs/research-archive/2026-08-22-research-snapshot/era2-hebrew-identity/HEBREW_IDENTITY_HUMAN_GATE.csv,10-row Human-Gate decision list,Hebrew Identity Phase 2,10,SCRATCHPAD_ONLY,"scratchpad session scratchpad (this session, 2026-08-22)",candidate / pending Human-Gate,9d9ffd9804030bf85996c5a8c86e0c8d89c2ca09f0902e258eaaddbc3eb87545,MATCH,MATCH,see PROVENANCE_CORRECTION memo (work_log id 3dd31ed2-...)
HEBREW_IDENTITY_PHASE2_REPORT.md,docs/research-archive/2026-08-22-research-snapshot/era2-hebrew-identity/HEBREW_IDENTITY_PHASE2_REPORT.md,Hebrew Identity Phase 2 report,Hebrew Identity Phase 2,,SCRATCHPAD_ONLY,"scratchpad session scratchpad (this session, 2026-08-22)",candidate / pending Human-Gate,623592cd328f508a6435b3c631d99bd4fbb4e2fa9ba26a605088d38cd9181802,MATCH,MATCH,
SESSION_RESEARCH_INVENTORY.csv,docs/research-archive/2026-08-22-research-snapshot/session-audit/SESSION_RESEARCH_INVENTORY.csv,Full 42-artifact session inventory (CSV),Session Research Persistence Audit,42,PERSISTED (this snapshot),"scratchpad session scratchpad (this session, 2026-08-22)",audit deliverable,df2105e5b510c9eb4ccc785e836edc1a967105379ad2c1a0af3dd811ca4e87a4,MATCH,MATCH,base input for this manifest
SESSION_RESEARCH_INVENTORY.md,docs/research-archive/2026-08-22-research-snapshot/session-audit/SESSION_RESEARCH_INVENTORY.md,Full 42-artifact session inventory (narrative),Session Research Persistence Audit,,PERSISTED (this snapshot),"scratchpad session scratchpad (this session, 2026-08-22)",audit deliverable,84fbcd610a372ec068a5c1984a18432d5df8894a1d8144f6c2aac8ed4dc8972e,MATCH,MATCH,
PERSISTENCE_GAP_REPORT.md,docs/research-archive/2026-08-22-research-snapshot/session-audit/PERSISTENCE_GAP_REPORT.md,SAFE/AT-RISK/NEEDS-HUMAN-DECISION risk classification,Session Research Persistence Audit,,PERSISTED (this snapshot),"scratchpad session scratchpad (this session, 2026-08-22)",audit deliverable,537cd52ab174dea3443216fb2af2de3c75be510552a667034a1c8b5474225d31,MATCH,MATCH,
PROPOSED_PERSISTENCE_PASS.md,docs/research-archive/2026-08-22-research-snapshot/session-audit/PROPOSED_PERSISTENCE_PASS.md,Proposed (not-yet-executed) DB persistence plan,Session Research Persistence Audit,,PERSISTED (this snapshot),"scratchpad session scratchpad (this session, 2026-08-22)","audit deliverable, unexecuted plan",71847b9a20a6c584099c864c79e08797501ca5b7c563ee60d984698864cce303,MATCH,MATCH,
_dummy.json,docs/research-archive/2026-08-22-research-snapshot/intermediate-caches/_dummy.json,intermediate reference cache (cross-phase),cross-phase intermediate reference data (era 2),0,SCRATCHPAD_ONLY,"scratchpad session scratchpad (this session, 2026-08-22)","intermediate cache, not itself a finding",44136fa355b3678a1146ad16f7e8649e94fb4fc21fe77e8310c060f61caaff8a,MATCH,MATCH,re-derivable from gematria_words/nodes/edges directly; archived for completeness only
all_rows.json,docs/research-archive/2026-08-22-research-snapshot/intermediate-caches/all_rows.json,intermediate reference cache (cross-phase),cross-phase intermediate reference data (era 2),15433,SCRATCHPAD_ONLY,"scratchpad session scratchpad (this session, 2026-08-22)","intermediate cache, not itself a finding",82e8a35f9f48e063e0550e30d06b84568db2933991584ce485bcfac1cfc4ca83,MATCH,MATCH,re-derivable from gematria_words/nodes/edges directly; archived for completeness only
audit_rows.json,docs/research-archive/2026-08-22-research-snapshot/intermediate-caches/audit_rows.json,intermediate reference cache (cross-phase),cross-phase intermediate reference data (era 2),42,SCRATCHPAD_ONLY,"scratchpad session scratchpad (this session, 2026-08-22)","intermediate cache, not itself a finding",954519044563391afd59adadecd29ef6e24d5f529c5edb155c1a3301a39d4332,MATCH,MATCH,re-derivable from gematria_words/nodes/edges directly; archived for completeness only
candidates.json,docs/research-archive/2026-08-22-research-snapshot/intermediate-caches/candidates.json,intermediate reference cache (cross-phase),cross-phase intermediate reference data (era 2),271,SCRATCHPAD_ONLY,"scratchpad session scratchpad (this session, 2026-08-22)","intermediate cache, not itself a finding",7ccba7a86dc6284569b874a353b6d1e7fcee8fe23505ee2bf9ee33d55babc234,MATCH,MATCH,re-derivable from gematria_words/nodes/edges directly; archived for completeness only
candidates_refined.json,docs/research-archive/2026-08-22-research-snapshot/intermediate-caches/candidates_refined.json,intermediate reference cache (cross-phase),cross-phase intermediate reference data (era 2),190,SCRATCHPAD_ONLY,"scratchpad session scratchpad (this session, 2026-08-22)","intermediate cache, not itself a finding",0fc851b4f79b5ff2cd4f6877a2a3acff57232f0390d38ead47f8136e1f062d40,MATCH,MATCH,re-derivable from gematria_words/nodes/edges directly; archived for completeness only
claims.json,docs/research-archive/2026-08-22-research-snapshot/intermediate-caches/claims.json,intermediate reference cache (cross-phase),cross-phase intermediate reference data (era 2),65,SCRATCHPAD_ONLY,"scratchpad session scratchpad (this session, 2026-08-22)","intermediate cache, not itself a finding",6a868006e437df7a309cc3b47b390d75980326134e3bb85e5099afe6d7f08db6,MATCH,MATCH,re-derivable from gematria_words/nodes/edges directly; archived for completeness only
classification.json,docs/research-archive/2026-08-22-research-snapshot/intermediate-caches/classification.json,intermediate reference cache (cross-phase),cross-phase intermediate reference data (era 2),240,SCRATCHPAD_ONLY,"scratchpad session scratchpad (this session, 2026-08-22)","intermediate cache, not itself a finding",200f6dbaa322bcf8eb39e1308a09b08630a145382d39bfaf4e75080db4401079,MATCH,MATCH,re-derivable from gematria_words/nodes/edges directly; archived for completeness only
consolidated.json,docs/research-archive/2026-08-22-research-snapshot/intermediate-caches/consolidated.json,intermediate reference cache (cross-phase),cross-phase intermediate reference data (era 2),209,SCRATCHPAD_ONLY,"scratchpad session scratchpad (this session, 2026-08-22)","intermediate cache, not itself a finding",05cdc5dc9509a5056572221ff5a096a4393a34a1e87f1310a36c23c0f5baf3f2,MATCH,MATCH,re-derivable from gematria_words/nodes/edges directly; archived for completeness only
decisions_partial.json,docs/research-archive/2026-08-22-research-snapshot/intermediate-caches/decisions_partial.json,intermediate reference cache (cross-phase),cross-phase intermediate reference data (era 2),111,SCRATCHPAD_ONLY,"scratchpad session scratchpad (this session, 2026-08-22)","intermediate cache, not itself a finding",c426cf15ba0459394d0eea2d5dee65a55cc333c52d56d0294e8f1727399fbf11,MATCH,MATCH,re-derivable from gematria_words/nodes/edges directly; archived for completeness only
edge_counts.json,docs/research-archive/2026-08-22-research-snapshot/intermediate-caches/edge_counts.json,intermediate reference cache (cross-phase),cross-phase intermediate reference data (era 2),100,SCRATCHPAD_ONLY,"scratchpad session scratchpad (this session, 2026-08-22)","intermediate cache, not itself a finding",6110359bfb549abcfd2cb63252571e5ac0108257d8f211cb920cc984e5723c06,MATCH,MATCH,re-derivable from gematria_words/nodes/edges directly; archived for completeness only
exclude_reasons.json,docs/research-archive/2026-08-22-research-snapshot/intermediate-caches/exclude_reasons.json,intermediate reference cache (cross-phase),cross-phase intermediate reference data (era 2),98,SCRATCHPAD_ONLY,"scratchpad session scratchpad (this session, 2026-08-22)","intermediate cache, not itself a finding",d3b6848099a3a327b0faa976f3741af1ae9c4563c1996bfcff77d3455d550ae6,MATCH,MATCH,re-derivable from gematria_words/nodes/edges directly; archived for completeness only
final_rows.json,docs/research-archive/2026-08-22-research-snapshot/intermediate-caches/final_rows.json,intermediate reference cache (cross-phase),cross-phase intermediate reference data (era 2),986,SCRATCHPAD_ONLY,"scratchpad session scratchpad (this session, 2026-08-22)","intermediate cache, not itself a finding",564230899a55e11d164291c1fdc0d6a67d8a698c64c7ac76d4af2ad9d3a6ea06,MATCH,MATCH,re-derivable from gematria_words/nodes/edges directly; archived for completeness only
full_bucket.json,docs/research-archive/2026-08-22-research-snapshot/intermediate-caches/full_bucket.json,intermediate reference cache (cross-phase),cross-phase intermediate reference data (era 2),330,SCRATCHPAD_ONLY,"scratchpad session scratchpad (this session, 2026-08-22)","intermediate cache, not itself a finding",16c478d0951ab2c746271f157c86454b10cbe7505872f4a1e206b16eeff6b7f2,MATCH,MATCH,re-derivable from gematria_words/nodes/edges directly; archived for completeness only
group1.json,docs/research-archive/2026-08-22-research-snapshot/intermediate-caches/group1.json,intermediate reference cache (cross-phase),cross-phase intermediate reference data (era 2),1271,SCRATCHPAD_ONLY,"scratchpad session scratchpad (this session, 2026-08-22)","intermediate cache, not itself a finding",c3c5002e39e645a5e79242132b405104a88bb14c52a9ca98a6337088c66eb5a5,MATCH,MATCH,re-derivable from gematria_words/nodes/edges directly; archived for completeness only
group2.json,docs/research-archive/2026-08-22-research-snapshot/intermediate-caches/group2.json,intermediate reference cache (cross-phase),cross-phase intermediate reference data (era 2),43,SCRATCHPAD_ONLY,"scratchpad session scratchpad (this session, 2026-08-22)","intermediate cache, not itself a finding",8c1b04e4df0c1928ee40853342a195135bada5286d8332620d0b8c3c93ddb898,MATCH,MATCH,re-derivable from gematria_words/nodes/edges directly; archived for completeness only
group3.json,docs/research-archive/2026-08-22-research-snapshot/intermediate-caches/group3.json,intermediate reference cache (cross-phase),cross-phase intermediate reference data (era 2),32,SCRATCHPAD_ONLY,"scratchpad session scratchpad (this session, 2026-08-22)","intermediate cache, not itself a finding",11296c960b00018de14e52a380ce4e99b2dde88dea70cf1a7fa8ca8e460e37e0,MATCH,MATCH,re-derivable from gematria_words/nodes/edges directly; archived for completeness only
group4.json,docs/research-archive/2026-08-22-research-snapshot/intermediate-caches/group4.json,intermediate reference cache (cross-phase),cross-phase intermediate reference data (era 2),36,SCRATCHPAD_ONLY,"scratchpad session scratchpad (this session, 2026-08-22)","intermediate cache, not itself a finding",e980d635aaf95aaf036b2713b40b4e7528d56eae6543cefb6a26ea78631e5261,MATCH,MATCH,re-derivable from gematria_words/nodes/edges directly; archived for completeness only
group5.json,docs/research-archive/2026-08-22-research-snapshot/intermediate-caches/group5.json,intermediate reference cache (cross-phase),cross-phase intermediate reference data (era 2),16,SCRATCHPAD_ONLY,"scratchpad session scratchpad (this session, 2026-08-22)","intermediate cache, not itself a finding",2e56641be1682f4ec6718326708d9029234c5338ac787dd8c129ba9d0498e7f9,MATCH,MATCH,re-derivable from gematria_words/nodes/edges directly; archived for completeness only
mark_reference_sets.json,docs/research-archive/2026-08-22-research-snapshot/intermediate-caches/mark_reference_sets.json,intermediate reference cache (cross-phase),cross-phase intermediate reference data (era 2),5,SCRATCHPAD_ONLY,"scratchpad session scratchpad (this session, 2026-08-22)","intermediate cache, not itself a finding",d1265bafea54cd61f81acbd0230ee639b57ce516ef468fe5c37bc001b1b38988,MATCH,MATCH,re-derivable from gematria_words/nodes/edges directly; archived for completeness only
method_values_batch1.json,docs/research-archive/2026-08-22-research-snapshot/intermediate-caches/method_values_batch1.json,intermediate reference cache (cross-phase),cross-phase intermediate reference data (era 2),200,SCRATCHPAD_ONLY,"scratchpad session scratchpad (this session, 2026-08-22)","intermediate cache, not itself a finding",ee792396a2de6da86199845a58df39201f54e984ffe41bd2cd9d136cfab9911a,MATCH,MATCH,re-derivable from gematria_words/nodes/edges directly; archived for completeness only
mm_classified.json,docs/research-archive/2026-08-22-research-snapshot/intermediate-caches/mm_classified.json,intermediate reference cache (cross-phase),cross-phase intermediate reference data (era 2),796,SCRATCHPAD_ONLY,"scratchpad session scratchpad (this session, 2026-08-22)","intermediate cache, not itself a finding",1699f70a1ada91ff90e4014ed1e2dc56d8b14cb641b85f0c09e5140d9611ad6e,MATCH,MATCH,re-derivable from gematria_words/nodes/edges directly; archived for completeness only
mm_expr_chunk_0.json,docs/research-archive/2026-08-22-research-snapshot/intermediate-caches/mm_expr_chunk_0.json,intermediate reference cache (cross-phase),cross-phase intermediate reference data (era 2),100,SCRATCHPAD_ONLY,"scratchpad session scratchpad (this session, 2026-08-22)","intermediate cache, not itself a finding",1d3104d4e8c4fec3f334361fc4f6f257595bc77e4596c530ab6d950d6ba5ee5b,MATCH,MATCH,re-derivable from gematria_words/nodes/edges directly; archived for completeness only
mm_expr_chunk_100.json,docs/research-archive/2026-08-22-research-snapshot/intermediate-caches/mm_expr_chunk_100.json,intermediate reference cache (cross-phase),cross-phase intermediate reference data (era 2),100,SCRATCHPAD_ONLY,"scratchpad session scratchpad (this session, 2026-08-22)","intermediate cache, not itself a finding",2b416e242434973168696791d014f0b3ae771269b550ed36162138f70bc6a488,MATCH,MATCH,re-derivable from gematria_words/nodes/edges directly; archived for completeness only
mm_expr_chunk_200.json,docs/research-archive/2026-08-22-research-snapshot/intermediate-caches/mm_expr_chunk_200.json,intermediate reference cache (cross-phase),cross-phase intermediate reference data (era 2),100,SCRATCHPAD_ONLY,"scratchpad session scratchpad (this session, 2026-08-22)","intermediate cache, not itself a finding",71e130cec6b6e28c106aeefbe27ac7b766099af011a701aba7b454351e127f9f,MATCH,MATCH,re-derivable from gematria_words/nodes/edges directly; archived for completeness only
mm_expr_chunk_300.json,docs/research-archive/2026-08-22-research-snapshot/intermediate-caches/mm_expr_chunk_300.json,intermediate reference cache (cross-phase),cross-phase intermediate reference data (era 2),13,SCRATCHPAD_ONLY,"scratchpad session scratchpad (this session, 2026-08-22)","intermediate cache, not itself a finding",bbdb6b4f5a8f175225da0e7d0b2909d8767ac76e28ca4febefb386c225872bae,MATCH,MATCH,re-derivable from gematria_words/nodes/edges directly; archived for completeness only
mm_final.json,docs/research-archive/2026-08-22-research-snapshot/intermediate-caches/mm_final.json,intermediate reference cache (cross-phase),cross-phase intermediate reference data (era 2),796,SCRATCHPAD_ONLY,"scratchpad session scratchpad (this session, 2026-08-22)","intermediate cache, not itself a finding",54a7d87f069adb3859242ae3301f66c9a764e920f50ae8e2a64a41a55114899e,MATCH,MATCH,re-derivable from gematria_words/nodes/edges directly; archived for completeness only
mm_full_batch1.json,docs/research-archive/2026-08-22-research-snapshot/intermediate-caches/mm_full_batch1.json,intermediate reference cache (cross-phase),cross-phase intermediate reference data (era 2),200,SCRATCHPAD_ONLY,"scratchpad session scratchpad (this session, 2026-08-22)","intermediate cache, not itself a finding",4e80ea61cd2a256436c2fe1f2a271b22232674b7598bab78c494d600df604122,MATCH,MATCH,re-derivable from gematria_words/nodes/edges directly; archived for completeness only
mm_full_batch2.json,docs/research-archive/2026-08-22-research-snapshot/intermediate-caches/mm_full_batch2.json,intermediate reference cache (cross-phase),cross-phase intermediate reference data (era 2),200,SCRATCHPAD_ONLY,"scratchpad session scratchpad (this session, 2026-08-22)","intermediate cache, not itself a finding",7fa8790cd508de63e636946920452cd1ad42305888d6c55896e9ea5fb937e3e1,MATCH,MATCH,re-derivable from gematria_words/nodes/edges directly; archived for completeness only
mm_full_batch3.json,docs/research-archive/2026-08-22-research-snapshot/intermediate-caches/mm_full_batch3.json,intermediate reference cache (cross-phase),cross-phase intermediate reference data (era 2),200,SCRATCHPAD_ONLY,"scratchpad session scratchpad (this session, 2026-08-22)","intermediate cache, not itself a finding",6f5b3041292f490e0e0d4ccbf70330d18f2415a988fd725cf221bc7f614d6143,MATCH,MATCH,re-derivable from gematria_words/nodes/edges directly; archived for completeness only
mm_full_batch4.json,docs/research-archive/2026-08-22-research-snapshot/intermediate-caches/mm_full_batch4.json,intermediate reference cache (cross-phase),cross-phase intermediate reference data (era 2),196,SCRATCHPAD_ONLY,"scratchpad session scratchpad (this session, 2026-08-22)","intermediate cache, not itself a finding",017cc513ba3978af0847957ef0b99b1c1cfa4308a8befbcb5bfb6f4e0d692268,MATCH,MATCH,re-derivable from gematria_words/nodes/edges directly; archived for completeness only
mm_parsed.json,docs/research-archive/2026-08-22-research-snapshot/intermediate-caches/mm_parsed.json,intermediate reference cache (cross-phase),cross-phase intermediate reference data (era 2),796,SCRATCHPAD_ONLY,"scratchpad session scratchpad (this session, 2026-08-22)","intermediate cache, not itself a finding",046d4cb3a6204bb0d778c825a9152eabc0b817dacd0f05a10bfc1aaf9fe6944e,MATCH,MATCH,re-derivable from gematria_words/nodes/edges directly; archived for completeness only
mm_verify_exprs.json,docs/research-archive/2026-08-22-research-snapshot/intermediate-caches/mm_verify_exprs.json,intermediate reference cache (cross-phase),cross-phase intermediate reference data (era 2),313,SCRATCHPAD_ONLY,"scratchpad session scratchpad (this session, 2026-08-22)","intermediate cache, not itself a finding",0d410f16dd685ff112e6ab13958860229d791a32389e05d725864ec3416d73de,MATCH,MATCH,re-derivable from gematria_words/nodes/edges directly; archived for completeness only
mm_verify_needed.json,docs/research-archive/2026-08-22-research-snapshot/intermediate-caches/mm_verify_needed.json,intermediate reference cache (cross-phase),cross-phase intermediate reference data (era 2),329,SCRATCHPAD_ONLY,"scratchpad session scratchpad (this session, 2026-08-22)","intermediate cache, not itself a finding",d3fba55bdf99d70088b2bcddfa15be999b6b1b5f4facbbf0e0093c24a3141a77,MATCH,MATCH,re-derivable from gematria_words/nodes/edges directly; archived for completeness only
mm_verify_result_0.json,docs/research-archive/2026-08-22-research-snapshot/intermediate-caches/mm_verify_result_0.json,intermediate reference cache (cross-phase),cross-phase intermediate reference data (era 2),100,SCRATCHPAD_ONLY,"scratchpad session scratchpad (this session, 2026-08-22)","intermediate cache, not itself a finding",581bcda9e1c5badf8302916336cdbcdc09f4560cd9576e0445b2530e11be7dff,MATCH,MATCH,re-derivable from gematria_words/nodes/edges directly; archived for completeness only
mm_verify_result_100.json,docs/research-archive/2026-08-22-research-snapshot/intermediate-caches/mm_verify_result_100.json,intermediate reference cache (cross-phase),cross-phase intermediate reference data (era 2),100,SCRATCHPAD_ONLY,"scratchpad session scratchpad (this session, 2026-08-22)","intermediate cache, not itself a finding",c01e0cb54d0d6ecb304e73de67c47ab2a4f618cee700c43ac1c87e8b134e7f81,MATCH,MATCH,re-derivable from gematria_words/nodes/edges directly; archived for completeness only
mm_verify_result_200.json,docs/research-archive/2026-08-22-research-snapshot/intermediate-caches/mm_verify_result_200.json,intermediate reference cache (cross-phase),cross-phase intermediate reference data (era 2),100,SCRATCHPAD_ONLY,"scratchpad session scratchpad (this session, 2026-08-22)","intermediate cache, not itself a finding",bd7ed58de7c57f2f226b7675b45f1240a1b85751325ca08852f44bf218c61447,MATCH,MATCH,re-derivable from gematria_words/nodes/edges directly; archived for completeness only
mm_verify_result_300.json,docs/research-archive/2026-08-22-research-snapshot/intermediate-caches/mm_verify_result_300.json,intermediate reference cache (cross-phase),cross-phase intermediate reference data (era 2),13,SCRATCHPAD_ONLY,"scratchpad session scratchpad (this session, 2026-08-22)","intermediate cache, not itself a finding",b115ef9dba1e5bbfd6f3b9fcb3258bfd4b5c2805bf4c3eaf23e646b4d3bd06cd,MATCH,MATCH,re-derivable from gematria_words/nodes/edges directly; archived for completeness only
new_heb_candidates.json,docs/research-archive/2026-08-22-research-snapshot/intermediate-caches/new_heb_candidates.json,intermediate reference cache (cross-phase),cross-phase intermediate reference data (era 2),19,SCRATCHPAD_ONLY,"scratchpad session scratchpad (this session, 2026-08-22)","intermediate cache, not itself a finding",aa3397fa93b0920bbaffe8d95299460f5e50d98b0fce393808d2314d1e1b2dde,MATCH,MATCH,re-derivable from gematria_words/nodes/edges directly; archived for completeness only
number_node_values.json,docs/research-archive/2026-08-22-research-snapshot/intermediate-caches/number_node_values.json,intermediate reference cache (cross-phase),cross-phase intermediate reference data (era 2),2034,SCRATCHPAD_ONLY,"scratchpad session scratchpad (this session, 2026-08-22)","intermediate cache, not itself a finding",8bc137e1cb020b958fc5254e06dd358e6258a871168b3a97dbc99e268e34f13d,MATCH,MATCH,re-derivable from gematria_words/nodes/edges directly; archived for completeness only
overrides.json,docs/research-archive/2026-08-22-research-snapshot/intermediate-caches/overrides.json,intermediate reference cache (cross-phase),cross-phase intermediate reference data (era 2),93,SCRATCHPAD_ONLY,"scratchpad session scratchpad (this session, 2026-08-22)","intermediate cache, not itself a finding",4c852a441f1aa0ade5d53b6b5c1e667314a789ead3e41180be735386b983e54d,MATCH,MATCH,re-derivable from gematria_words/nodes/edges directly; archived for completeness only
p3_candidate_rows.json,docs/research-archive/2026-08-22-research-snapshot/intermediate-caches/p3_candidate_rows.json,intermediate reference cache (cross-phase),cross-phase intermediate reference data (era 2),37,SCRATCHPAD_ONLY,"scratchpad session scratchpad (this session, 2026-08-22)","intermediate cache, not itself a finding",73ab034c6a1bc0747e0db33bebe87d73831ed7be6c6cbfd26a15d6f287a53700,MATCH,MATCH,re-derivable from gematria_words/nodes/edges directly; archived for completeness only
p3_match_mentions.json,docs/research-archive/2026-08-22-research-snapshot/intermediate-caches/p3_match_mentions.json,intermediate reference cache (cross-phase),cross-phase intermediate reference data (era 2),36,SCRATCHPAD_ONLY,"scratchpad session scratchpad (this session, 2026-08-22)","intermediate cache, not itself a finding",16580fcac4001c4822079b22e98099c7ec2c4fe347e34fef7e7fee4fdc69f1b7,MATCH,MATCH,re-derivable from gematria_words/nodes/edges directly; archived for completeness only
p3_mismatch_mentions.json,docs/research-archive/2026-08-22-research-snapshot/intermediate-caches/p3_mismatch_mentions.json,intermediate reference cache (cross-phase),cross-phase intermediate reference data (era 2),225,SCRATCHPAD_ONLY,"scratchpad session scratchpad (this session, 2026-08-22)","intermediate cache, not itself a finding",09597e968ef4bd3fe6d653fe71e4a31b6b3ea28c2bba1ae0fdf170a36cff91ac,MATCH,MATCH,re-derivable from gematria_words/nodes/edges directly; archived for completeness only
p3_mismatches_classified.json,docs/research-archive/2026-08-22-research-snapshot/intermediate-caches/p3_mismatches_classified.json,intermediate reference cache (cross-phase),cross-phase intermediate reference data (era 2),225,SCRATCHPAD_ONLY,"scratchpad session scratchpad (this session, 2026-08-22)","intermediate cache, not itself a finding",af1434b5e72fa6476faabb3fad08e1d1b640d1487d27ea17626ab9d9fa28f301,MATCH,MATCH,re-derivable from gematria_words/nodes/edges directly; archived for completeness only
p3_provenance.json,docs/research-archive/2026-08-22-research-snapshot/intermediate-caches/p3_provenance.json,intermediate reference cache (cross-phase),cross-phase intermediate reference data (era 2),272,SCRATCHPAD_ONLY,"scratchpad session scratchpad (this session, 2026-08-22)","intermediate cache, not itself a finding",430eb384f6cb5809f46e4e919df041d1c156cd9f4676fbfb77f8721bf45dc1cb,MATCH,MATCH,re-derivable from gematria_words/nodes/edges directly; archived for completeness only
phase4_all_candidate_paths.json,docs/research-archive/2026-08-22-research-snapshot/intermediate-caches/phase4_all_candidate_paths.json,intermediate reference cache (cross-phase),cross-phase intermediate reference data (era 2),290,SCRATCHPAD_ONLY,"scratchpad session scratchpad (this session, 2026-08-22)","intermediate cache, not itself a finding",2b79e8036f55a54e4b0e68a9aa2a0fff89c08a4ccccc31d5618d8224ccec77c2,MATCH,MATCH,re-derivable from gematria_words/nodes/edges directly; archived for completeness only
phase4_final_rows.json,docs/research-archive/2026-08-22-research-snapshot/intermediate-caches/phase4_final_rows.json,intermediate reference cache (cross-phase),cross-phase intermediate reference data (era 2),290,SCRATCHPAD_ONLY,"scratchpad session scratchpad (this session, 2026-08-22)","intermediate cache, not itself a finding",888e9c53c8fe5a5ca373c4925313d8077bb5404d9c5be342814b313b2ff90005,MATCH,MATCH,re-derivable from gematria_words/nodes/edges directly; archived for completeness only
phase4_pool_evidence.json,docs/research-archive/2026-08-22-research-snapshot/intermediate-caches/phase4_pool_evidence.json,intermediate reference cache (cross-phase),cross-phase intermediate reference data (era 2),160,SCRATCHPAD_ONLY,"scratchpad session scratchpad (this session, 2026-08-22)","intermediate cache, not itself a finding",f5a20c673a3675efe6a267ed58b2a6a16c50cd925e84c7f30fbc6197b899b461,MATCH,MATCH,re-derivable from gematria_words/nodes/edges directly; archived for completeness only
phase4_rep_all.json,docs/research-archive/2026-08-22-research-snapshot/intermediate-caches/phase4_rep_all.json,intermediate reference cache (cross-phase),cross-phase intermediate reference data (era 2),200,SCRATCHPAD_ONLY,"scratchpad session scratchpad (this session, 2026-08-22)","intermediate cache, not itself a finding",ee1f0971f250ba2fa5f2a7b115fc7cd08bd93bcd7c22788e18ef5ea893b3638d,MATCH,MATCH,re-derivable from gematria_words/nodes/edges directly; archived for completeness only
phase4_rep_expressions.json,docs/research-archive/2026-08-22-research-snapshot/intermediate-caches/phase4_rep_expressions.json,intermediate reference cache (cross-phase),cross-phase intermediate reference data (era 2),200,SCRATCHPAD_ONLY,"scratchpad session scratchpad (this session, 2026-08-22)","intermediate cache, not itself a finding",7f16dc75eb00cf22b56364a7c946965894e9c10b97412753de8438d0cdfac610,MATCH,MATCH,re-derivable from gematria_words/nodes/edges directly; archived for completeness only
phase4_ri_all.json,docs/research-archive/2026-08-22-research-snapshot/intermediate-caches/phase4_ri_all.json,intermediate reference cache (cross-phase),cross-phase intermediate reference data (era 2),126,SCRATCHPAD_ONLY,"scratchpad session scratchpad (this session, 2026-08-22)","intermediate cache, not itself a finding",6b09e15c3548940deb5ff40d0ee767dbdca045158e7bda8e542470d57d27278d,MATCH,MATCH,re-derivable from gematria_words/nodes/edges directly; archived for completeness only
phase4_ri_expressions.json,docs/research-archive/2026-08-22-research-snapshot/intermediate-caches/phase4_ri_expressions.json,intermediate reference cache (cross-phase),cross-phase intermediate reference data (era 2),126,SCRATCHPAD_ONLY,"scratchpad session scratchpad (this session, 2026-08-22)","intermediate cache, not itself a finding",1dae51df8d05508e23da4088f4f13c5e99ad313ff7c1336e9428d3d0d6f81526,MATCH,MATCH,re-derivable from gematria_words/nodes/edges directly; archived for completeness only
phase4_target_evidence.json,docs/research-archive/2026-08-22-research-snapshot/intermediate-caches/phase4_target_evidence.json,intermediate reference cache (cross-phase),cross-phase intermediate reference data (era 2),150,SCRATCHPAD_ONLY,"scratchpad session scratchpad (this session, 2026-08-22)","intermediate cache, not itself a finding",26428a43b0dc56b08591eb8b2b1950e29016942fd56d167c5742173da3e2d650,MATCH,MATCH,re-derivable from gematria_words/nodes/edges directly; archived for completeness only
phase5_reconciled_rows.json,docs/research-archive/2026-08-22-research-snapshot/intermediate-caches/phase5_reconciled_rows.json,intermediate reference cache (cross-phase),cross-phase intermediate reference data (era 2),570,SCRATCHPAD_ONLY,"scratchpad session scratchpad (this session, 2026-08-22)","intermediate cache, not itself a finding",74922df7878a2702f907001f7bf858e0447162475e736b4c9041647cf666927c,MATCH,MATCH,re-derivable from gematria_words/nodes/edges directly; archived for completeness only
phase5_wordlists.json,docs/research-archive/2026-08-22-research-snapshot/intermediate-caches/phase5_wordlists.json,intermediate reference cache (cross-phase),cross-phase intermediate reference data (era 2),4,SCRATCHPAD_ONLY,"scratchpad session scratchpad (this session, 2026-08-22)","intermediate cache, not itself a finding",4d662b0f0a30c4de32b6fc024524890d583398335117d2e778fdb5060658953e,MATCH,MATCH,re-derivable from gematria_words/nodes/edges directly; archived for completeness only
phase6_rat_rows.json,docs/research-archive/2026-08-22-research-snapshot/intermediate-caches/phase6_rat_rows.json,intermediate reference cache (cross-phase),cross-phase intermediate reference data (era 2),18,SCRATCHPAD_ONLY,"scratchpad session scratchpad (this session, 2026-08-22)","intermediate cache, not itself a finding",85f0f978c3cffb76437288ca9258f3351ea0d2aad24719f9be5a635ab718aa8b,MATCH,MATCH,re-derivable from gematria_words/nodes/edges directly; archived for completeness only
phase6_sat_rows.json,docs/research-archive/2026-08-22-research-snapshot/intermediate-caches/phase6_sat_rows.json,intermediate reference cache (cross-phase),cross-phase intermediate reference data (era 2),18,SCRATCHPAD_ONLY,"scratchpad session scratchpad (this session, 2026-08-22)","intermediate cache, not itself a finding",0655326dbe2ef8bafac4371f05d81a547a6f45fff9335a472eddd6a362b3cb7b,MATCH,MATCH,re-derivable from gematria_words/nodes/edges directly; archived for completeness only
phase6_yh_rows.json,docs/research-archive/2026-08-22-research-snapshot/intermediate-caches/phase6_yh_rows.json,intermediate reference cache (cross-phase),cross-phase intermediate reference data (era 2),3,SCRATCHPAD_ONLY,"scratchpad session scratchpad (this session, 2026-08-22)","intermediate cache, not itself a finding",a636d0be3810f92bd011103aa20affcbd422a75d2bae57417a4a10b9a5aff4ec,MATCH,MATCH,re-derivable from gematria_words/nodes/edges directly; archived for completeness only
phase8_candidate_pairs_raw.json,docs/research-archive/2026-08-22-research-snapshot/intermediate-caches/phase8_candidate_pairs_raw.json,intermediate reference cache (cross-phase),cross-phase intermediate reference data (era 2),1108,SCRATCHPAD_ONLY,"scratchpad session scratchpad (this session, 2026-08-22)","intermediate cache, not itself a finding",3fc1d163893145ad8f275f1c9793d3c2ae5df33fe8bb21d4b69a6b3a20b6c84f,MATCH,MATCH,re-derivable from gematria_words/nodes/edges directly; archived for completeness only
phase8_entity_labels.json,docs/research-archive/2026-08-22-research-snapshot/intermediate-caches/phase8_entity_labels.json,intermediate reference cache (cross-phase),cross-phase intermediate reference data (era 2),625,SCRATCHPAD_ONLY,"scratchpad session scratchpad (this session, 2026-08-22)","intermediate cache, not itself a finding",2945e16492ba6baaa834c7abefe361033d06f7618fc11b3ef48badc4d75ffe9b,MATCH,MATCH,re-derivable from gematria_words/nodes/edges directly; archived for completeness only
phase8_hebrew_words.json,docs/research-archive/2026-08-22-research-snapshot/intermediate-caches/phase8_hebrew_words.json,intermediate reference cache (cross-phase),cross-phase intermediate reference data (era 2),4834,SCRATCHPAD_ONLY,"scratchpad session scratchpad (this session, 2026-08-22)","intermediate cache, not itself a finding",433521fd863c632134e9b833ae2f9a8abb170bd38e350a9cca302b9dc7c0f3ec,MATCH,MATCH,re-derivable from gematria_words/nodes/edges directly; archived for completeness only
ragil_distribution.json,docs/research-archive/2026-08-22-research-snapshot/intermediate-caches/ragil_distribution.json,intermediate reference cache (cross-phase),cross-phase intermediate reference data (era 2),2051,SCRATCHPAD_ONLY,"scratchpad session scratchpad (this session, 2026-08-22)","intermediate cache, not itself a finding",0bb8c6425c1e5f959988cb10c2bb18e516c12b8bf70f207672f6c800f00b1c24,MATCH,MATCH,re-derivable from gematria_words/nodes/edges directly; archived for completeness only
raw_results.json,docs/research-archive/2026-08-22-research-snapshot/intermediate-caches/raw_results.json,intermediate reference cache (cross-phase),cross-phase intermediate reference data (era 2),122,SCRATCHPAD_ONLY,"scratchpad session scratchpad (this session, 2026-08-22)","intermediate cache, not itself a finding",a092bdf6cc4327b7e21f4e940444d9cd6f189bd8b89360805acddf8623d89926,MATCH,MATCH,re-derivable from gematria_words/nodes/edges directly; archived for completeness only
rep_batch0.json,docs/research-archive/2026-08-22-research-snapshot/intermediate-caches/rep_batch0.json,intermediate reference cache (cross-phase),cross-phase intermediate reference data (era 2),60,SCRATCHPAD_ONLY,"scratchpad session scratchpad (this session, 2026-08-22)","intermediate cache, not itself a finding",ecfc01c7ad8030c0e75ef7313687a9fd2d10b901d7ea77da4deb793a9403358c,MATCH,MATCH,re-derivable from gematria_words/nodes/edges directly; archived for completeness only
rep_batch1.json,docs/research-archive/2026-08-22-research-snapshot/intermediate-caches/rep_batch1.json,intermediate reference cache (cross-phase),cross-phase intermediate reference data (era 2),60,SCRATCHPAD_ONLY,"scratchpad session scratchpad (this session, 2026-08-22)","intermediate cache, not itself a finding",8bb8363df6cddb419199cbb54c89f82245ddc183cec1b09abed6f8aaece529ba,MATCH,MATCH,re-derivable from gematria_words/nodes/edges directly; archived for completeness only
rep_batch23.json,docs/research-archive/2026-08-22-research-snapshot/intermediate-caches/rep_batch23.json,intermediate reference cache (cross-phase),cross-phase intermediate reference data (era 2),80,SCRATCHPAD_ONLY,"scratchpad session scratchpad (this session, 2026-08-22)","intermediate cache, not itself a finding",c34616a6d853aadc7e072c1c2259d246ede4ebb8c96ddc85f7e1335c281a7340,MATCH,MATCH,re-derivable from gematria_words/nodes/edges directly; archived for completeness only
ri_batch_all.json,docs/research-archive/2026-08-22-research-snapshot/intermediate-caches/ri_batch_all.json,intermediate reference cache (cross-phase),cross-phase intermediate reference data (era 2),126,SCRATCHPAD_ONLY,"scratchpad session scratchpad (this session, 2026-08-22)","intermediate cache, not itself a finding",b7dfbbf2eae3419122870192657ec325712ae47f53235c31a42ba4bae500d946,MATCH,MATCH,re-derivable from gematria_words/nodes/edges directly; archived for completeness only
rows.json,docs/research-archive/2026-08-22-research-snapshot/intermediate-caches/rows.json,intermediate reference cache (cross-phase),cross-phase intermediate reference data (era 2),986,SCRATCHPAD_ONLY,"scratchpad session scratchpad (this session, 2026-08-22)","intermediate cache, not itself a finding",9bd194d2487fef1d943574361744675b61fa523a7bfa52b4e416885190136f79,MATCH,MATCH,re-derivable from gematria_words/nodes/edges directly; archived for completeness only
strong_batch0.json,docs/research-archive/2026-08-22-research-snapshot/intermediate-caches/strong_batch0.json,intermediate reference cache (cross-phase),cross-phase intermediate reference data (era 2),50,SCRATCHPAD_ONLY,"scratchpad session scratchpad (this session, 2026-08-22)","intermediate cache, not itself a finding",69b48cd107ca9c8c186df31945c041bab2d9b28218ae3ae98f93f93f4ffdeaf6,MATCH,MATCH,re-derivable from gematria_words/nodes/edges directly; archived for completeness only
strong_batch1.json,docs/research-archive/2026-08-22-research-snapshot/intermediate-caches/strong_batch1.json,intermediate reference cache (cross-phase),cross-phase intermediate reference data (era 2),50,SCRATCHPAD_ONLY,"scratchpad session scratchpad (this session, 2026-08-22)","intermediate cache, not itself a finding",5dda54c868c438abe52082337d8715fe2499838d0caf6f1d33aa8963f27dc22f,MATCH,MATCH,re-derivable from gematria_words/nodes/edges directly; archived for completeness only
strong_expressions.json,docs/research-archive/2026-08-22-research-snapshot/intermediate-caches/strong_expressions.json,intermediate reference cache (cross-phase),cross-phase intermediate reference data (era 2),100,SCRATCHPAD_ONLY,"scratchpad session scratchpad (this session, 2026-08-22)","intermediate cache, not itself a finding",2ac6efc3cb3639c9e9157f9f608fad32fd8ad7f0d0e70a33cd8fd92f60d5abf3,MATCH,MATCH,re-derivable from gematria_words/nodes/edges directly; archived for completeness only
strong_numbers_candidates.json,docs/research-archive/2026-08-22-research-snapshot/intermediate-caches/strong_numbers_candidates.json,intermediate reference cache (cross-phase),cross-phase intermediate reference data (era 2),131,SCRATCHPAD_ONLY,"scratchpad session scratchpad (this session, 2026-08-22)","intermediate cache, not itself a finding",b2ccc8186efa8f1b7a48fcd4e24547df2610709b9d5bbcb4092749d085dcac13,MATCH,MATCH,re-derivable from gematria_words/nodes/edges directly; archived for completeness only
strong_numbers_final.json,docs/research-archive/2026-08-22-research-snapshot/intermediate-caches/strong_numbers_final.json,intermediate reference cache (cross-phase),cross-phase intermediate reference data (era 2),50,SCRATCHPAD_ONLY,"scratchpad session scratchpad (this session, 2026-08-22)","intermediate cache, not itself a finding",1b7600ac7ddf488ee43aa3b608f18023d0cda3e80410063ceb7fa9ebfa66cb67,MATCH,MATCH,re-derivable from gematria_words/nodes/edges directly; archived for completeness only
wa_rows.json,docs/research-archive/2026-08-22-research-snapshot/intermediate-caches/wa_rows.json,intermediate reference cache (cross-phase),cross-phase intermediate reference data (era 2),330,SCRATCHPAD_ONLY,"scratchpad session scratchpad (this session, 2026-08-22)","intermediate cache, not itself a finding",7f4bcfc1654506a6dbacdb69d9efb36ce81d455f90283a98211a3e895b76f5f9,MATCH,MATCH,re-derivable from gematria_words/nodes/edges directly; archived for completeness only
