id,original_phrase,research_expression,method,claimed_value,engine_value,delta,source,notes,reason_class,row_type,created_at,category
0002e48c-696d-4bf0-aa55-0225650b1f0f,הישועה בימינו 644 - אתבש - 1100 לפני,הישועה בימינו,אתבש,1100,788,312,excel_import,,insufficient_context,multi_method_instruction,2026-06-05T14:56:33.584454+00:00,כללי
004a33ef-58e7-49f4-86f2-9b951fa082f9,הוא הצדיק הנסתר-3962- משולש,הוא הצדיק הנסתר,רגיל,3962,936,3026,excel_import,,insufficient_context,multi_method_instruction,2026-06-05T14:56:33.584454+00:00,כללי
01625343-f922-4dcf-84b6-a676bfb7dcb3,יהיה אחד * 26 - מסתתר,יהיה אחד,רגיל,26,43,-17,excel_import,,method_alias_issue,multi_method_instruction,2026-06-05T14:56:33.584454+00:00,כללי
0201af93-bb71-4453-99df-738c8bebcb44,הסוף לבנקים ב = 396 רגיל ואותיות,הסוף לבנקים ב =,רגיל,396,385,11,excel_import,,insufficient_context,method_result_claim,2026-06-05T14:56:33.584454+00:00,כללי
02e2f7b3-a0b2-4467-b395-935d75f643a1,דמשק תיפל בית מקדש 3850 ריבוע,דמשק תיפל בית מקדש,רגיל,3850,1820,2030,excel_import,,insufficient_context,multi_method_instruction,2026-06-05T14:56:33.584454+00:00,כללי
03bc233b-def3-48ee-abbf-59a093573a43,הסוף לסוחרי העבדים ב =1692 ריבוע רגיל,הסוף לסוחרי העבדים ב =,רגיל,1692,598,1094,excel_import,,insufficient_context,multi_method_instruction,2026-06-05T14:56:33.584454+00:00,כללי
03d6a104-c442-4898-b6d4-01ec6cd87354,סוד 533 337 - פי 5 - מסתתר 14370 - לפני 11180 - ריבוע 33070,סוד 533 337 - פי 5,מסתתר,14370,126,14244,excel_import,,insufficient_context,multi_method_instruction,2026-06-05T14:56:33.584454+00:00,כללי
08b05a76-25de-47a3-b89f-614d2198737c,"וְקָרָאת אֶתְכֶם הָרָעָה,בזמן הזה -רגיל ומסתתר -1820- מילוי ללא- 1118-אלבם",ו,מסתתר,1820,0,1820,excel_import,,value_is_target_not_result,multi_method_instruction,2026-06-05T14:56:33.584454+00:00,כללי
09817eed-2a59-4a6d-8e06-01b23e1c2132,המשיח בעוד 29 יום -לפני -3630-רגיל ומסתתר -=פי 5,המשיח בעוד 29 יום -לפני,רגיל,3630,671,2959,excel_import,,insufficient_context,multi_method_instruction,2026-06-05T14:56:33.584454+00:00,משיח
0b7fd319-4a77-4060-beeb-0a4888d7d157,סוף לאבטלה בימינו = 363 מסתתר רגיל,סוף לאבטלה בימינו =,רגיל,363,341,22,excel_import,,method_alias_issue,multi_method_instruction,2026-06-05T14:56:33.584454+00:00,כללי
0cae3991-079c-4c2b-be4d-b9a35ddd784b,אָנֹכִי אָנֹכִי הוּא מְנַחֶמְכֶם = 1430 משולש,אָנֹכִי אָנֹכִי הוּא מְנַחֶמְכֶם =,רגיל,1430,372,1058,excel_import,,wrong_expression_boundary,multi_method_instruction,2026-06-05T14:56:33.584454+00:00,כללי
0e77037c-cdcb-46ed-b86a-9f86dfb2562c,סוד 3960 - מילוי,סוד,רגיל,3960,70,3890,excel_import,,insufficient_context,multi_method_instruction,2026-06-05T14:22:33.885934+00:00,
0f25d4a6-9797-4d3e-88a9-88705e660015,התמדה 506 מילוי בלבד,התמדה,רגיל,506,454,52,excel_import,,insufficient_context,multi_method_instruction,2026-06-05T14:56:33.584454+00:00,כללי
0fcbe92b-f4e9-490a-b88f-eea46813d515,אמחה את זכר עמלק ב 781 מילוי,אמחה את זכר עמלק ב,רגיל,781,924,-143,excel_import,,method_alias_issue,multi_method_instruction,2026-06-05T14:56:33.584454+00:00,כללי
10616358-c80b-4287-b58d-cb58842039fd,דוד המלך מסתתר 2701,דוד המלך,מסתתר,2701,59,2642,excel_import,,insufficient_context,method_result_claim,2026-06-05T14:56:33.584454+00:00,כללי
1083efe8-524e-4849-a50c-81e46b2872b6,396 יגאלנו ב2015 -לפני רזא -386 -מיקום האות - 3750 רגיל,396 יגאלנו ב2015 -לפני רזא -386 -מיקום האות,רגיל,3750,1088,2662,excel_import,,insufficient_context,method_result_claim,2026-06-05T14:56:33.584454+00:00,כללי
122736a2-e8d9-40b9-be8b-88f87b51a2fd,רחמים גדולים - רגיל ומילוי - משולש 1518,רחמים,קדמי,1518,1176,342,excel_import,,insufficient_context,multi_method_instruction,2026-06-05T14:56:33.584454+00:00,כללי
1238749e-14cf-4454-aa6c-5819100e3a39,אני בראתי 2600 משולש,אני בראתי,רגיל,2600,674,1926,excel_import,,insufficient_context,multi_method_instruction,2026-06-05T14:56:33.584454+00:00,כללי
127eecea-a61b-4b5c-a104-743e9548bd86,396 דויד בן ישי - רגיל ומסתתר - 12020 - ריבוע,ו,מסתתר,12020,0,12020,excel_import,,insufficient_context,multi_method_instruction,2026-06-05T14:56:33.584454+00:00,כללי
12edb52d-1c3d-46cd-977b-f3f9da5d8857,מיהו בן דויד ב 781- מילוי ללא,מיהו בן דויד ב,רגיל,781,139,642,excel_import,,insufficient_context,multi_method_instruction,2026-06-05T14:56:33.584454+00:00,כללי
1350f9fd-a225-4a58-8d4b-03ec4b20577b,הסוף לשוק ההון בימינו = 775 רגיל ומילים,הסוף לשוק ההון בימינו =,רגיל,775,771,4,excel_import,,insufficient_context,method_result_claim,2026-06-05T14:56:33.584454+00:00,כללי
13f53193-af50-446c-bc2f-2868958f0ad4,סוד המשיח האחרון 1335-גדול -לפי-אחת,סוד המשיח האחרון,רגיל,1335,703,632,excel_import,,insufficient_context,multi_method_instruction,2026-06-05T14:56:33.584454+00:00,משיח
15154a3e-4f93-4245-877c-af9741d0d62c,המלך 1335- גדול ואותיות -לפי אחד,המלך,רגיל,1335,95,1240,excel_import,,insufficient_context,multi_method_instruction,2026-06-05T14:56:33.584454+00:00,כללי
17014f65-11d8-4796-ae96-42c59cdc669a,מלחמת העולם תחל הקיץ מסתתר 5333 משולש,מלחמת העולם תחל הקיץ,מסתתר,5333,1266,4067,excel_import,,insufficient_context,multi_method_instruction,2026-06-05T14:56:33.584454+00:00,כללי
19d39b18-0604-4616-b7d4-826bd6638608,אחדות ישראל 644 אותיות לפני,אחדות ישראל,רגיל,644,960,-316,excel_import,,insufficient_context,multi_method_instruction,2026-06-05T14:56:33.584454+00:00,כללי
19ecac59-5322-4379-bcb4-8ffaac46e616,ביאת המשיח 2756- סת,ביאת המשיח,רגיל,2756,776,1980,excel_import,,candidate_method_dependency,candidate_method,2026-06-05T14:56:33.584454+00:00,משיח
1a92a168-1a45-4b7d-bbc1-bbeb481042ab,מי צומח למלך ישראל ?מסתתר 5 - אתבש 3750,מי צומח למלך ישראל ?,מסתתר,5,828,-823,excel_import,,insufficient_context,multi_method_instruction,2026-06-05T14:56:33.584454+00:00,כללי
1c7a632c-c810-44c3-916d-b869109db809,שנת גאולתנו 776- מילוי,שנת גאולתנו,רגיל,776,1246,-470,excel_import,,insufficient_context,multi_method_instruction,2026-06-05T14:56:33.584454+00:00,כללי
1eb79907-ce2f-48d2-8246-4d96f450c3b1,לי דרגת 11111 - משולש -לפי אחד,לי דרגת,רגיל,11111,647,10464,excel_import,,insufficient_context,multi_method_instruction,2026-06-05T14:56:33.584454+00:00,כללי
20a2993c-2afb-41b9-907f-a619233a3b86,הגאלה האחרונה 1335- אתבש,הגאלה האחרונה,רגיל,1335,319,1016,excel_import,,insufficient_context,multi_method_instruction,2026-06-05T14:56:33.584454+00:00,כללי
22a85483-b93b-4579-af14-9c0b73272c71,644 במלכות - 1396 מסתתר,644 במלכות,רגיל,1396,498,898,excel_import,,insufficient_context,multi_method_instruction,2026-06-05T14:56:33.584454+00:00,כללי
235216b7-773b-4183-ac3d-92eb2bf5f3a9,1948 אליהו הנביא בימינו - מסתתר 1506,1948 אליהו הנביא בימינו,מסתתר,1506,317,1189,excel_import,,insufficient_context,method_result_claim,2026-06-05T14:56:33.584454+00:00,כללי
24b60bdd-9678-489c-93ba-a352b40eccea,אור מלך המשיח שאול מסתתר 1363 אחרי,אור מלך המשיח שאול,מסתתר,1363,1134,229,excel_import,,method_alias_issue,method_result_claim,2026-06-05T14:56:33.584454+00:00,משיח
2548ed27-3c68-44d7-898b-f6d453147052,הסוף למטוסי הקרב בימינו = 2756 מילוי רגיל,הסוף למטוסי הקרב בימינו =,רגיל,2756,731,2025,excel_import,,insufficient_context,multi_method_instruction,2026-06-05T14:56:33.584454+00:00,כללי
26322037-306a-4725-b3bc-fac5ba0a3a79,המשיח האחרון האמיתי 396 -אטבח,המשיח האחרון האמיתי,רגיל,396,1099,-703,excel_import,,insufficient_context,multi_method_instruction,2026-06-05T14:56:33.584454+00:00,משיח
2660ff76-72ab-4782-95f6-580342143590,1692 - מסתתר (אחד) - רגיל 2133,אחד,רגיל,2133,13,2120,excel_import,,insufficient_context,multi_method_instruction,2026-06-05T14:56:33.584454+00:00,כללי
26fe9632-80a9-444e-b56e-4772e1a13798,מתי יבוא דויד בן ישי 644 אותיות לפני,מתי יבוא דויד בן ישי,רגיל,644,865,-221,excel_import,,wrong_expression_boundary,multi_method_instruction,2026-06-05T14:56:33.584454+00:00,כללי
271a0658-7723-4718-9db2-b84370dbee5b,גרזן . מילוי בלבד. הרגיל 260 וכן יש 676,ה,רגיל,260,5,255,excel_import,,insufficient_context,multi_method_instruction,2026-06-05T14:56:33.584454+00:00,כללי
283182dc-eda2-42be-b2a5-898419abf37a,יהיה דרגת היחידה 11111 -אטבח,יהיה דרגת היחידה,רגיל,11111,679,10432,excel_import,,insufficient_context,multi_method_instruction,2026-06-05T14:56:33.584454+00:00,כללי
28456ba4-6b6f-41e3-9368-11bed86eb27b,סוף לריבית = 1692 רגיל ומסתתר,סוף לריבית =,רגיל,1692,798,894,excel_import,,insufficient_context,multi_method_instruction,2026-06-05T14:56:33.584454+00:00,כללי
285ac82c-05ba-4e15-831a-c6bbfe23eeea,נסיון 533 אתבש,נסיון,רגיל,533,176,357,excel_import,,insufficient_context,multi_method_instruction,2026-06-05T14:22:33.885934+00:00,
287a15f7-eff7-4315-bf7c-49135ebe5dcc,המשיח יבוא 776 -אתבש,המשיח יבוא,רגיל,776,382,394,excel_import,,insufficient_context,multi_method_instruction,2026-06-05T14:56:33.584454+00:00,משיח
28ac61ea-df26-43b1-833d-ba285857715a,צמח דויד 644 - רת,צמח דויד,רגיל,644,162,482,excel_import,,candidate_method_dependency,candidate_method,2026-06-05T14:22:33.885934+00:00,
2bb86a84-390a-4a08-a31e-ffb21e9da4bd,גאולה 396 -אטבח,גאולה,רגיל,396,45,351,excel_import,,insufficient_context,multi_method_instruction,2026-06-05T14:22:33.885934+00:00,
2c2dc4a2-de37-420b-aabb-a827ed3d681a,יהוה מסתיר את הגאל האחרון -1820 מסתתר,יהוה מסתיר את הגאל האחרון,רגיל,1820,1446,374,excel_import,,method_alias_issue,multi_method_instruction,2026-06-05T14:56:33.584454+00:00,יהוה
2dc0d0a9-5cf6-4639-8ac0-e55d42d9f55a,אשרי המחכה למשיח ל1335-רת --פי 5-אחרי גדול 20160,אשרי המחכה למשיח ל,רגיל,1335,1007,328,excel_import,,candidate_method_dependency,candidate_method,2026-06-05T14:56:33.584454+00:00,משיח
2ddfe7ab-ef71-4235-a12e-8258e9b481c9,סוד המשיח 533- מסתתר,סוד המשיח,רגיל,533,433,100,excel_import,,insufficient_context,multi_method_instruction,2026-06-05T14:56:33.584454+00:00,משיח
2de7b823-d34a-4c67-a991-e93d49ee66f1,סוד המשיח 1820 - מסתתר גדול -לפי אחת,סוד המשיח,רגיל,1820,433,1387,excel_import,,wrong_expression_boundary,multi_method_instruction,2026-06-05T14:56:33.584454+00:00,משיח
2e463dc1-94ff-4b21-a984-fae937999646,אחד ארבע שבע ושתיים (1472) רגיל 1424 - מסתתר 2216,1424,מסתתר,2216,0,2216,excel_import,,insufficient_context,multi_method_instruction,2026-06-05T14:56:33.584454+00:00,כללי
2f43b8d1-eb7c-4624-9b87-7b1de1010271,הסוף לטרור בימינו = 717 רגיל ומילים,הסוף לטרור בימינו =,רגיל,717,714,3,excel_import,,insufficient_context,method_result_claim,2026-06-05T14:56:33.584454+00:00,כללי
31037963-a9af-4f22-8954-c974d819ffa1,הסוף לשליטים = 775 מסתתר רגיל,הסוף לשליטים =,רגיל,775,580,195,excel_import,,method_alias_issue,multi_method_instruction,2026-06-05T14:56:33.584454+00:00,כללי
32467d9b-feb9-452f-ad2a-8ec399d85edf,צמח משיח בן דויד מצפה לשכינה =1118- אתבש,צמח משיח בן דויד מצפה לשכינה =,רגיל,1118,1202,-84,excel_import,,insufficient_context,multi_method_instruction,2026-06-05T14:56:33.584454+00:00,משיח
33d6d95c-7120-48ce-a6f4-d8d7abf5dea5,האמת תהיה נעדרת ב 776 = 2936 רגיל,האמת תהיה נעדרת ב 776 =,רגיל,2936,1592,1344,excel_import,,insufficient_context,method_result_claim,2026-06-05T14:56:33.584454+00:00,כללי
3468e323-c44a-4acc-a3e1-455e472469a0,מלכות שמים תתגלה ב776- גדול,מלכות שמים תתגלה ב,רגיל,776,1726,-950,excel_import,,insufficient_context,multi_method_instruction,2026-06-05T14:56:33.584454+00:00,כללי
369b87fb-f8ef-45f5-866e-4728e1bb1947,המשיח יבא ב 776 - משולש,המשיח יבא ב,רגיל,776,378,398,excel_import,,insufficient_context,multi_method_instruction,2026-06-05T14:56:33.584454+00:00,משיח
37d36ee6-5eb1-420a-a678-4fabea412935,יהוה אוהב את עמו 396 - רגיל ומסתתר,יהוה אוהב את עמו,רגיל,396,557,-161,excel_import,,insufficient_context,multi_method_instruction,2026-06-05T14:56:33.584454+00:00,יהוה
381331b6-6a40-4acd-8bb4-4cf461360540,שנת ביאת המשיח האחרון 776 - 1212 רת,שנת ביאת המשיח האחרון 776,רגיל,1212,1796,-584,excel_import,,candidate_method_dependency,candidate_method,2026-06-05T14:56:33.584454+00:00,משיח
38cb2fdc-6649-475e-8949-446f381ae296,יהוה ימליך אותי ב2016 -ריבוע -,יהוה ימליך אותי ב,רגיל,2016,555,1461,excel_import,,insufficient_context,multi_method_instruction,2026-06-05T14:56:33.584454+00:00,יהוה
39d27c2f-3147-4c77-a0dc-0432a78b2f67,רוח אלהים אותיות אחרי - 3333 מילוי דה מילוי,רוח אלהים,אותיות אחרי,3333,434,2899,excel_import,,method_alias_issue,multi_method_instruction,2026-06-05T14:56:33.584454+00:00,כללי
3c3bc69d-f260-4f30-abd2-6ae3b831cf20,צמח דוד מצפה ל22 12 -4340-גדול,צמח דוד מצפה ל22 12,רגיל,4340,397,3943,excel_import,,insufficient_context,multi_method_instruction,2026-06-05T14:56:33.584454+00:00,כללי
3c745b79-5f47-4c65-b5fb-a9a138d9c68d,עליית העולמות 396 אתבש,עליית העולמות,רגיל,396,1077,-681,excel_import,,insufficient_context,multi_method_instruction,2026-06-05T14:56:33.584454+00:00,כללי
4088aa18-5d2c-42a5-a3f8-c168ae72d5f0,ביאת המשיח האמיתי בימינו 3960 אטבח ראשי,ביאת המשיח האמיתי בימינו,רגיל,3960,1360,2600,excel_import,,insufficient_context,multi_method_instruction,2026-06-05T14:56:33.584454+00:00,משיח
416cf667-a254-48eb-82e6-078dd7521e4e,מלכותו בזמן הזה ב 776 - מילוי ללא מילה -1118 אלבם,מלכותו בזמן הזה ב,רגיל,776,620,156,excel_import,,insufficient_context,multi_method_instruction,2026-06-05T14:56:33.584454+00:00,כללי
434ad93e-0c2c-437c-913c-6d60dfbf0bc6,המלכתי ב2016 -רגיל ומלים,המלכתי ב,רגיל,2016,507,1509,excel_import,,wrong_expression_boundary,method_result_claim,2026-06-05T14:56:33.584454+00:00,כללי
43a3d1e3-9441-474f-a4f1-8e32f8ae1aa5,נשמתי תעלה 11111- סת - לפי אחד,נשמתי תעלה,רגיל,11111,1305,9806,excel_import,,candidate_method_dependency,candidate_method,2026-06-05T14:56:33.584454+00:00,כללי
43bb7299-ccf8-4b34-800b-c7a1ad5d43c9,רצון יהוה את 396 - מסתתר -לפי שלוש,רצון יהוה את,רגיל,396,773,-377,excel_import,,insufficient_context,multi_method_instruction,2026-06-05T14:56:33.584454+00:00,יהוה
43c94189-133a-4244-a164-e7666e2cef53,מיהו 644-אתבש,מיהו,רגיל,644,61,583,excel_import,,insufficient_context,multi_method_instruction,2026-06-05T14:22:33.885934+00:00,
44b9d74a-1d57-47aa-8ce3-f742c9193ace,מלחמת דעאש מלחמת יהוה 1289 מסתתר,מלחמת דעאש מלחמת יהוה,רגיל,1289,1437,-148,excel_import,,method_alias_issue,multi_method_instruction,2026-06-05T14:56:33.584454+00:00,יהוה
45850c22-db48-497d-ac2e-8a2f3a1133c9,פני הדור כפני הכלב בימינו = 2756 מילוי רגיל,פני הדור כפני הכלב בימינו =,רגיל,2756,690,2066,excel_import,,insufficient_context,multi_method_instruction,2026-06-05T14:56:33.584454+00:00,כללי
461694f9-0afa-4f2f-8662-67c0d1517a4a,הסוף להגרלות הלוטו = 2756 ריבוע גדול,הסוף להגרלות הלוטו =,רגיל,2756,881,1875,excel_import,,insufficient_context,multi_method_instruction,2026-06-05T14:56:33.584454+00:00,כללי
47097335-f7e0-47b1-86f9-c344e3927883,"יהוה השולט על כל העולם, מסתתר 1414",יהוה השולט על כל העולם,מסתתר,1414,854,560,excel_import,,insufficient_context,method_result_claim,2026-06-05T14:56:33.584454+00:00,יהוה
4abb0de5-ef2d-4189-9438-f7e93a618c98,רוח אלהים מרחפת על פני 717- לפני -5140-סת =פי 5,רוח אלהים מרחפת על פני 717- לפני,רגיל,5140,1438,3702,excel_import,,candidate_method_dependency,candidate_method,2026-06-05T14:56:33.584454+00:00,כללי
4c419c17-7bed-4a16-a39f-ed6195517727,מתאוה = ריבוע רגיל -644- מילוי ללא,מתאוה =,רגיל,644,452,192,excel_import,,insufficient_context,multi_method_instruction,2026-06-05T14:56:33.584454+00:00,כללי
4d972040-0879-4004-8b13-afeef9ca42d6,גִּילִי מְאֹד בַּת צִיּוֹן הָרִיעִי בַּת יְרוּשָׁלַ‍ִם הִנֵּה מַלְכֵּךְ אנכי - 363- מסתתר -266-ניקוד,גִּילִי מְאֹד בַּת צִיּוֹן הָרִיעִי בַּת יְרוּשָׁלַ‍ִם הִנֵּה מַלְכֵּךְ אנכי,מסתתר,266,2675,-2409,excel_import,,insufficient_context,multi_method_instruction,2026-06-05T14:56:33.584454+00:00,כללי
4da1ccef-8ba5-45d1-98f1-f1e538569dda,מי צמח דוד ב781 -רגיל ומשולש לפי אחת,מי צמח דוד ב,רגיל,781,204,577,excel_import,,insufficient_context,multi_method_instruction,2026-06-05T14:56:33.584454+00:00,כללי
509b1e3b-1b9d-46b9-8bc0-2796d1a90c3d,אליהו הנביא ימשח את 717- ריבוע,אליהו הנביא ימשח את,רגיל,717,879,-162,excel_import,,insufficient_context,multi_method_instruction,2026-06-05T14:56:33.584454+00:00,כללי
50abe4db-0bf6-4a67-8a0b-49de684a11f5,מלחמת עולם נוראית 1358 מסתתר,מלחמת עולם נוראית,רגיל,1358,1331,27,excel_import,,method_alias_issue,multi_method_instruction,2026-06-05T14:56:33.584454+00:00,כללי
517d3f45-d8ba-44bc-881e-a629e8c15361,ביאתו ב781 -אטבח,ביאתו ב,רגיל,781,421,360,excel_import,,insufficient_context,multi_method_instruction,2026-06-05T14:22:33.885934+00:00,
523a577e-0b65-4dc6-a093-d88b568f8085,בית המקדש המקדש ירד ב2016 - סת,בית המקדש המקדש ירד ב,רגיל,2016,1526,490,excel_import,,candidate_method_dependency,candidate_method,2026-06-05T14:56:33.584454+00:00,כללי
52cb13ed-571c-4050-ac8f-de47e419a4c7,סוד יום הגאולה 176 רגיל משולש 670 - מסתתר 152,670,מסתתר,152,0,152,excel_import,,insufficient_context,multi_method_instruction,2026-06-05T14:56:33.584454+00:00,גאולה
52eb5c83-ae03-4cc6-b001-443a65581b70,396 שם המשיח -לפני בן איש חי -1717 מסתתר,396 שם המשיח -לפני בן איש חי,רגיל,1717,1254,463,excel_import,,insufficient_context,multi_method_instruction,2026-06-05T14:56:33.584454+00:00,משיח
538471b3-335c-4c6c-b5cf-d67ea5dd4afe,יה 396 - אתבש,יה,רגיל,396,15,381,excel_import,,insufficient_context,multi_method_instruction,2026-06-05T14:22:33.885934+00:00,
548c43d2-5480-4777-8079-5d57ffcf1397,יהוה ימלך לעלם ועד אתבש 1335מדבר רבה,יהוה ימלך לעלם ועד,אתבש,1335,644,691,excel_import,,insufficient_context,method_result_claim,2026-06-05T14:56:33.584454+00:00,יהוה
54e2b7dc-5064-41d7-b84a-6d5b90cdddad,ברוך אתה יהוה אלהינו מלך העולם שֶחָלַק מחכמתו ליראיו - 3732 - גדול,ברוך אתה יהוה אלהינו מלך העולם שֶחָלַק מחכמתו ליראיו,רגיל,3732,2212,1520,excel_import,,insufficient_context,multi_method_instruction,2026-06-05T14:56:33.584454+00:00,יהוה
566b7ee1-5112-4188-a561-cc880b1765c4,בחרתי בך למשיחי ב2015 - מסתתר,בחרתי בך למשיחי ב,רגיל,2015,1042,973,excel_import,,insufficient_context,multi_method_instruction,2026-06-05T14:56:33.584454+00:00,משיח
56d6d492-6e7b-49b9-ac48-2530f4101700,הסוף לאטום בימינו = 358 רגיל ומילים,הסוף לאטום בימינו =,רגיל,358,355,3,excel_import,,insufficient_context,method_result_claim,2026-06-05T14:56:33.584454+00:00,כללי
5720b3e2-07b3-4d64-9444-5124bb8c53b0,אלול 337 - ריבוע,אלול,רגיל,337,67,270,excel_import,,insufficient_context,multi_method_instruction,2026-06-05T14:22:33.885934+00:00,
572ad645-81f2-4e6d-bc7a-d9cc2c82ba9b,396 זה 474 - מסתתר,396 זה,רגיל,474,12,462,excel_import,,insufficient_context,multi_method_instruction,2026-06-05T14:22:33.885934+00:00,
586da8de-82a4-4123-857e-1ffa85315e1f,המחירים יאמירו בימינו = 717 רגיל ואותיות,המחירים יאמירו בימינו =,רגיל,717,698,19,excel_import,,insufficient_context,method_result_claim,2026-06-05T14:56:33.584454+00:00,כללי
5a28eef1-bb78-4fc1-ba96-4a7476f5a3ae,חכמה מילוי ללא מילה מילוי רגיל 613,חכמה,רגיל,613,73,540,excel_import,,method_alias_issue,multi_method_instruction,2026-06-05T14:56:33.584454+00:00,כללי
5dc939a6-97fa-471e-a31a-1615f56fa801,סודי מלך המשיח =1202 רגיל ומסתתר,סודי מלך המשיח =,רגיל,1202,533,669,excel_import,,insufficient_context,multi_method_instruction,2026-06-05T14:56:33.584454+00:00,משיח
5e9103d5-fc9f-4cc3-a611-a1339fe7e57a,ראש השנה 776 - מסתתר,ראש השנה,רגיל,776,861,-85,excel_import,,insufficient_context,multi_method_instruction,2026-06-05T14:56:33.584454+00:00,כללי
5f62fa57-d41f-48c6-966f-6f055ae0ed78,וַיִּקְרָא יַעֲקֹב אֶל בָּנָיו וַיֹּאמֶר הֵאָסְפוּ וְאַגִּידָה לָכֶם אֵת אֲשֶׁר יִקְרָא אֶתְכֶם בְּאַחֲרִית הַיָּמִים ביאת המשיח באלפיים חמש עשרה-מיקום האות -70000-מילוי =פי 5,וַיִּקְרָא יַעֲקֹב אֶל בָּנָיו וַיֹּאמֶר הֵאָסְפוּ וְאַגִּידָה לָכֶם אֵת אֲשֶׁר יִקְרָא אֶתְכֶם בְּאַחֲרִית הַיָּמִים ביאת המשיח באלפיים חמש עשרה-מיקום האות,רגיל,70000,6006,63994,excel_import,,insufficient_context,multi_method_instruction,2026-06-05T14:56:33.584454+00:00,משיח
63745d65-41df-4a29-8b41-722f36326fc2,266 644- רגיל -1202 רת,266 644,רגיל,1202,0,1202,excel_import,,candidate_method_dependency,candidate_method,2026-06-05T14:22:33.885934+00:00,
646aa48d-8104-488a-bed1-ba93c41d0630,אשרי המחכה ל1335 -רת,אשרי המחכה ל,רגיל,1335,619,716,excel_import,,candidate_method_dependency,candidate_method,2026-06-05T14:56:33.584454+00:00,כללי
64c34830-c0bb-4331-bc48-4a91bf97053a,בשורת הגאולה ב 776- מסתתר,בשורת הגאולה ב,רגיל,776,960,-184,excel_import,,insufficient_context,multi_method_instruction,2026-06-05T14:56:33.584454+00:00,גאולה
6569e087-9a8c-4411-bb8e-28cd45153bde,יהוה גילה לי את הקץ 1335- מסתתר,יהוה גילה לי את הקץ,רגיל,1335,710,625,excel_import,,insufficient_context,multi_method_instruction,2026-06-05T14:56:33.584454+00:00,יהוה
65c63ef4-f95a-4891-9720-b758a6787082,אמשח למשיח אמיתי ב 22 12 - אתבש,אמשח למשיח אמיתי ב 22,רגיל,12,1200,-1188,excel_import,,insufficient_context,multi_method_instruction,2026-06-05T14:56:33.584454+00:00,משיח
66442de1-5d7f-4116-a0a2-fcdccb6e75f6,הסוף לעושק = 781 מסתתר רגיל,הסוף לעושק =,רגיל,781,657,124,excel_import,,method_alias_issue,multi_method_instruction,2026-06-05T14:56:33.584454+00:00,כללי
6672205c-8ab9-4e60-8220-d2e9d5189c54,הגואל ב2015 - מילוי גדול,הגואל ב,רגיל,2015,47,1968,excel_import,,insufficient_context,multi_method_instruction,2026-06-05T14:56:33.584454+00:00,גאולה
6672db06-9161-4c68-9369-e6529b433e01,ימלך בישראל 781 - משולש גדול,ימלך בישראל,רגיל,781,643,138,excel_import,,insufficient_context,multi_method_instruction,2026-06-05T14:56:33.584454+00:00,כללי
674e63c1-c3a8-4052-aac2-28bcfb9029cb,644 ב 2936- אטבח,644 ב,רגיל,2936,2,2934,excel_import,,insufficient_context,multi_method_instruction,2026-06-05T14:22:33.885934+00:00,
680e8248-7251-4bcf-b5c2-7524d6426c8a,זמן ביאת המשיח בספר דניאל פרק יב 1290 1335 - סת,זמן ביאת המשיח בספר דניאל פרק יב 1290,רגיל,1335,1702,-367,excel_import,,candidate_method_dependency,candidate_method,2026-06-05T14:56:33.584454+00:00,משיח
695f1134-ac79-44d5-a625-4514731b270e,266 דוד לפני 644 סופי תיבות 1266 אטבח,266 דוד לפני 644 סופי תיבות,רגיל,1266,1158,108,excel_import,,insufficient_context,multi_method_instruction,2026-06-05T14:56:33.584454+00:00,כללי
69dde4a0-6f70-42f5-b585-5c58be20eb17,גואל עתיק יומין לפני 1290 מילוי,גואל עתיק יומין לפני,רגיל,1290,906,384,excel_import,,insufficient_context,multi_method_instruction,2026-06-05T14:56:33.584454+00:00,גאולה
6b681bf2-7539-43a1-9a1e-6de008ffff11,במוצאי שביעית הזה ∆ אותיות אחרי 1118,במוצאי שביעית הזה ∆,אותיות אחרי,1118,726,392,excel_import,,method_alias_issue,method_result_claim,2026-06-05T14:56:33.584454+00:00,כללי
6d30fd94-8123-4c9b-855d-5fc44a76d682,ביאת משיח יהוה ב 477- רגיל ועוד משולש,ביאת משיח יהוה ב,רגיל,477,799,-322,excel_import,,insufficient_context,multi_method_instruction,2026-06-05T14:56:33.584454+00:00,משיח
6dcd3c69-896b-4e59-a268-4885c8b61611,בימינו 2880 - מסתתר,בימינו,רגיל,2880,118,2762,excel_import,,insufficient_context,multi_method_instruction,2026-06-05T14:56:33.584454+00:00,כללי
6f4ec955-f04e-4e2a-9019-de4c9d6da71c,משיח 337 533 396 מסתתר לפי שלש,משיח 337 533,רגיל,396,358,38,excel_import,,insufficient_context,multi_method_instruction,2026-06-05T14:56:33.584454+00:00,משיח
6f567bf1-6fe8-4c1e-9655-7a9c9671ab72,הסוף למזומנים = 386 רגיל ואותיות,הסוף למזומנים =,רגיל,386,374,12,excel_import,,insufficient_context,method_result_claim,2026-06-05T14:56:33.584454+00:00,כללי
71d82e09-a188-4027-aeae-a4ba953bbbc4,יהוה ימליך אותי ב2016 - מילוי,יהוה ימליך אותי ב,רגיל,2016,555,1461,excel_import,,insufficient_context,multi_method_instruction,2026-06-05T14:56:33.584454+00:00,יהוה
740723f5-fe40-427c-a12d-d89228387209,ישועתך ב781 -לפני 5900--אטבח=פי 5,ישועתך ב781 -לפני,רגיל,5900,978,4922,excel_import,,insufficient_context,multi_method_instruction,2026-06-05T14:56:33.584454+00:00,כללי
749d7082-e2be-41c7-b385-b364fdea1be7,משיח יהוה 644 מילוי,משיח יהוה,רגיל,644,384,260,excel_import,,insufficient_context,multi_method_instruction,2026-06-05T14:56:33.584454+00:00,משיח
74ec0127-7282-4d6f-9e48-858757e3fbbf,צמח דוד ברחוב אחוזה 68 -רגיל ומילוי,צמח דוד ברחוב אחוזה,רגיל,68,397,-329,excel_import,,insufficient_context,multi_method_instruction,2026-06-05T14:56:33.584454+00:00,כללי
78c33c6b-ea5a-4c0f-bb0c-038cc04dca2a,זעם אפי לפטיש כבד - מסתתר + רגיל 1337,+,רגיל,1337,0,1337,excel_import,,insufficient_context,multi_method_instruction,2026-06-05T14:56:33.584454+00:00,כללי
797b17c7-ad25-4641-9efd-3093cdacaae0,סוד יהוה שנת 781- מילוי רגיל,סוד יהוה שנת,רגיל,781,846,-65,excel_import,,insufficient_context,multi_method_instruction,2026-06-05T14:56:33.584454+00:00,יהוה
7981d9e6-27ce-4b73-8c42-70d1e23807aa,הסוף לחולים בימינו = 396 רגיל ומילים,הסוף לחולים בימינו =,רגיל,396,393,3,excel_import,,insufficient_context,method_result_claim,2026-06-05T14:56:33.584454+00:00,כללי
7aac4bf5-2202-42f1-a507-6fd4b17551d1,עת 76 מילוי ללא,עת,רגיל,76,470,-394,excel_import,,insufficient_context,multi_method_instruction,2026-06-05T14:22:33.885934+00:00,
7af5acb6-60cf-4be6-a405-03ec4365ccfb,הסוף למלחמות העמים בימינו = 998 רגיל !,הסוף למלחמות העמים בימינו =,רגיל,998,988,10,excel_import,,insufficient_context,method_result_claim,2026-06-05T14:56:33.584454+00:00,כללי
7d399c80-8e5a-403c-a8b9-38d215945d9f,עת הזמיר בשנה הבאה עלינו לטובה 3968 מילוי,עת הזמיר בשנה הבאה עלינו לטובה,רגיל,3968,1320,2648,excel_import,,wrong_expression_boundary,multi_method_instruction,2026-06-05T14:56:33.584454+00:00,כללי
7f355712-503e-4a8a-bd42-798d024b2193,חמש שלש שלש (533) - מילוי דמילוי,חמש שלש שלש,רגיל,533,1608,-1075,excel_import,,insufficient_context,multi_method_instruction,2026-06-05T14:56:33.584454+00:00,כללי
7f57e2d6-4095-4e59-8443-8e4337ca22f4,גאולה 2212-מסתתר רגיל,גאולה,רגיל,2212,45,2167,excel_import,,insufficient_context,multi_method_instruction,2026-06-05T14:56:33.584454+00:00,גאולה
7f8c2ae0-4de0-436d-8805-10a779f76929,644 - מסתתר - 1424 אתבש,644,מסתתר,1424,0,1424,excel_import,,insufficient_context,multi_method_instruction,2026-06-05T14:22:33.885934+00:00,
7fef9b45-a9aa-40f5-a5e6-d14d84e5991b,עת התגלותי שנה הבאה 2626 מילוי,עת התגלותי שנה הבאה,רגיל,2626,1692,934,excel_import,,insufficient_context,multi_method_instruction,2026-06-05T14:56:33.584454+00:00,כללי
8253a548-5beb-4933-963d-b783f8c88e05,מלכותי תהיה 2015ב- 2600 רגיל ואותיות,מלכותי תהיה 2015ב,רגיל,2600,928,1672,excel_import,,insufficient_context,method_result_claim,2026-06-05T14:56:33.584454+00:00,כללי
8363fc54-7004-4b15-bd14-1ec4760bc731,שׁוּבָה יִשְׂרָאֵל עַד יְהוָה אֱלֹהֶיךָ כִּי כָשַׁלְתָּ בַּעֲו‍ֹנֶךָ - אותיות לפני 1336,שׁוּבָה יִשְׂרָאֵל עַד יְהוָה אֱלֹהֶיךָ כִּי כָשַׁלְתָּ בַּעֲו‍ֹנֶךָ,אותיות לפני,1336,2132,-796,excel_import,,insufficient_context,method_result_claim,2026-06-05T14:56:33.584454+00:00,כללי
8436d861-17fa-4717-b776-259121448882,שנת התגלותי 781- 266 מילוי האות,שנת התגלותי 781,רגיל,266,1604,-1338,excel_import,,wrong_expression_boundary,multi_method_instruction,2026-06-05T14:56:33.584454+00:00,כללי
85eea5ab-00cc-494f-b41d-171fe8a52227,יוקר המחיה בימינו = 424 מסתתר רגיל וגדול,יוקר המחיה בימינו =,רגיל,424,502,-78,excel_import,,method_alias_issue,multi_method_instruction,2026-06-05T14:56:33.584454+00:00,כללי
86a6c3b9-c2cd-4e12-ab3a-a69df29ae5e1,אתגלה בעתה בשנה החדשה ב22 12 -לי אחד - 7810- מילוי,אתגלה בעתה בשנה החדשה ב22 12 -לי אחד,רגיל,7810,1650,6160,excel_import,,insufficient_context,multi_method_instruction,2026-06-05T14:56:33.584454+00:00,כללי
8764e97b-bbdb-4f96-8bc2-0826274a5e22,צמח דוד 644 - רת,צמח דוד,רגיל,644,152,492,excel_import,,candidate_method_dependency,candidate_method,2026-06-05T14:22:33.885934+00:00,
88355db1-6cd0-4a6a-9428-1a895f843f3e,שנת 776 - מילוי דמילוי,שנת,רגיל,776,750,26,excel_import,,insufficient_context,multi_method_instruction,2026-06-05T14:56:33.584454+00:00,כללי
89967ba4-b6c0-4f9b-b17d-08e2643c3ca2,המשיח יבא 776 - מילוי - משולש 6441 - מילוי ללא 2240,המשיח יבא,רגיל,776,376,400,excel_import,,insufficient_context,multi_method_instruction,2026-06-05T14:56:33.584454+00:00,משיח
89967ba4-b6c0-4f9b-b17d-08e2643c3ca2,המשיח יבא 776 - מילוי - משולש 6441 - מילוי ללא 2240,המשיח יבא,קדמי,6441,1405,5036,excel_import,,insufficient_context,multi_method_instruction,2026-06-05T14:56:33.584454+00:00,משיח
8d7f4805-ba26-4d24-afb3-a63dc20214a9,ביאתי 1335- מילוי ללא לפי -אחת,ביאתי,רגיל,1335,423,912,excel_import,,insufficient_context,multi_method_instruction,2026-06-05T14:56:33.584454+00:00,כללי
8f20870d-db97-45ef-a15d-c12e952b891f,הוא מלך המשיח ב2015 -אטבח,הוא מלך המשיח ב,רגיל,2015,467,1548,excel_import,,insufficient_context,multi_method_instruction,2026-06-05T14:56:33.584454+00:00,משיח
8fb0c065-74d1-481f-9b7f-27c8f98f5dcb,עד עת קץ 1335-גדול ומלים-לפי אחת,עד עת קץ,רגיל,1335,734,601,excel_import,,insufficient_context,multi_method_instruction,2026-06-05T14:56:33.584454+00:00,כללי
90286a16-68c7-4937-b3f4-20c3f9895ce4,תשועת ישראל ב2015 - מילוי גדול אות שניה 5140 - פי 5 -,תשועת ישראל ב,רגיל,2015,1719,296,excel_import,,insufficient_context,multi_method_instruction,2026-06-05T14:56:33.584454+00:00,כללי
9170fc94-aa70-4427-99a0-d436539c4601,הסוד אסתר 710 - אתבש 690 שנחבר רגיל 1426,690 שנחבר,רגיל,1426,560,866,excel_import,,insufficient_context,multi_method_instruction,2026-06-05T14:56:33.584454+00:00,כללי
9216b91e-2453-4854-8e81-97df57c5e07c,מלך המשיח יבא מכי ליהוה המלוכה ב2016 -01300-רגיל,מלך המשיח יבא מכי ליהוה המלוכה ב2016,רגיל,1300,700,600,excel_import,,insufficient_context,method_result_claim,2026-06-05T14:56:33.584454+00:00,משיח
92f57f9a-b365-4a44-a2d1-ee9ac915e742,שאול המלך דויד המלך מילוי - 450 מסתתר - 375 אחרי,450,מסתתר,375,0,375,excel_import,,insufficient_context,multi_method_instruction,2026-06-05T14:56:33.584454+00:00,כללי
948be4aa-791e-4a8b-bdc5-ecd2ddc6cf29,הוא שליח יהוה 1434 ∆ - 1820 -רגיל ומשולש,הוא שליח יהוה 1434 ∆,רגיל,1820,386,1434,excel_import,,value_is_target_not_result,multi_method_instruction,2026-06-05T14:56:33.584454+00:00,יהוה
95f2d6da-07e1-45b7-9b3b-2cb4180c70c6,האמת תהיה נעדרת ב = 3096 מילוי רגיל,האמת תהיה נעדרת ב =,רגיל,3096,1592,1504,excel_import,,insufficient_context,multi_method_instruction,2026-06-05T14:56:33.584454+00:00,כללי
98e9915f-ccb0-4d8c-a48d-39efbca12b0f,יהוה ימלך לעלם ועד אתבש 1290 מילוי,יהוה ימלך לעלם ועד,אתבש,1290,644,646,excel_import,,method_alias_issue,multi_method_instruction,2026-06-05T14:56:33.584454+00:00,יהוה
99026375-63c5-4bb4-917f-fc42f6be149b,משיח יהוה בזמן הזה מסתתר - 1212 מילוי ללא,משיח יהוה בזמן הזה,מסתתר,1212,611,601,excel_import,,insufficient_context,multi_method_instruction,2026-06-05T14:56:33.584454+00:00,משיח
9964513a-9c33-4262-be50-ee422d489bf8,משיח 337 533 396 566 משולש,משיח 337 533 396,רגיל,566,358,208,excel_import,,insufficient_context,multi_method_instruction,2026-06-05T14:22:33.885934+00:00,
9a85518b-7c6f-4fc8-b0ee-00f2a5b02e19,הצמח 363- רגיל ואותיות,הצמח,רגיל,363,143,220,excel_import,,insufficient_context,method_result_claim,2026-06-05T14:56:33.584454+00:00,כללי
9c6cfdec-d95f-4657-a196-f2752372911d,337 עוזר המשיח 266- אתבש,337 עוזר המשיח,רגיל,266,646,-380,excel_import,,insufficient_context,multi_method_instruction,2026-06-05T14:56:33.584454+00:00,משיח
9c915472-6765-411f-9346-43a8940b88b2,יהוה יפיל את בראק חוסיין אובאמה -590-סת,יהוה יפיל את בראק חוסיין אובאמה,רגיל,590,1059,-469,excel_import,,candidate_method_dependency,candidate_method,2026-06-05T14:56:33.584454+00:00,יהוה
9cd51b65-ae6b-44d1-bd09-93bbaa42ee2f,יהוה ציון 182 424 -אתבש,יהוה ציון 182,רגיל,424,182,242,excel_import,,wrong_expression_boundary,multi_method_instruction,2026-06-05T14:56:33.584454+00:00,יהוה
9f45b7a1-04d7-4e7a-9813-26aaab241054,לך מלכות דויד בן ישי ב2015 - ריבוע,לך מלכות דויד בן ישי ב,רגיל,2015,944,1071,excel_import,,insufficient_context,multi_method_instruction,2026-06-05T14:56:33.584454+00:00,כללי
a13e08c4-3280-42a3-8e6c-421f0966306d,מחנה ישראל 3630 מילוי ללא מילה,מחנה ישראל,רגיל,3630,644,2986,excel_import,,insufficient_context,multi_method_instruction,2026-06-05T14:56:33.584454+00:00,כללי
a1623f60-fafc-4d52-9a62-d28aedb2dd4f,נשמתי משה משולש - 1437 מילוי רגיל,נשמתי משה,קדמי,1437,4240,-2803,excel_import,,method_alias_issue,multi_method_instruction,2026-06-05T14:56:33.584454+00:00,כללי
a55df17f-cede-44b0-8f00-18c889002d4a,זה + זה = 474 - רגיל 137 סמי הזיה - מילוי,זה + זה =,רגיל,137,24,113,excel_import,,insufficient_context,multi_method_instruction,2026-06-05T14:56:33.584454+00:00,כללי
a823657f-34af-432b-9132-992f4386a68e,בואו בשנת 776 -מסתתר,בואו בשנת,רגיל,776,767,9,excel_import,,insufficient_context,multi_method_instruction,2026-06-05T14:56:33.584454+00:00,כללי
aefcfc94-6a02-4ff9-af98-3b40103ca28c,צמח דוד ב1335-אתבש -לפי אחד,צמח דוד ב,רגיל,1335,154,1181,excel_import,,wrong_expression_boundary,multi_method_instruction,2026-06-05T14:56:33.584454+00:00,כללי
af442225-bf44-40f8-aac7-0ec096b9c252,ביאת הגאל 1335 1290- גדול ואותיות -לפי אחד,ביאת הגאל 1335,רגיל,1290,452,838,excel_import,,insufficient_context,multi_method_instruction,2026-06-05T14:56:33.584454+00:00,כללי
afce07dc-f050-408a-9a81-b2dda473b587,באחישנה עד ט בטבת 781 - אתבש =פי 5,באחישנה עד ט בטבת,רגיל,781,872,-91,excel_import,,insufficient_context,multi_method_instruction,2026-06-05T14:56:33.584454+00:00,כללי
b092da60-db16-4f75-a5c1-f427bd5fc47c,המשיח 477- מילו - 2480 מילוי ללא - 676 אלבם,המשיח 477- מילו,רגיל,2480,449,2031,excel_import,,insufficient_context,multi_method_instruction,2026-06-05T14:56:33.584454+00:00,משיח
b12574cb-0aa3-4946-87eb-a77896411ea6,חוכמת סופרים תסרח = 3333 מילוי רגיל,חוכמת סופרים תסרח =,רגיל,3333,1538,1795,excel_import,,insufficient_context,multi_method_instruction,2026-06-05T14:56:33.584454+00:00,כללי
b1741e61-6135-4d89-83fb-a5841ebca09d,אתה נבחרת- רגיל -12020- מילוי ללא -פי 5,אתה נבחרת,רגיל,12020,1066,10954,excel_import,,insufficient_context,multi_method_instruction,2026-06-05T14:56:33.584454+00:00,כללי
b184a780-9595-43af-8bd8-dd663c6b2727,רצון יהוה משיח צדק ב2015 -משולש,רצון יהוה משיח צדק ב,רגיל,2015,926,1089,excel_import,,insufficient_context,multi_method_instruction,2026-06-05T14:56:33.584454+00:00,משיח
b29a92e1-aff5-44a3-8a1c-934c05da7e42,יוקר המחיה = 386 רגיל ומילים,יוקר המחיה =,רגיל,386,384,2,excel_import,,insufficient_context,method_result_claim,2026-06-05T14:56:33.584454+00:00,כללי
b54029f9-9f7f-4148-bb03-961e2646cb56,סודך 1290 ו1335-אתבש לפי אחד,סודך 1290 ו,רגיל,1335,96,1239,excel_import,,insufficient_context,multi_method_instruction,2026-06-05T14:56:33.584454+00:00,כללי
b581693b-b610-4265-8fc2-3f9604e06c08,הצלחת רגיל 533 מסתתר 559 ריבוע 891,533,מסתתר,559,0,559,excel_import,,insufficient_context,multi_method_instruction,2026-06-05T14:56:33.584454+00:00,כללי
b5a7d25c-a76e-4d0a-b6a4-c5680bd7b97f,בשבילי מה בראת 1506 - אתבש,בשבילי מה בראת,רגיל,1506,1002,504,excel_import,,insufficient_context,multi_method_instruction,2026-06-05T14:56:33.584454+00:00,כללי
b5b79781-8a69-4164-807b-f140f51fb083,התגלות צמח דוד ב22 12 - מסתתר לפי אחת,התגלות צמח דוד ב22,רגיל,12,998,-986,excel_import,,insufficient_context,multi_method_instruction,2026-06-05T14:56:33.584454+00:00,כללי
b9a898f5-b1f4-4c02-82fd-0554fa38ac3a,המשיח ב781 - משולש,המשיח ב,רגיל,781,365,416,excel_import,,insufficient_context,multi_method_instruction,2026-06-05T14:56:33.584454+00:00,משיח
ba02e084-fd80-4a52-9069-ea2af1d8e7a5,בשורת מלך המשיח בימינו-לפני - 434- סת,בשורת מלך המשיח בימינו-לפני,רגיל,434,1649,-1215,excel_import,,candidate_method_dependency,candidate_method,2026-06-05T14:56:33.584454+00:00,משיח
ba9536f8-de36-4bba-bcc6-067740f0c9af,מתי אתגלה ב22 12 -רת-לפי אחת,מתי אתגלה ב22,רגיל,12,891,-879,excel_import,,candidate_method_dependency,candidate_method,2026-06-05T14:56:33.584454+00:00,כללי
bb2ffd96-7efc-4d53-8137-6cad7a5c435b,משיח = 112 (אתבש),משיח =,רגיל,112,358,-246,excel_import,,insufficient_context,multi_method_instruction,2026-06-05T14:22:33.885934+00:00,
bcb1da81-dd3c-46d2-b057-3cfb3629a9d1,סוד דניאל הנביא 1335- סת - לפי אחת,סוד דניאל הנביא,רגיל,1335,233,1102,excel_import,,candidate_method_dependency,candidate_method,2026-06-05T14:56:33.584454+00:00,כללי
bcb9bc03-f18d-4d5b-bf5b-06b74bdfddf2,396-קטן -44400 מילוי דה מילוי,396-קטן,רגיל,44400,159,44241,excel_import,,insufficient_context,multi_method_instruction,2026-06-05T14:56:33.584454+00:00,כללי
be3d45e0-e934-4d23-b0ec-6bcedd1e6c38,באו 396- 676 סת,באו 396,רגיל,676,9,667,excel_import,,candidate_method_dependency,candidate_method,2026-06-05T14:22:33.885934+00:00,
bfd714bd-a454-4b1a-960e-8f92fb8b60ea,צמח משיח בן דוד השכינה 1335- מילוי ללא,צמח משיח בן דוד השכינה,רגיל,1335,952,383,excel_import,,insufficient_context,multi_method_instruction,2026-06-05T14:56:33.584454+00:00,משיח
c167fefa-547d-4ee0-88bf-bb85ba7da73b,הסוף לחיילים בימינו = 424 רגיל ואותיות,הסוף לחיילים בימינו =,רגיל,424,407,17,excel_import,,insufficient_context,method_result_claim,2026-06-05T14:56:33.584454+00:00,כללי
c23dc68b-092d-4bd0-8b4f-fe59caa52a12,יוֹדוּךָ עַמִּים אֱלֹהִים יוֹדוּךָ עַמִּים כֻּלָּם - תהילים פרק 67-6 - אותיות לפני 776,יוֹדוּךָ עַמִּים אֱלֹהִים יוֹדוּךָ עַמִּים כֻּלָּם - תהילים פרק 67,אותיות לפני,776,1477,-701,excel_import,,insufficient_context,multi_method_instruction,2026-06-05T14:56:33.584454+00:00,כללי
c273a91c-c674-45a8-9a1b-68ded9e1cb9b,ה533 ה644 - מילוי ללא - אחסע 3370 - מסתתר 2600,ה533 ה,רגיל,644,10,634,excel_import,,insufficient_context,multi_method_instruction,2026-06-05T14:56:33.584454+00:00,כללי
c273a91c-c674-45a8-9a1b-68ded9e1cb9b,ה533 ה644 - מילוי ללא - אחסע 3370 - מסתתר 2600,ללא - אחסע 3370,מסתתר,2600,98,2502,excel_import,,insufficient_context,multi_method_instruction,2026-06-05T14:56:33.584454+00:00,כללי
c3011b57-6415-4a67-bc01-a2b7b581d3b8,כסא יהוה יהיה שלם ב 776 -רגיל ועוד מילוי,כסא יהוה יהיה שלם ב,רגיל,776,509,267,excel_import,,insufficient_context,multi_method_instruction,2026-06-05T14:56:33.584454+00:00,יהוה
c31157e1-a41d-4e8a-8625-e0dcc4c22424,יהוה יחזיר מלכות דויד ב 781- אחרי-4770- אטבח,יהוה יחזיר מלכות דויד ב 781- אחרי,רגיל,4770,1002,3768,excel_import,,insufficient_context,multi_method_instruction,2026-06-05T14:56:33.584454+00:00,יהוה
c3a6cc91-663d-4709-84d4-f04ee9f62eec,אלף= 511 - משולש ריבוע 143,אלף=,רגיל,511,111,400,excel_import,,wrong_expression_boundary,multi_method_instruction,2026-06-05T14:56:33.584454+00:00,כללי
c746d644-a334-4065-8823-78f40b16f8e4,מלחמת גוג ומגוג ב2016- אטבח,מלחמת גוג ומגוג ב,רגיל,2016,590,1426,excel_import,,insufficient_context,multi_method_instruction,2026-06-05T14:56:33.584454+00:00,כללי
cacb6579-c6a5-4495-8072-34054269c5be,הסוף לנדלן = 717 מילוי ללא מילה רגיל,הסוף לנדלן =,רגיל,717,315,402,excel_import,,insufficient_context,multi_method_instruction,2026-06-05T14:56:33.584454+00:00,כללי
cb12174f-dc0e-42de-baf8-79aac0f13372,מלך 363 - מילוי ללא- 1820- מדבר רבה,מלך,רגיל,363,90,273,excel_import,,insufficient_context,multi_method_instruction,2026-06-05T14:56:33.584454+00:00,כללי
cc251802-2f3d-4960-b5de-f44ecfbe5df4,דרגת קודש 11111 -7170-מילוי רגיל -לפי אחת,דרגת קודש 11111,רגיל,7170,1017,6153,excel_import,,wrong_expression_boundary,multi_method_instruction,2026-06-05T14:56:33.584454+00:00,כללי
cc67766a-d349-4e43-bd1c-0703a515c8ef,המשיח ב781 משולש,המשיח ב,רגיל,781,365,416,excel_import,,insufficient_context,multi_method_instruction,2026-06-05T14:56:33.584454+00:00,משיח
cefddfd4-7b85-463f-89e2-fc897f47b8de,....בימינו = 2216 גדול,בימינו =,רגיל,2216,118,2098,excel_import,,insufficient_context,multi_method_instruction,2026-06-05T14:22:33.885934+00:00,
d118c141-a9bf-465d-9ebe-e204d3d4d0ca,אתה אל מסתתר - רגיל 1537,אתה אל,רגיל,1537,437,1100,excel_import,,insufficient_context,multi_method_instruction,2026-06-05T14:56:33.584454+00:00,כללי
d2633ec7-8521-4292-8e8a-2a3db13c0649,עץ יוסף ועץ יהודה יתאחדו מילוי מסתתר 3333,עץ יוסף ועץ יהודה יתאחדו,מסתתר,3333,993,2340,excel_import,,insufficient_context,multi_method_instruction,2026-06-05T14:56:33.584454+00:00,כללי
d2b8f7b1-26da-46d8-81a9-fb7a17f57134,עזר כנגדו 336 מסתתר,עזר כנגדו,רגיל,336,360,-24,excel_import,,method_alias_issue,multi_method_instruction,2026-06-05T14:56:33.584454+00:00,כללי
d5f14d0e-29ae-431f-af4d-00a7b419a5cf,המלכת משיח בן דוד ב 2212 - משולש - רגיל 3580,המלכת משיח בן דוד ב,רגיל,2212,921,1291,excel_import,,insufficient_context,multi_method_instruction,2026-06-05T14:56:33.584454+00:00,משיח
d5f14d0e-29ae-431f-af4d-00a7b419a5cf,המלכת משיח בן דוד ב 2212 - משולש - רגיל 3580,המלכת משיח בן דוד ב,רגיל,3580,921,2659,excel_import,,insufficient_context,multi_method_instruction,2026-06-05T14:56:33.584454+00:00,משיח
d8ab832d-011f-4b31-968a-dd8b5e44c51e,שמשון בן צללפונית 363 - מילוי גדול,שמשון בן צללפונית,רגיל,363,1444,-1081,excel_import,,insufficient_context,multi_method_instruction,2026-06-05T14:56:33.584454+00:00,כללי
d96b8d93-ab64-4061-88e2-20a9c83ed1bc,צמח דוד 644- רת,צמח דוד,רגיל,644,152,492,excel_import,,candidate_method_dependency,candidate_method,2026-06-05T14:22:33.885934+00:00,
dae0210a-9a24-427f-9fe7-f9280ba22b7b,אורן עברון יעזור למשיח 3630 מילוי,אורן עברון יעזור למשיח,רגיל,3630,1266,2364,excel_import,,insufficient_context,multi_method_instruction,2026-06-05T14:56:33.584454+00:00,משיח
dbb84ea6-5e46-4d02-83d9-5e7ea888ddfa,עומדים בחורב ציה ושממה 1237 אתבש,עומדים בחורב ציה ושממה,רגיל,1237,884,353,excel_import,,value_is_target_not_result,multi_method_instruction,2026-06-05T14:56:33.584454+00:00,כללי
dcc68403-2711-4651-9a69-1683e08a726b,אופיע כמשיח - מסתתר - 800 לפני,אופיע כמשיח,מסתתר,800,781,19,excel_import,,method_alias_issue,method_result_claim,2026-06-05T14:56:33.584454+00:00,משיח
dcee597d-d017-444c-9495-2acdabd4356b,גלוי שכינה 800 מילוי,גלוי שכינה,רגיל,800,434,366,excel_import,,insufficient_context,multi_method_instruction,2026-06-05T14:56:33.584454+00:00,כללי
dd16d9b2-7b8d-410a-992d-bda97ad6e12d,המשיח מסתתר בעתה -רגיל -1940 מסתתר,בעתה,רגיל,1940,477,1463,excel_import,,wrong_expression_boundary,multi_method_instruction,2026-06-05T14:56:33.584454+00:00,משיח
de17f7e5-63ef-4c73-aa08-0e4f0f959762,אני משיח עבד יהוה לפני-11340- מילוי דה מילוי,אני משיח עבד יהוה לפני,רגיל,11340,691,10649,excel_import,,insufficient_context,multi_method_instruction,2026-06-05T14:56:33.584454+00:00,משיח
de47476a-3192-4bc8-ba6f-a0dd998ba597,סודי יחשף בעתה מילוי-1820 אטבח,סודי יחשף בעתה,מילוי,1820,2448,-628,excel_import,,value_is_target_not_result,multi_method_instruction,2026-06-05T14:56:33.584454+00:00,כללי
de912901-d9b4-4dee-958f-8a4a02395a3d,סוד דוד עבדך יתגלה ב776 - מסתתר,סוד דוד עבדך יתגלה ב,רגיל,776,630,146,excel_import,,insufficient_context,multi_method_instruction,2026-06-05T14:56:33.584454+00:00,כללי
df05e119-fee3-4722-8e3d-cbf098b92be5,להחזיר עטרה ליושנה = 3700 משולש,להחזיר עטרה ליושנה =,רגיל,3700,945,2755,excel_import,,insufficient_context,multi_method_instruction,2026-06-05T14:56:33.584454+00:00,כללי
e07d5b91-d790-4f17-bcaf-e8aca8d98f3a,שורש דויד ב2015 -5520- סת,שורש דויד ב2015,רגיל,5520,832,4688,excel_import,,candidate_method_dependency,candidate_method,2026-06-05T14:56:33.584454+00:00,כללי
e1f4c424-f286-49d5-89dd-661fb0e22301,הסוף לנדלן בימינו =1692 מילוי רגיל,הסוף לנדלן בימינו =,רגיל,1692,433,1259,excel_import,,insufficient_context,multi_method_instruction,2026-06-05T14:56:33.584454+00:00,כללי
e4fd15b6-9065-4e44-8623-94890b3c7cfd,אני שורש דויד ב2015 - מילוי -מילוי =פי 5,אני שורש דויד ב,רגיל,2015,893,1122,excel_import,,insufficient_context,multi_method_instruction,2026-06-05T14:56:33.584454+00:00,כללי
e57da25f-59cd-444b-9697-77e206ceefbc,נשיא ארהב 44 אטבח,נשיא ארהב,רגיל,44,569,-525,excel_import,,insufficient_context,multi_method_instruction,2026-06-05T14:56:33.584454+00:00,כללי
e5b8db99-cb0e-4e75-a3ba-a1cb325dff04,לי דרגת מלך המשיח ה11111-גדול- אחת,לי דרגת מלך המשיח ה,רגיל,11111,1105,10006,excel_import,,insufficient_context,multi_method_instruction,2026-06-05T14:56:33.584454+00:00,משיח
e7a7cbe4-1e6c-4614-85ee-4b92a5bbdf5a,סוד 2212 - מסתתר- 434 אות שלישית,סוד,מסתתר,434,56,378,excel_import,,insufficient_context,multi_method_instruction,2026-06-05T14:56:33.584454+00:00,כללי
e98ed2d6-fbe2-4023-b91b-d79f62939ab1,הוא משיח יהוה 533 אחרי - 1474 משולש,הוא משיח יהוה 533 אחרי,רגיל,1474,615,859,excel_import,,insufficient_context,multi_method_instruction,2026-06-05T14:56:33.584454+00:00,משיח
ed4f845f-d8a7-4f68-b843-4cae4441b997,סוף שנת הקורונה = 1394 מסתתר,סוף שנת הקורונה =,רגיל,1394,1268,126,excel_import,,method_alias_issue,multi_method_instruction,2026-06-05T14:56:33.584454+00:00,כללי
ef5affb5-b0e5-4e07-86ef-7acc538bf193,גואל 396 337 - אתבש,גואל 396,רגיל,337,40,297,excel_import,,insufficient_context,multi_method_instruction,2026-06-05T14:22:33.885934+00:00,
f23d00b3-a821-4504-a831-93148a18d6e8,לֹא יִתְיַצֵּב אִישׁ בִּפְנֵיכֶם - רגיל ומסתתר 2510 - גדול ומסתתר גדול 3630,ו,מסתתר,2510,0,2510,excel_import,,insufficient_context,multi_method_instruction,2026-06-05T14:56:33.584454+00:00,כללי
f2bb4f24-096d-4753-8247-2e7e9ff2d3fa,הגואל 396 -רגיל ועוד מילוי - 4340 אטבח,הגואל,רגיל,396,45,351,excel_import,,insufficient_context,multi_method_instruction,2026-06-05T14:56:33.584454+00:00,גאולה
f3199481-71ba-4fb5-a3b3-5cc5d1cd8971,בעל ברוחני אתה 1270 אתבש,בעל ברוחני אתה,רגיל,1270,784,486,excel_import,,insufficient_context,multi_method_instruction,2026-06-05T14:56:33.584454+00:00,כללי
f36e55b6-cddd-4ae8-8c50-668b28ee469f,סוף תיקון עם ישראל = 1394 מסתתר רגיל 1363,סוף תיקון עם ישראל =,רגיל,1394,1363,31,excel_import,,method_alias_issue,multi_method_instruction,2026-06-05T14:56:33.584454+00:00,כללי
f7585413-203c-4dc6-b019-d4ff14fc34fa,רָנִּי וְשִׂמְחִי בַּת־צִיוֹן כִּי הִנְנִי־בָא וְשָֽׁכַנְתִּי בְתוֹכֵךְ נְאֻם־יְהוָֽה׃ - ניקוד -- 566 סת,רָנִּי וְשִׂמְחִי בַּת־צִיוֹן כִּי הִנְנִי־בָא וְשָֽׁכַנְתִּי בְתוֹכֵךְ נְאֻם־יְהוָֽה׃ - ניקוד,רגיל,566,2851,-2285,excel_import,,candidate_method_dependency,candidate_method,2026-06-05T14:56:33.584454+00:00,כללי
f910b434-f3ba-4559-a259-0affbf3478f3,הוא האחרון 1212 אתבש,הוא האחרון,רגיל,1212,282,930,excel_import,,method_alias_issue,multi_method_instruction,2026-06-05T14:56:33.584454+00:00,כללי
f9cd8416-ef87-4ab9-8565-e1a14c84bbd7,פלא סוד יהוה 1820 - מילוי,פלא סוד יהוה,רגיל,1820,207,1613,excel_import,,value_is_target_not_result,multi_method_instruction,2026-06-05T14:56:33.584454+00:00,יהוה
fa7e4ee5-62b4-4539-a308-fef5d2f05ff4,"""בְּכוֹר שׁוֹרוֹ הָדָר לוֹ, וְקַרְנֵי רְאֵם קַרְנָיו -אות שניה - 1958 - רגיל","בְּכוֹר שׁוֹרוֹ הָדָר לוֹ, וְקַרְנֵי רְאֵם קַרְנָיו -אות שניה",רגיל,1958,2730,-772,excel_import,,insufficient_context,method_result_claim,2026-06-05T14:56:33.584454+00:00,כללי
fb8458c2-f53f-4e3c-ab5d-a71f283040d1,הוא משיחכם ב776-רגיל וגם 1776 מדבר רבה - 1644 אתבש,הוא משיחכם ב,רגיל,776,432,344,excel_import,,insufficient_context,multi_method_instruction,2026-06-05T14:56:33.584454+00:00,משיח
fd499b54-fabc-4c7e-8f04-0464425e427f,מלכות דויד בן ישי תתחיל ב2016 -רגיל ומס,מלכות דויד בן ישי תתחיל ב,רגיל,2016,1742,274,excel_import,,insufficient_context,method_result_claim,2026-06-05T14:56:33.584454+00:00,כללי
fd4b9b96-165e-4252-8212-8a7c5f693d0c,יהוה בחר אותי למשיחו 1396 אתבש,יהוה בחר אותי למשיחו,רגיל,1396,1047,349,excel_import,,insufficient_context,multi_method_instruction,2026-06-05T14:56:33.584454+00:00,משיח
febbb846-da77-4bf1-83e0-fb2108732f37,אני שקר 360 אלבם,אני שקר,רגיל,360,661,-301,excel_import,,method_alias_issue,multi_method_instruction,2026-06-05T14:22:33.885934+00:00,
ff1997ca-56d4-4b12-919e-60d65f33ddf0,266 ו 337 - ריבוע,266 ו,רגיל,337,6,331,excel_import,,insufficient_context,multi_method_instruction,2026-06-05T14:22:33.885934+00:00,
