source_number,control_target,pairing_method,corpus_support,corpus_phrase_count,convergence_support,package_support,independent_evidence_count,evidence_class
4,389,fixed_offset_53_in_160pool,True,10,False,False,1,B
69,396,fixed_offset_53_in_160pool,True,50,True,True,3,E
90,409,fixed_offset_53_in_160pool,True,13,False,False,1,B
95,411,fixed_offset_53_in_160pool,True,10,False,False,1,B
96,420,fixed_offset_53_in_160pool,True,24,True,True,3,E
98,424,fixed_offset_53_in_160pool,True,42,False,True,2,E
100,430,fixed_offset_53_in_160pool,True,21,True,True,3,E
104,451,fixed_offset_53_in_160pool,True,10,False,False,1,B
108,455,fixed_offset_53_in_160pool,True,23,True,True,3,E
110,463,fixed_offset_53_in_160pool,True,11,False,False,1,B
111,466,fixed_offset_53_in_160pool,True,23,True,True,3,E
115,470,fixed_offset_53_in_160pool,True,26,True,True,3,E
119,477,fixed_offset_53_in_160pool,True,20,True,True,3,E
122,480,fixed_offset_53_in_160pool,True,16,False,False,1,B
126,490,fixed_offset_53_in_160pool,True,19,True,True,3,E
131,496,fixed_offset_53_in_160pool,True,15,True,True,3,E
136,497,fixed_offset_53_in_160pool,True,6,False,False,1,B
140,500,fixed_offset_53_in_160pool,True,25,True,True,3,E
143,501,fixed_offset_53_in_160pool,True,22,True,True,3,E
170,502,fixed_offset_53_in_160pool,True,30,True,True,3,E
180,513,fixed_offset_53_in_160pool,True,19,True,True,3,E
186,514,fixed_offset_53_in_160pool,True,35,True,True,3,E
190,515,fixed_offset_53_in_160pool,True,20,True,True,3,E
199,520,fixed_offset_53_in_160pool,True,26,True,True,3,E
205,521,fixed_offset_53_in_160pool,True,22,True,True,3,E
210,526,fixed_offset_53_in_160pool,True,22,True,True,3,E
217,533,fixed_offset_53_in_160pool,True,36,True,True,3,E
220,539,fixed_offset_53_in_160pool,True,2,False,False,1,B
222,552,fixed_offset_53_in_160pool,True,28,True,True,3,E
232,580,fixed_offset_53_in_160pool,True,27,True,True,3,E
240,603,fixed_offset_53_in_160pool,True,10,False,False,1,B
246,620,fixed_offset_53_in_160pool,True,23,True,True,3,E
248,621,fixed_offset_53_in_160pool,True,3,False,False,1,B
257,634,fixed_offset_53_in_160pool,True,21,True,True,3,E
266,644,fixed_offset_53_in_160pool,True,80,True,True,3,E
272,656,fixed_offset_53_in_160pool,True,13,True,True,3,E
277,662,fixed_offset_53_in_160pool,True,6,False,False,1,B
278,670,fixed_offset_53_in_160pool,True,19,False,False,1,B
286,674,fixed_offset_53_in_160pool,True,23,True,True,3,E
295,691,fixed_offset_53_in_160pool,True,5,False,False,1,B
296,696,fixed_offset_53_in_160pool,True,25,True,True,3,E
300,717,fixed_offset_53_in_160pool,True,27,True,True,3,E
302,718,fixed_offset_53_in_160pool,True,27,True,True,3,E
306,748,fixed_offset_53_in_160pool,True,16,False,False,1,B
310,753,fixed_offset_53_in_160pool,True,8,False,False,1,B
318,775,fixed_offset_53_in_160pool,True,24,True,True,3,E
337,779,fixed_offset_53_in_160pool,True,7,False,False,1,B
346,812,fixed_offset_53_in_160pool,True,6,False,False,1,B
350,813,fixed_offset_53_in_160pool,True,7,False,False,1,B
352,815,fixed_offset_53_in_160pool,True,8,False,False,1,B
363,828,fixed_offset_53_in_160pool,True,18,True,True,3,E
378,852,fixed_offset_53_in_160pool,True,7,False,False,1,B
386,876,fixed_offset_53_in_160pool,True,7,False,False,1,B
389,880,fixed_offset_53_in_160pool,True,11,False,False,1,B
396,907,fixed_offset_53_in_160pool,True,6,False,False,1,B
409,915,fixed_offset_53_in_160pool,True,8,False,False,1,B
411,937,fixed_offset_53_in_160pool,True,6,False,False,1,B
420,972,fixed_offset_53_in_160pool,True,8,False,False,1,B
424,973,fixed_offset_53_in_160pool,True,8,False,False,1,B
430,990,fixed_offset_53_in_160pool,True,7,False,False,1,B
451,1005,fixed_offset_53_in_160pool,True,10,False,False,1,B
455,1012,fixed_offset_53_in_160pool,True,8,False,False,1,B
463,1068,fixed_offset_53_in_160pool,True,2,False,False,1,B
466,1111,fixed_offset_53_in_160pool,True,40,True,True,3,E
470,1120,fixed_offset_53_in_160pool,True,16,False,False,1,B
477,1168,fixed_offset_53_in_160pool,True,5,False,False,1,B
480,1212,fixed_offset_53_in_160pool,True,13,False,False,1,B
490,1246,fixed_offset_53_in_160pool,True,2,False,False,1,B
496,1258,fixed_offset_53_in_160pool,True,6,False,False,1,B
497,1308,fixed_offset_53_in_160pool,True,4,False,False,1,B
500,1333,fixed_offset_53_in_160pool,True,10,False,False,1,B
501,1335,fixed_offset_53_in_160pool,True,30,True,True,3,E
502,1413,fixed_offset_53_in_160pool,True,2,False,False,1,B
513,1452,fixed_offset_53_in_160pool,True,2,False,False,1,B
514,1463,fixed_offset_53_in_160pool,True,2,False,False,1,B
515,1472,fixed_offset_53_in_160pool,True,10,False,False,1,B
520,1490,fixed_offset_53_in_160pool,True,3,False,False,1,B
521,1532,fixed_offset_53_in_160pool,True,5,False,False,1,B
526,1541,fixed_offset_53_in_160pool,True,3,False,False,1,B
533,1557,fixed_offset_53_in_160pool,True,3,False,False,1,B
539,1561,fixed_offset_53_in_160pool,True,1,False,False,1,B
552,1607,fixed_offset_53_in_160pool,True,1,False,False,1,B
580,1608,fixed_offset_53_in_160pool,True,1,False,False,1,B
603,1690,fixed_offset_53_in_160pool,True,2,False,False,1,B
620,1692,fixed_offset_53_in_160pool,True,25,True,True,3,E
621,1705,fixed_offset_53_in_160pool,True,1,False,False,1,B
634,1710,fixed_offset_53_in_160pool,True,2,False,False,1,B
644,1785,fixed_offset_53_in_160pool,True,2,False,False,1,B
656,1806,fixed_offset_53_in_160pool,True,1,False,False,1,B
662,1810,fixed_offset_53_in_160pool,True,2,False,False,1,B
670,1833,fixed_offset_53_in_160pool,True,3,False,False,1,B
674,1875,fixed_offset_53_in_160pool,True,1,False,False,1,B
691,1899,fixed_offset_53_in_160pool,True,1,False,False,1,B
696,1910,fixed_offset_53_in_160pool,True,2,False,False,1,B
717,1930,fixed_offset_53_in_160pool,True,1,False,False,1,B
718,1999,fixed_offset_53_in_160pool,True,1,False,False,1,B
748,2015,fixed_offset_53_in_160pool,True,52,True,True,3,E
753,2129,fixed_offset_53_in_160pool,True,1,False,False,1,B
775,2305,fixed_offset_53_in_160pool,True,1,False,False,1,B
779,2521,fixed_offset_53_in_160pool,True,1,False,False,1,B
812,2678,fixed_offset_53_in_160pool,True,1,False,False,1,B
813,3066,fixed_offset_53_in_160pool,True,1,False,False,1,B
815,3626,fixed_offset_53_in_160pool,True,1,False,False,1,B
828,3960,fixed_offset_53_in_160pool,True,29,True,True,3,E
852,3988,fixed_offset_53_in_160pool,True,1,False,False,1,B
876,4040,fixed_offset_53_in_160pool,True,1,False,False,1,B
880,5775,fixed_offset_53_in_160pool,True,4,False,False,1,B
907,4,fixed_offset_53_in_160pool,True,1,False,False,1,B
915,69,fixed_offset_53_in_160pool,True,13,False,False,1,B
937,90,fixed_offset_53_in_160pool,True,26,True,True,3,E
972,95,fixed_offset_53_in_160pool,True,23,True,True,3,E
973,96,fixed_offset_53_in_160pool,True,25,True,True,3,E
990,98,fixed_offset_53_in_160pool,True,25,True,True,3,E
1005,100,fixed_offset_53_in_160pool,True,25,True,True,3,E
1012,104,fixed_offset_53_in_160pool,True,12,False,False,1,B
1068,108,fixed_offset_53_in_160pool,True,21,True,True,3,E
1111,110,fixed_offset_53_in_160pool,True,21,True,True,3,E
1120,111,fixed_offset_53_in_160pool,True,24,False,False,1,B
1168,115,fixed_offset_53_in_160pool,True,17,False,False,1,B
1212,119,fixed_offset_53_in_160pool,True,25,True,True,3,E
1246,122,fixed_offset_53_in_160pool,True,15,False,False,1,B
1258,126,fixed_offset_53_in_160pool,True,22,True,True,3,E
1308,131,fixed_offset_53_in_160pool,True,14,False,False,1,B
1333,136,fixed_offset_53_in_160pool,True,23,True,True,3,E
1335,140,fixed_offset_53_in_160pool,True,23,False,False,1,B
1413,143,fixed_offset_53_in_160pool,True,10,False,False,1,B
1452,170,fixed_offset_53_in_160pool,True,28,True,True,3,E
1463,180,fixed_offset_53_in_160pool,True,22,True,True,3,E
1472,186,fixed_offset_53_in_160pool,True,16,False,False,1,B
1490,190,fixed_offset_53_in_160pool,True,25,True,True,3,E
1532,199,fixed_offset_53_in_160pool,True,5,True,True,3,E
1541,205,fixed_offset_53_in_160pool,True,16,False,False,1,B
1557,210,fixed_offset_53_in_160pool,True,24,True,True,3,E
1561,217,fixed_offset_53_in_160pool,True,23,True,True,3,E
1607,220,fixed_offset_53_in_160pool,True,24,True,True,3,E
1608,222,fixed_offset_53_in_160pool,True,27,True,True,3,E
1690,232,fixed_offset_53_in_160pool,True,9,False,False,1,B
1692,240,fixed_offset_53_in_160pool,True,25,True,True,3,E
1705,246,fixed_offset_53_in_160pool,True,19,True,True,3,E
1710,248,fixed_offset_53_in_160pool,True,25,True,True,3,E
1785,257,fixed_offset_53_in_160pool,True,21,True,True,3,E
1806,266,fixed_offset_53_in_160pool,True,48,True,True,3,E
1810,272,fixed_offset_53_in_160pool,True,17,False,False,1,B
1833,277,fixed_offset_53_in_160pool,True,21,True,True,3,E
1875,278,fixed_offset_53_in_160pool,True,15,False,False,1,B
1899,286,fixed_offset_53_in_160pool,True,11,False,False,1,B
1910,295,fixed_offset_53_in_160pool,True,18,False,False,1,B
1930,296,fixed_offset_53_in_160pool,True,21,True,True,3,E
1999,300,fixed_offset_53_in_160pool,True,23,True,True,3,E
2015,302,fixed_offset_53_in_160pool,True,15,False,False,1,B
2129,306,fixed_offset_53_in_160pool,True,29,True,True,3,E
2305,310,fixed_offset_53_in_160pool,True,33,True,True,3,E
2521,318,fixed_offset_53_in_160pool,True,35,True,True,3,E
2678,337,fixed_offset_53_in_160pool,True,31,True,True,3,E
3066,346,fixed_offset_53_in_160pool,True,23,True,True,3,E
3626,350,fixed_offset_53_in_160pool,True,23,True,True,3,E
3960,352,fixed_offset_53_in_160pool,True,12,True,True,3,E
3988,363,fixed_offset_53_in_160pool,True,25,True,True,3,E
4040,378,fixed_offset_53_in_160pool,True,16,False,False,1,B
5775,386,fixed_offset_53_in_160pool,True,33,True,True,3,E
