phrase,source,verified,ragil,detected_number_words,parsed_numeric_sequence,parsed_numeric_value,corpus_role,world_theme,provenance,confidence,category
אלף,auto:תיעוד אירועים wp16294,True,111,אלף,,1000,numeric_word_construct,,שרשרת: [111] | source=auto:תיעוד אירועים wp16294,high,numeric_quantity
עשרים,auto:תיעוד אירועים wp16571,True,620,עשרים,,20,numeric_word_construct,,שרשרת: [620] | source=auto:תיעוד אירועים wp16571 | vip_source=OPOC1 OPOC1,high,numeric_quantity
שבעים וחמש,auto:תיעוד אירועים wp16571,True,776,"חמש, שבעים",,75,numeric_word_construct,,שרשרת: [776] | source=auto:תיעוד אירועים wp16571,high,numeric_quantity
שלושים ושלושה,auto:תיעוד אירועים wp16571,True,1333,"שלושה, שלושים",,33,numeric_word_construct,,שרשרת: [1333] | source=auto:תיעוד אירועים wp16571,high,numeric_quantity
אלף ארבעים וארבע,auto:תיעוד אירועים wp19647,True,713,"אלף, ארבע, ארבעים",,1044,numeric_word_construct,,שרשרת: [713] | source=auto:תיעוד אירועים wp19647,high,numeric_quantity
שבעים חמש,auto:תיעוד אירועים wp27754,True,770,"חמש, שבעים",,75,numeric_word_construct,,שרשרת: [770] | source=auto:תיעוד אירועים wp27754,medium,numeric_quantity
שבע מאות,auto:תיעוד אירועים wp32852,True,819,"מאות, שבע",,700,numeric_word_construct,,שרשרת: [819] | source=auto:תיעוד אירועים wp32852,high,numeric_quantity
מאה ארבעים ושמונה,auto:תיעוד אירועים wp9298,True,776,"ארבעים, מאה, שמונה",,148,numeric_word_construct,,שרשרת: [776] | source=auto:תיעוד אירועים wp9298,high,numeric_quantity
אלף חמש מאות ושש,excel_import,True,1512,"אלף, חמש, מאות, שש",,1506,numeric_word_construct,,משולש מילוי דמילוי 4530 | source=excel_import,high,numeric_quantity
אלף שלש מאות שלשים וחמש,excel_import,False,2222,"אלף, חמש, מאות, שלש, שלשים",,1335,numeric_word_construct,,מסתתר 271 | source=excel_import,high,numeric_quantity
אלף שמונה מאות עשרים,excel_import,True,1579,"אלף, מאות, עשרים, שמונה",,1820,numeric_word_construct,1820 (site core number) [spelled-value match],1579 | source=excel_import,high,numeric_quantity
אלפיים וחמש עשרה,excel_import,True,1100,"אלפיים, חמש, עשרה",,2015,numeric_word_construct,,אלפיים וחמש עשרה | source=excel_import,high,numeric_quantity
אלפיים שש עשרה,excel_import,True,1346,"אלפיים, עשרה, שש",,2016,numeric_word_construct,,אלפיים שש עשרה | source=excel_import,high,numeric_quantity
אלפים וחמש עשרה,excel_import,True,1090,"אלפים, חמש, עשרה",,2015,numeric_word_construct,,אלפים וחמש עשרה - רגיל ואתבש | source=excel_import,high,numeric_quantity
חמש מאות שלושים ושלוש,excel_import,True,2123,"חמש, מאות, שלוש, שלושים",,533,numeric_word_construct,,מילוי ללא מילה | source=excel_import,high,numeric_quantity
חמשת אלפים שבע מאות שבעים ושש,excel_import,False,2756,"אלפים, חמשת, מאות, שבע, שבעים, שש",,5776,numeric_word_construct,,חמשת אלפים שבע מאות שבעים ושש | source=excel_import,high,numeric_quantity
חמשת אלפים שבע מאות שמונים וארבע,excel_import,False,2453,"אלפים, ארבע, חמשת, מאות, שבע, שמונים",,5784,numeric_word_construct,,חמשת אלפים שבע מאות שמונים וארבע | source=excel_import,high,numeric_quantity
עשר,excel_import,True,570,עשר,,10,numeric_word_construct,,מיקום האות 57 - מילוי 1000 - ריבוע 1010 | source=excel_import,high,numeric_quantity
שבעים ושלש,excel_import,True,1058,"שבעים, שלש",,73,numeric_word_construct,,אחרי רגיל - 3850 - מילוי דה מילוי - 1290 מסתתר | source=excel_import,high,numeric_quantity
שבעים ושש,excel_import,True,1028,"שבעים, שש",,76,numeric_word_construct,,(none) | source=excel_import,high,numeric_quantity
שלוש מאות חמישים ושמונה,excel_import,True,1898,"חמישים, מאות, שלוש, שמונה",,358,numeric_word_construct,,גם סוד הויה מילוי דמילוי | source=excel_import,high,numeric_quantity
שש מאות ששים וארבע,excel_import,True,1976,"ארבע, מאות, שש, ששים",,664,numeric_word_construct,,רגיל ומילוי | source=excel_import,high,numeric_quantity
אחת,promoted:raw_docx_v2,True,409,אחת,,1,numeric_word_construct,,(none) | source=promoted:raw_docx_v2,high,numeric_quantity
ארבע,promoted:raw_docx_v2,True,273,ארבע,,4,numeric_word_construct,,(none) | source=promoted:raw_docx_v2,high,numeric_quantity
ארבע מאות,promoted:raw_docx_v2,True,720,"ארבע, מאות",,400,numeric_word_construct,,(none) | source=promoted:raw_docx_v2,high,numeric_quantity
ארבעים,promoted:raw_docx_v2,True,323,ארבעים,,40,numeric_word_construct,,(none) | source=promoted:raw_docx_v2,high,numeric_quantity
חמש,promoted:raw_docx_v2,True,348,חמש,,5,numeric_word_construct,,(none) | source=promoted:raw_docx_v2,high,numeric_quantity
חמשים,promoted:raw_docx_v2,True,398,חמשים,,50,numeric_word_construct,,(none) | source=promoted:raw_docx_v2,high,numeric_quantity
מאה,promoted:raw_docx_v2,True,46,מאה,,100,numeric_word_construct,,(none) | source=promoted:raw_docx_v2,high,numeric_quantity
מאתיים,promoted:raw_docx_v2,True,501,מאתיים,,200,numeric_word_construct,,(none) | source=promoted:raw_docx_v2,high,numeric_quantity
מיליון,promoted:raw_docx_v2,True,146,מיליון,,1000000,numeric_word_construct,,(none) | source=promoted:raw_docx_v2,high,numeric_quantity
עשרה,promoted:raw_docx_v2,True,575,עשרה,,10,numeric_word_construct,,(none) | source=promoted:raw_docx_v2,high,numeric_quantity
רבבה,promoted:raw_docx_v2,True,209,רבבה,,10000,numeric_word_construct,,(none) | source=promoted:raw_docx_v2,high,numeric_quantity
שבע,promoted:raw_docx_v2,True,372,שבע,,7,numeric_word_construct,,(none) | source=promoted:raw_docx_v2,high,numeric_quantity
שבעה,promoted:raw_docx_v2,True,377,שבעה,,7,numeric_word_construct,,(none) | source=promoted:raw_docx_v2,high,numeric_quantity
שבעים,promoted:raw_docx_v2,True,422,שבעים,,70,numeric_word_construct,,(none) | source=promoted:raw_docx_v2,high,numeric_quantity
שבעים אלף,promoted:raw_docx_v2,True,533,"אלף, שבעים",,70000,numeric_word_construct,,(none) | source=promoted:raw_docx_v2,high,numeric_quantity
שבעים ואחד,promoted:raw_docx_v2,True,441,"אחד, שבעים",,71,numeric_word_construct,,(none) | source=promoted:raw_docx_v2,high,numeric_quantity
שלוש,promoted:raw_docx_v2,True,636,שלוש,,3,numeric_word_construct,,(none) | source=promoted:raw_docx_v2,high,numeric_quantity
שלש,promoted:raw_docx_v2,True,630,שלש,,3,numeric_word_construct,,(none) | source=promoted:raw_docx_v2,high,numeric_quantity
שלשה,promoted:raw_docx_v2,True,635,שלשה,,3,numeric_word_construct,,(none) | source=promoted:raw_docx_v2,high,numeric_quantity
שלשים,promoted:raw_docx_v2,True,680,שלשים,,30,numeric_word_construct,,(none) | source=promoted:raw_docx_v2,high,numeric_quantity
שמונה,promoted:raw_docx_v2,True,401,שמונה,,8,numeric_word_construct,,(none) | source=promoted:raw_docx_v2,medium,numeric_quantity
שמונה עשרה,promoted:raw_docx_v2,True,976,"עשרה, שמונה",,18,numeric_word_construct,,(none) | source=promoted:raw_docx_v2,high,numeric_quantity
שש,promoted:raw_docx_v2,True,600,שש,,6,numeric_word_construct,,(none) | source=promoted:raw_docx_v2,high,numeric_quantity
שש מאות אלף,promoted:raw_docx_v2,True,1158,"אלף, מאות, שש",,600000,numeric_word_construct,,(none) | source=promoted:raw_docx_v2,high,numeric_quantity
ששה,promoted:raw_docx_v2,True,605,ששה,,6,numeric_word_construct,,(none) | source=promoted:raw_docx_v2,high,numeric_quantity
ששים,promoted:raw_docx_v2,True,650,ששים,,60,numeric_word_construct,,(none) | source=promoted:raw_docx_v2,high,numeric_quantity
ששת,promoted:raw_docx_v2,True,1000,ששת,,6,numeric_word_construct,,(none) | source=promoted:raw_docx_v2,high,numeric_quantity
שתי,promoted:raw_docx_v2,True,710,שתי,,2,numeric_word_construct,,(none) | source=promoted:raw_docx_v2,high,numeric_quantity
תשעה,promoted:raw_docx_v2,True,775,תשעה,,9,numeric_word_construct,,(none) | source=promoted:raw_docx_v2,high,numeric_quantity
תשעים,promoted:raw_docx_v2,True,820,תשעים,,90,numeric_word_construct,,(none) | source=promoted:raw_docx_v2,high,numeric_quantity
אפס,sod1820,True,141,אפס,,0,numeric_word_construct,,ליבה נקייה שחולצה מ: אפס 1371 414 555 661 | source=sod1820,high,numeric_quantity
תשע,wp_id:36710,True,770,תשע,,9,numeric_word_construct,,wp36710 =770=בית משיח | source=wp_id:36710,high,numeric_quantity
אחת אחת אפס אפס,auto:תיעוד אירועים wp6463,True,1100,"אחת, אפס","[1,1,0,0]",1100,numeric_word_construct,,שרשרת: [1100] | source=auto:תיעוד אירועים wp6463,medium,numeric_sequence
אחד אפס אפס אפס,excel_import,True,436,"אחד, אפס","[1,0,0,0]",1000,numeric_word_construct,,פי 5 | source=excel_import,medium,numeric_sequence
אחת שלש שלש חמש,excel_import,True,2017,"אחת, חמש, שלש","[1,3,3,5]",1335,numeric_word_construct,,(none) | source=excel_import,medium,numeric_sequence
ארבע ארבע אחד,excel_import,True,559,"אחד, ארבע","[4,4,1]",441,numeric_word_construct,,(none) | source=excel_import,low,numeric_sequence
ארבע שתיים ארבע ארבע,excel_import,True,1579,"ארבע, שתיים","[4,2,4,4]",4244,numeric_word_construct,,1579 | source=excel_import,low,numeric_sequence
חמש מאות שלושים ושלוש שלוש שלוש שבע,excel_import,False,3767,"חמש, מאות, שבע, שלוש, שלושים","[533,3,3,7]",,numeric_word_construct,,מילוי | source=excel_import,low,numeric_sequence
חמש שבע שבע שש,excel_import,True,1692,"חמש, שבע, שש","[5,7,7,6]",5776,numeric_word_construct,, | נספח מאומת: מילוי = 3382 | נספח מאומת: משולש = 6312 | source=excel_import,medium,numeric_sequence
חמשים ושבע שבעים ושש,excel_import,True,1804,"חמשים, שבע, שבעים, שש","[57,76]",5776,numeric_word_construct,,מסתתר | source=excel_import,medium,numeric_sequence
עשרים עשרים,excel_import,True,1240,עשרים,"[20,20]",2020,numeric_word_construct,,(none) | source=excel_import,medium,numeric_sequence
שבע שבע שש,excel_import,True,1344,"שבע, שש","[7,7,6]",776,numeric_word_construct,,(none) | source=excel_import,medium,numeric_sequence
שבעים ושש בשבע שמונה אחת,excel_import,False,2212,"אחת, שבע, שבעים, שמונה, שש","[76,7,8,1]",,numeric_word_construct,,ריבוע - 2212 - רגיל - 2756 - מסתתר גדול | source=excel_import,low,numeric_sequence
שבעים ושש חמשים ושבע,excel_import,True,1804,"חמשים, שבע, שבעים, שש","[76,57]",7657,numeric_word_construct,,מסתתר | source=excel_import,low,numeric_sequence
שש ארבע ארבע,excel_import,True,1146,"ארבע, שש","[6,4,4]",644,numeric_word_construct,,1424 אתבש | source=excel_import,low,numeric_sequence
ארבעה וחמשה,promoted:raw_docx_v2,True,637,"ארבעה, חמשה","[4,5]",45,numeric_word_construct,,(none) | source=promoted:raw_docx_v2,low,numeric_sequence
שבעה שבעת,promoted:raw_docx_v2,True,1149,"שבעה, שבעת","[7,7]",,numeric_word_construct,,(none) | source=promoted:raw_docx_v2,medium,numeric_sequence
אחת ארבע שבע ושתיים,sod1820,True,1820,"אחת, ארבע, שבע, שתיים","[1,4,7,2]",1472,numeric_word_construct,1820 (site core number) [gematria match],ליבה נקייה שחולצה מ: אחת ארבע שבע ושתיים = 1820 (1472) | source=sod1820,medium,numeric_sequence
שלש חמש חמש,sod1820,True,1326,"חמש, שלש","[3,5,5]",355,numeric_word_construct,,ליבה נקייה שחולצה מ: שלש חמש חמש (355) | source=sod1820,low,numeric_sequence
שבעים שנה,auto:תיעוד אירועים wp11082,True,777,שבעים,,,research_package,,שרשרת: [777] | source=auto:תיעוד אירועים wp11082,medium,mixed_numeric_phrase
בית שבע,auto:תיעוד אירועים wp11557,True,784,שבע,,,research_package,,שרשרת: [784] | source=auto:תיעוד אירועים wp11557,medium,mixed_numeric_phrase
עשרים כסף,auto:תיעוד אירועים wp16571,True,780,עשרים,,,research_package,,שרשרת: [780] | source=auto:תיעוד אירועים wp16571,medium,mixed_numeric_phrase
קרית שמונה,auto:תיעוד אירועים wp19498,True,1111,שמונה,,,research_package,,שרשרת: [1111] | source=auto:תיעוד אירועים wp19498,medium,mixed_numeric_phrase
כביש אחד,auto:תיעוד אירועים wp19647,True,345,אחד,,,research_package,,שרשרת: [345] | source=auto:תיעוד אירועים wp19647,medium,mixed_numeric_phrase
ביידן ארבעים ושש,auto:תיעוד אירועים wp22588,True,1005,"ארבעים, שש",,,research_package,,שרשרת: [1005] | source=auto:תיעוד אירועים wp22588,medium,mixed_numeric_phrase
ארבע עשרה תינוקות,auto:תיעוד אירועים wp27374,True,1820,"ארבע, עשרה",,,research_package,1820 (site core number) [gematria match],שרשרת: [1820] | source=auto:תיעוד אירועים wp27374,medium,mixed_numeric_phrase
שבעת ימי המילואים,auto:תיעוד אירועים wp27754,True,974,שבעת,,,research_package,,שרשרת: [974] | source=auto:תיעוד אירועים wp27754,medium,mixed_numeric_phrase
חמש שנים,auto:תיעוד אירועים wp32852,True,748,"חמש, שנים",,,research_package,,שרשרת: [748] | source=auto:תיעוד אירועים wp32852,medium,mixed_numeric_phrase
כטבם צימד שלוש,auto:תיעוד אירועים wp33462,True,851,שלוש,,,research_package,,שרשרת: [851] | source=auto:תיעוד אירועים wp33462,medium,mixed_numeric_phrase
עם אחד,auto:תיעוד אירועים wp34138,True,123,אחד,,,research_package,,שרשרת: [683] | source=auto:תיעוד אירועים wp34138,medium,mixed_numeric_phrase
ארבעים וחמש ימים,auto:תיעוד אירועים wp34433,True,777,"ארבעים, חמש",,,research_package,,שרשרת: [777] | source=auto:תיעוד אירועים wp34433,medium,mixed_numeric_phrase
בן שני,auto:תיעוד אירועים wp34433,True,412,שני,,,research_package,,שרשרת: [1062] | source=auto:תיעוד אירועים wp34433,medium,mixed_numeric_phrase
מלחמת ששת הימים,auto:תיעוד אירועים wp34433,True,1623,ששת,,,research_package,,שרשרת: [1623] | source=auto:תיעוד אירועים wp34433,medium,mixed_numeric_phrase
שבע השנים,auto:תיעוד אירועים wp34433,True,777,"שבע, שנים",,,research_package,,שרשרת: [777] | source=auto:תיעוד אירועים wp34433,medium,mixed_numeric_phrase
זמן השבע,auto:תיעוד אירועים wp36007,True,474,שבע,,,research_package,,שרשרת: [474] | source=auto:תיעוד אירועים wp36007,medium,mixed_numeric_phrase
הקטן יהיה לאלף,auto:תיעוד אירועים wp36103,True,335,אלף,,,research_package,,שרשרת: [335] | source=auto:תיעוד אירועים wp36103,medium,mixed_numeric_phrase
שלש מאות כסף,auto:תיעוד אירועים wp36103,True,1237,"מאות, שלש",,,research_package,1237 (cross-source messiah convergence) [gematria match],שרשרת: [1237] | source=auto:תיעוד אירועים wp36103,medium,mixed_numeric_phrase
חמש שתים אחד,auto:תיעוד אירועים wp36110,True,1111,"חמש, שתים, אחד","[5,2,1]",521,numeric_word_construct,,שרשרת: [1111] | source=auto:תיעוד אירועים wp36110,low,numeric_sequence
אחד באפריל,auto:תיעוד אירועים wp36317,True,336,אחד,,,research_package,,שרשרת: [336] | source=auto:תיעוד אירועים wp36317,medium,mixed_numeric_phrase
אחד באפריל תשפו,auto:תיעוד אירועים wp36317,True,1122,אחד,,,research_package,,שרשרת: [1122] | source=auto:תיעוד אירועים wp36317,medium,mixed_numeric_phrase
שבעה ילדים נספו,auto:תיעוד אירועים wp3951,True,667,שבעה,,,research_package,,שרשרת: [667] | source=auto:תיעוד אירועים wp3951,medium,mixed_numeric_phrase
ההסכם שלשים לשישי יכשל,auto:תיעוד אירועים wp4561,True,1820,שלשים,,,research_package,1820 (site core number) [gematria match],שרשרת: [1820] | source=auto:תיעוד אירועים wp4561,medium,mixed_numeric_phrase
תשעה באב,auto:תיעוד אירועים wp4561,True,780,תשעה,,,research_package,,שרשרת: [780] | source=auto:תיעוד אירועים wp4561 | vip_source=OPOC1 OPOC1,medium,mixed_numeric_phrase
הגירה לאירופה התשעה,auto:תיעוד אירועים wp4941,True,1335,תשעה,,,research_package,,שרשרת: [1335] | source=auto:תיעוד אירועים wp4941,medium,mixed_numeric_phrase
ההגירה ההמונית בשנת התשעה,auto:תיעוד אירועים wp4941,True,2276,תשעה,,,research_package,,שרשרת: [1335] | source=auto:תיעוד אירועים wp4941,medium,mixed_numeric_phrase
חמור בן מאה גוונים משיח בן דוד,cleanup_sample30,True,891,מאה,,,unknown,,(none) | source=cleanup_sample30,medium,mixed_numeric_phrase
את הפסח בארבעה עשר,community,False,1404,"ארבעה, עשר",,,research_package,,1404 · תאריך גאולת מצרים · קבוצת תורת הרמז VIP · שולח 972537738295 | source=community,medium,mixed_numeric_phrase
שבע יפול צדיק,community,False,702,שבע,,,research_package,,702 · משלי כד טז · קבוצת תורת הרמז VIP · שולח 972537738295 | source=community,medium,mixed_numeric_phrase
את הכבש אחד תעשה בבקר,contribution:צבי (OPOC),True,1820,אחד,,,research_package,1820 (site core number) [gematria match],(none) | source=contribution:צבי (OPOC),medium,mixed_numeric_phrase
והיה יום אחד,contribution:צבי (OPOC),True,95,אחד,,,research_package,,(none) | source=contribution:צבי (OPOC),medium,mixed_numeric_phrase
ורועה אחד יהיה לכלם,contribution:צבי (OPOC),True,450,אחד,,,research_package,,(none) | source=contribution:צבי (OPOC),medium,mixed_numeric_phrase
שנים עשר אנחנו אחים,contribution:צבי (OPOC),True,1144,"עשר, שנים",,,research_package,,(none) | source=contribution:צבי (OPOC),medium,mixed_numeric_phrase
ששים אמה,contribution:צבי (OPOC),True,696,ששים,,,research_package,,(none) | source=contribution:צבי (OPOC),medium,mixed_numeric_phrase
תורה אחת,contribution:צבי (OPOC),True,1020,אחת,,,research_package,,(none) | source=contribution:צבי (OPOC),medium,mixed_numeric_phrase
חמשה חומשי תורה,entity_expansion_v1,True,1328,חמשה,,,unknown,,(none) | source=entity_expansion_v1,medium,mixed_numeric_phrase
(חמור בן מאה גוונים משיח בן דוד)=891!,excel_import,False,,מאה,,,research_package,,(חמור בן מאה גוונים משיח בן דוד)=891! | source=excel_import,medium,mixed_numeric_phrase
1692 - מסתתר (אחד) - רגיל 2133,excel_import,False,,אחד,,,research_package,,1692 - מסתתר (אחד) - רגיל 2133 | source=excel_import,medium,mixed_numeric_phrase
2660 3370 6440 5140 5330 3960 עשרה - רגיל ומסתתר,excel_import,False,18200,עשרה,,,research_package,,2660 3370 6440 5140 5330 3960 עשרה - רגיל ומסתתר | source=excel_import,medium,mixed_numeric_phrase
434 בעשרים ושנים דצמבר אלפים חמש עשרה,excel_import,False,3630,"אלפים, חמש, עשרה, עשרים, שנים",,2015,research_package,,434 בעשרים ושנים דצמבר אלפים חמש עשרה | source=excel_import,medium,mixed_numeric_phrase
אדם אלף דלת מם,excel_import,True,670,אלף,,,research_package,,670 - 2626 | source=excel_import,medium,mixed_numeric_phrase
אובמה גוג יעלה לציון בראש שבעים עמים ∆,excel_import,False,5776,שבעים,,,research_package,,(none) | source=excel_import,medium,mixed_numeric_phrase
אחד אחד אחד אחד אפס סופי תיבות,excel_import,False,1167,"אחד, אפס",,,research_package,,אחד אחד אחד אחד אפס סופי תיבות | source=excel_import,medium,mixed_numeric_phrase
אחד אחד שתים (יחוד הויה אלוה,excel_import,False,776,"אחד, אחד, שתים",,,research_package,,ים = 112) | source=excel_import,low,mixed_numeric_phrase
אחד ארבע שבע ושתיים (1472) רגיל 1424 - מסתתר 2216,excel_import,False,1424,"אחד, ארבע, שבע, שתיים",,,research_package,,אחד ארבע שבע ושתיים (1472) רגיל 1424 - מסתתר 2216 | source=excel_import,medium,mixed_numeric_phrase
אחד ויחיד,excel_import,True,51,אחד,,,research_package,,(none) | source=excel_import,medium,mixed_numeric_phrase
אחד מעיר,excel_import,True,333,אחד,,,research_package,,אלבם 506 - 997 | source=excel_import,medium,mixed_numeric_phrase
אחד שתים שלוש שבע,excel_import,True,1771,"אחד, שתים, שלוש, שבע","[1,2,3,7]",1237,numeric_word_construct,1237 (cross-source messiah convergence) [spelled-value match],(none) | source=excel_import,medium,numeric_sequence
אחד שתים שלש שבע,excel_import,True,1765,"אחד, שתים, שלש, שבע","[1,2,3,7]",1237,numeric_word_construct,1237 (cross-source messiah convergence) [spelled-value match],מסתתר | source=excel_import,medium,numeric_sequence
אחשף בכי ליהוה המלוכה בעשרה בטבת,excel_import,False,1573,עשרה,,,research_package,,אטבח | source=excel_import,medium,mixed_numeric_phrase
אחת אחת אפס אפס ר ישרפוך,excel_import,False,1916,"אחת, אפס",,,research_package,,(none) | source=excel_import,medium,mixed_numeric_phrase
אחת ארבע שבע ושתיים = 1820 (1472),excel_import,False,1820,"אחת, ארבע, שבע, שתיים",,,research_package,1820 (site core number) [gematria match],אחת ארבע שבע ושתיים = 1820 (1472) | source=excel_import,medium,mixed_numeric_phrase
אין עוד מלבדו אפס זולתו,excel_import,False,813,אפס,,,research_package,,(none) | source=excel_import,medium,mixed_numeric_phrase
אליהו הנביא יתגלה אלי בעשרה בטבת,excel_import,False,1599,עשרה,,,research_package,,לפני | source=excel_import,medium,mixed_numeric_phrase
אליהו הנביא עשרה בטבת (מילוי),excel_import,False,3580,עשרה,,,research_package,,אליהו הנביא עשרה בטבת (מילוי) | source=excel_import,medium,mixed_numeric_phrase
אליהו יבא בעוד עשרים וששה יום=פי 5,excel_import,False,7170,"עשרים, ששה",,,research_package,,אליהו יבא בעוד עשרים וששה יום=פי 5 | source=excel_import,medium,mixed_numeric_phrase
אלף 12358,excel_import,False,111,אלף,,,research_package,,אלף 12358 | source=excel_import,medium,mixed_numeric_phrase
אלף מאתים ושתים (1202),excel_import,False,1358,אלף,,,research_package,,אלף מאתים ושתים (1202) | source=excel_import,medium,mixed_numeric_phrase
אלף מאתים ושתים 1358,excel_import,False,1871,אלף,,,research_package,,אלף מאתים ושתים 1358 | source=excel_import,medium,mixed_numeric_phrase
אלף מאתים שלושים ושבע,excel_import,True,1666,"אלף, שבע, שלושים",,1237,research_package,1237 (cross-source messiah convergence) [spelled-value match],משולש 1430 אתבש | source=excel_import,medium,mixed_numeric_phrase
אלף מאתים שלושים ושבע התגלות,excel_import,False,2510,"אלף, שבע, שלושים",,1237,research_package,1237 (cross-source messiah convergence) [spelled-value match],רגיל - מיקוםפ 318 | source=excel_import,medium,mixed_numeric_phrase
אלף מטר יציאה,excel_import,True,476,אלף,,,research_package,,474 | source=excel_import,medium,mixed_numeric_phrase
אלף שמונה מאות ועשרים משיח,excel_import,False,1943,"אלף, מאות, עשרים, שמונה",,,research_package,,סופי תיבות | source=excel_import,medium,mixed_numeric_phrase
אלפיים ושבע עשרה - מקדש,excel_import,False,1568,"אלפיים, עשרה, שבע",,,research_package,,אלפיים ושבע עשרה - מקדש | source=excel_import,medium,mixed_numeric_phrase
אמונה באל אחד,excel_import,True,148,אחד,,,research_package,,מקור: אמונה באל אחד 533 | source=excel_import,medium,mixed_numeric_phrase
אמלוך באלפיים שש עשרה-מסתתר =פי 5,excel_import,False,3960,"אלפיים, עשרה, שש",,2016,research_package,,אמלוך באלפיים שש עשרה - מסתתר =פי 5 | source=excel_import,medium,mixed_numeric_phrase
אמשח למשיח בעוד שלשים ושבעה יום,excel_import,False,1938,"שבעה, שלשים",,,research_package,,מסתתר =פי 5 | source=excel_import,medium,mixed_numeric_phrase
אני אפס אפסים,excel_import,True,393,אפס,,,research_package,,רגיל ואותיות | source=excel_import,medium,mixed_numeric_phrase
אפס 1371 414 555 661,excel_import,False,141,אפס,,,research_package,,אפס 1371 414 555 661 | source=excel_import,medium,mixed_numeric_phrase
אקבל דרגת היחידה בעוד שלשים יום,excel_import,False,1600,שלשים,,,research_package,,פי 5 | source=excel_import,medium,mixed_numeric_phrase
אקבל שבעים ושלש,excel_import,True,1191,"שבעים, שלש",,,research_package,,ריבוע | source=excel_import,medium,mixed_numeric_phrase
ארבע שלוש ארבע ∆ (434 = משיח בן דויד),excel_import,False,4456,"ארבע, שלוש",,,research_package,,ארבע שלוש ארבע ∆ (434 = משיח בן דויד) | source=excel_import,medium,mixed_numeric_phrase
אשרי המחכה לעשרה בטבת 776 -מילולי ללא =פי 5,excel_import,False,59000,עשרה,,,research_package,,אשרי המחכה לעשרה בטבת 776 - מילולי ללא =פי 5 | source=excel_import,medium,mixed_numeric_phrase
אתגלה בעתה בשנה החדשה ב22 12 -לי אחד - 7810- מילוי,excel_import,False,3860,אחד,,,research_package,,אתגלה בעתה בשנה החדשה ב22 12 - לי אחד - 7810 - מילוי | source=excel_import,medium,mixed_numeric_phrase
אתה המלך האחד,excel_import,True,519,אחד,,,research_package,,1789 | source=excel_import,medium,mixed_numeric_phrase
ב״שית אלף שנין תבוא הגאולה״ = 1692 רגיל !!,excel_import,False,,אלף,,,research_package,,ב״שית אלף שנין תבוא הגאולה״ = 1692 רגיל !! | source=excel_import,medium,mixed_numeric_phrase
בהיכל יהוה קדוש אבקר בעשרה בטבת,excel_import,False,1796,עשרה,,,research_package,,ריבוע | source=excel_import,medium,mixed_numeric_phrase
בוא משיח שתים אפס אחת חמש,excel_import,False,2015,"שתים, אפס, אחת, חמש","[2,0,1,5]",2015,research_package,,781 - אות שלישית | source=excel_import,medium,mixed_numeric_phrase
בחמש שבע שבע שש משיח בן יוסף,excel_import,False,2260,"חמש, שבע, שש",,5776,research_package,,משולש | source=excel_import,medium,mixed_numeric_phrase
ביאת אליהו באלפים חמש עשרה,excel_import,False,1551,"אלפים, חמש, עשרה",,2015,research_package,,ביאת אליהו באלפים חמש עשרה | source=excel_import,medium,mixed_numeric_phrase
ביאת בן דוד בעשירי בטבת חמש שבע שבע שש,excel_import,False,3176,"חמש, שבע, שש",,5776,research_package,,לפני | source=excel_import,medium,mixed_numeric_phrase
ביאת המלך בעשירי בטבת חמש שבע שבע שש,excel_import,False,3205,"חמש, שבע, שש",,5776,research_package,,משולש גדול | source=excel_import,medium,mixed_numeric_phrase
ביאת המשיח אלף שלש מאות שלשים וחמשה,excel_import,False,3003,"אלף, חמשה, מאות, שלש, שלשים",,,research_package,,מילוי | source=excel_import,medium,mixed_numeric_phrase
ביאת המשיח בשבע מאות שבעים ושש,excel_import,False,2625,"מאות, שבע, שבעים, שש",,776,research_package,,אטבח - 5660 אטבח | source=excel_import,medium,mixed_numeric_phrase
ביאת המשיח בשנת אלפיים חמש עשרה - אחרי,excel_import,False,4440,"אלפיים, חמש, עשרה",,2015,research_package,,ביאת המשיח בשנת אלפיים חמש עשרה - אחרי | source=excel_import,medium,mixed_numeric_phrase
ביאתי 1335- מילוי ללא לפי -אחת,excel_import,False,7180,אחת,,,research_package,,ביאתי 1335 - מילוי ללא לפי - אחת | source=excel_import,medium,mixed_numeric_phrase
בית המקדש באלפים חמש עשרה -אותיות,excel_import,False,2770,"אלפים, חמש, עשרה",,2015,research_package,,בית המקדש באלפים חמש עשרה - אותיות | source=excel_import,medium,mixed_numeric_phrase
בן דוד יבוא בחמש שבע שבע שש ∆,excel_import,False,6634,"חמש, שבע, שש",,5776,research_package,,(none) | source=excel_import,medium,mixed_numeric_phrase
בן דויד אליהו חמש שבע שבע שש,excel_import,False,1820,"חמש, שבע, שש",,5776,research_package,1820 (site core number) [gematria match],1139 - מסתתר | source=excel_import,medium,mixed_numeric_phrase
בן דויד חמש שבע שבע שש ∆,excel_import,False,6606,"חמש, שבע, שש",,5776,research_package,,(none) | source=excel_import,medium,mixed_numeric_phrase
בן דויד יבוא ב י טבת בחמש שבע שבע שש,excel_import,False,2212,"חמש, שבע, שש",,5776,research_package,,11390 - משולש | source=excel_import,medium,mixed_numeric_phrase
בניסן חמשת אלפים שבע מאות שבעים ושש,excel_import,False,2928,"אלפים, חמשת, מאות, שבע, שבעים, שש",,5776,research_package,,בניסן חמשת אלפים שבע מאות שבעים ושש | source=excel_import,medium,mixed_numeric_phrase
"ברק חוסיין אובמה השני גוג י""ח ∆",excel_import,False,12441,שני,,,research_package,,(none) | source=excel_import,medium,mixed_numeric_phrase
בשנת חמשת אלפים שבע מאות שבעים ושש,excel_import,False,3508,"אלפים, חמשת, מאות, שבע, שבעים, שש",,5776,research_package,,בשנת חמשת אלפים שבע מאות שבעים ושש | source=excel_import,medium,mixed_numeric_phrase
בשתי שבתות,excel_import,True,1820,שתי,,,research_package,1820 (site core number) [gematria match],(none) | source=excel_import,medium,mixed_numeric_phrase
גאולה בעתה בחמש שבע שבע שש,excel_import,False,2216,"חמש, שבע, שש",,5776,research_package,,(none) | source=excel_import,medium,mixed_numeric_phrase
גואל חמש שש שש,excel_import,True,1588,"חמש, שש",,,research_package,,רגיל ואתבש | source=excel_import,medium,mixed_numeric_phrase
דוד בן ישי עשרה טבת,excel_import,False,1372,עשרה,,,research_package,,מסתתר גדול | source=excel_import,medium,mixed_numeric_phrase
דויד בן ישי בשבע מאות שבעים ושש,excel_import,False,2245,"מאות, שבע, שבעים, שש",,776,research_package,,רגיל ומילוי | source=excel_import,medium,mixed_numeric_phrase
דויד בן ישי בשבע שבע שש לפני,excel_import,False,1912,"שבע, שש",,,research_package,,דויד בן ישי בשבע שבע שש לפני | source=excel_import,medium,mixed_numeric_phrase
דעת 337 - לפני - מילוי ללא 1396 (שלוש),excel_import,False,1474,שלוש,,,research_package,,דעת 337 - לפני - מילוי ללא 1396 (שלוש) | source=excel_import,medium,mixed_numeric_phrase
דעת ארבע שבע ארבע,excel_import,True,1392,"ארבע, שבע",,,research_package,,מסתתר | source=excel_import,medium,mixed_numeric_phrase
דעת עשרים עשרים ושתים,excel_import,True,2470,עשרים,,,research_package,,(none) | source=excel_import,medium,mixed_numeric_phrase
דרגתי בעתה אחת אחת אחת אחת אחת,excel_import,False,3139,אחת,,,research_package,,סת | source=excel_import,medium,mixed_numeric_phrase
האחד שלי 1317,excel_import,False,358,אחד,,,research_package,,האחד שלי 1317 | source=excel_import,medium,mixed_numeric_phrase
האחת היחידה,excel_import,True,456,אחת,,,research_package,,(none) | source=excel_import,medium,mixed_numeric_phrase
האלף האחרון 386 עם האותיות 396,excel_import,False,386,אלף,,,research_package,,האלף האחרון 386 עם האותיות 396 | source=excel_import,medium,mixed_numeric_phrase
הוא אחד,excel_import,True,25,אחד,,,research_package,,(none) | source=excel_import,medium,mixed_numeric_phrase
הוא משיחכם באלפיים חמש עשרה - סת,excel_import,False,386,"אלפיים, חמש, עשרה",,2015,research_package,,הוא משיחכם באלפיים חמש עשרה - סת | source=excel_import,medium,mixed_numeric_phrase
החטר מגזע ישי באלפים חמש עשרה,excel_import,False,1748,"אלפים, חמש, עשרה",,2015,research_package,,החטר מגזע ישי באלפים חמש עשרה - לפני | source=excel_import,medium,mixed_numeric_phrase
הישועה בימינו עשרה בטבת,excel_import,True,1502,עשרה,,,research_package,,משולש | source=excel_import,medium,mixed_numeric_phrase
הכנסת העשרים היא האחרונה,excel_import,True,1451,עשרים,,,research_package,,הכנסת העשרים היא האחרונה | source=excel_import,medium,mixed_numeric_phrase
המלך 1335 1290- לפני 4340- איק בכר לפי- אחד,excel_import,False,2212,אחד,,,research_package,,המלך 1335 1290 - לפני 4340 - איק בכר לפי - אחד | source=excel_import,medium,mixed_numeric_phrase
המלך האחרון בשבע מאות שבעים ושש,excel_import,False,2214,"מאות, שבע, שבעים, שש",,776,research_package,,אות שניה 358 - רת | source=excel_import,medium,mixed_numeric_phrase
המשיח בעשרה בטבת שבע מאות שבעים ושש,excel_import,False,3200,"מאות, עשרה, שבע, שבעים, שש",,776,research_package,,מיקום 2626 לפני | source=excel_import,medium,mixed_numeric_phrase
המשיח ברוח הקדש בעשרה בטבת,excel_import,False,1978,עשרה,,,research_package,,לפני | source=excel_import,medium,mixed_numeric_phrase
המשיח בשבע מאות שבעים ושש,excel_import,False,2212,"מאות, שבע, שבעים, שש",,776,research_package,,(none) | source=excel_import,medium,mixed_numeric_phrase
המשיח ואליהו באלפים חמש עשרה -מסתתר,excel_import,False,1644,"אלפים, חמש, עשרה",,2015,research_package,,המשיח ואליהו באלפים חמש עשרה - מסתתר | source=excel_import,medium,mixed_numeric_phrase
המשיח שש שבע,excel_import,True,1335,"שבע, שש",,,research_package,,(none) | source=excel_import,medium,mixed_numeric_phrase
הנשמה בת ששת אלפים השנים,excel_import,False,2368,"אלפים, שנים, ששת",,,research_package,,הנשמה בת ששת אלפים השנים | source=excel_import,medium,mixed_numeric_phrase
העשרת אורניום - 2310 וכן 1288,excel_import,False,3330,עשרת,,,research_package,,העשרת אורניום - 2310 וכן 1288 | source=excel_import,medium,mixed_numeric_phrase
הקדוש ברוך הוא + תורה + ישראל + אחד,excel_import,False,1820,אחד,,,research_package,1820 (site core number) [gematria match],(none) | source=excel_import,medium,mixed_numeric_phrase
הקץ חמשת אלפים שבע מאות שבעים ושש,excel_import,False,2951,"אלפים, חמשת, מאות, שבע, שבעים, שש",,5776,research_package,,הקץ חמשת אלפים שבע מאות שבעים ושש | source=excel_import,medium,mixed_numeric_phrase
השכינה בעשרה בטבת,excel_import,True,1380,עשרה,,,research_package,,מדבר רבה | source=excel_import,medium,mixed_numeric_phrase
השכינה הקדשה ישראל אחד,excel_import,True,1358,אחד,,,research_package,,(none) | source=excel_import,medium,mixed_numeric_phrase
השנה אלפיים חמש עשרה - ריבוע,excel_import,False,1742,"אלפיים, חמש, עשרה",,2015,research_package,,השנה אלפיים חמש עשרה - ריבוע | source=excel_import,medium,mixed_numeric_phrase
התגלות אליהו והמשיח בעוד ארבעים יום,excel_import,False,1726,ארבעים,,,research_package,,מילוי דה מילוי | source=excel_import,medium,mixed_numeric_phrase
התגלות בשבע מאות שבעים ושש,excel_import,False,2693,"מאות, שבע, שבעים, שש",,776,research_package,,מילוי ללא | source=excel_import,medium,mixed_numeric_phrase
התגלות המשיח בחמש שבע שבע שש,excel_import,False,2901,"חמש, שבע, שש",,5776,research_package,,אחרי | source=excel_import,medium,mixed_numeric_phrase
התגלות המשיח בשבע מאות שבעים ושש,excel_import,False,3056,"מאות, שבע, שבעים, שש",,776,research_package,,רת | source=excel_import,medium,mixed_numeric_phrase
התגלותו בשבע מאות שבעים ושש,excel_import,False,2699,"מאות, שבע, שבעים, שש",,776,research_package,,אתבש - 2440 אחס בטע | source=excel_import,medium,mixed_numeric_phrase
התגלותך בשבע מאות שבעים ושש,excel_import,False,2713,"מאות, שבע, שבעים, שש",,776,research_package,,מדבר רבה | source=excel_import,medium,mixed_numeric_phrase
התגלותך כמשיח בעוד שלשים וחמשה יום,excel_import,False,2419,"חמשה, שלשים",,,research_package,,אחרי =פי 5 | source=excel_import,medium,mixed_numeric_phrase
וארבע מאות איש עמו,excel_import,True,1153,"ארבע, מאות",,,research_package,,אתבש | source=excel_import,medium,mixed_numeric_phrase
"וּבָא לְצִיּוֹן גּוֹאֵל, וּלְשָׁבֵי פֶשַׁע בְּיַעֲקֹב--נְאֻם, יְהוָה ליהוה בחמשת אלפים שבע מאות שבעים ושש- משולש גדול",excel_import,False,26626,"אלפים, חמשת, מאות, שבע, שבעים, שש",,5776,research_package,,(none) | source=excel_import,medium,mixed_numeric_phrase
"וְזֹאת לִיהוּדָה, וַיֹּאמַר, שְׁמַע יְהוָה קוֹל יְהוּדָה, וְאֶל-עַמּוֹ תְּבִיאֶנּוּ; יָדָיו רָב לוֹ, וְעֵזֶר מִצָּרָיו תִּהְיֶה התגלות מלך המשיח בחמשת אלפים שבע מאות שבעים ושש",excel_import,False,2660,"אלפים, חמשת, מאות, שבע, שבעים, שש",,5776,research_package,,(none) | source=excel_import,medium,mixed_numeric_phrase
ויהוה עליהם יראה ויו יוד הי ויו הי עין למד יוד הי מם יוד ריש אלף הי,excel_import,False,1472,אלף,,,research_package,,מקור: וַיהוָה עֲלֵיהֶם יֵרָאֶה ויו יוד הי ויו הי עין למד יוד הי מם יוד ריש אלף הי 506 3337 | source=excel_import,medium,mixed_numeric_phrase
וַיִּקְרָא יַעֲקֹב אֶל בָּנָיו וַיֹּאמֶר הֵאָסְפוּ וְאַגִּידָה לָכֶם אֵת אֲשֶׁר יִקְרָא אֶתְכֶם בְּאַחֲרִית הַיָּמִים ביאת המשיח באלפיים חמש עשרה - מילוי,excel_import,False,14000,"אלפיים, חמש, עשרה",,2015,research_package,,(none) | source=excel_import,medium,mixed_numeric_phrase
וַיִּקְרָא יַעֲקֹב אֶל בָּנָיו וַיֹּאמֶר הֵאָסְפוּ וְאַגִּידָה לָכֶם אֵת אֲשֶׁר יִקְרָא אֶתְכֶם בְּאַחֲרִית הַיָּמִים ביאת המשיח באלפיים חמש עשרה-מיקום האות -70000-מילוי =פי 5,excel_import,False,4440,"אלפיים, חמש, עשרה",,2015,research_package,,(none) | source=excel_import,medium,mixed_numeric_phrase
וַיִּקְרָא יַעֲקֹב אֶל בָּנָיו וַיֹּאמֶר הֵאָסְפוּ וְאַגִּידָה לָכֶם אֵת אֲשֶׁר יִקְרָא אֶתְכֶם בְּאַחֲרִית הַיָּמִים. אלפיים חמש עשרה,excel_import,True,4620,"אלפיים, חמש, עשרה",,2015,research_package,,(none) | source=excel_import,medium,mixed_numeric_phrase
וַיִּקְרָא יַעֲקֹב אֶל בָּנָיו וַיֹּאמֶר הֵאָסְפוּ וְאַגִּידָה לָכֶם אֵת אֲשֶׁר יִקְרָא אֶתְכֶם בְּאַחֲרִית הַיָּמִים. חמשת אלפים שבע מאות שבעים ושש -33750-לפני =פי 5,excel_import,False,22120,"אלפים, חמשת, מאות, שבע, שבעים, שש",,5776,research_package,,(none) | source=excel_import,medium,mixed_numeric_phrase
חכמה שבעים ושלש,excel_import,True,1131,"שבעים, שלש",,,research_package,,לפני - 1134 - רגיל ומלים | source=excel_import,medium,mixed_numeric_phrase
חמש שבע שבע שש באותיות,excel_import,False,2517,"חמש, שבע, שש",,5776,research_package,,מסתתר | source=excel_import,medium,mixed_numeric_phrase
חמש שבע שבע שש המשכלים יבינו,excel_import,False,2215,"חמש, שבע, שש",,5776,research_package,,אתבש + רגיל | source=excel_import,medium,mixed_numeric_phrase
חמש שלש שלש (533) - מילוי דמילוי,excel_import,False,13360,"חמש, שלש",,,research_package,,חמש שלש שלש (533) - מילוי דמילוי | source=excel_import,medium,mixed_numeric_phrase
י ה ו ה אחד מעתה ועד עולם,excel_import,False,780,אחד,,,research_package,,(none) | source=excel_import,medium,mixed_numeric_phrase
יבא גואל בעתה חמש שבע שבע שש,excel_import,False,2222,"חמש, שבע, שש",,5776,research_package,,סופי תיבות 776 | source=excel_import,medium,mixed_numeric_phrase
יהיה אחד,excel_import,True,43,אחד,,,research_package,,מסתתר | source=excel_import,medium,mixed_numeric_phrase
יהיה אחד * 26 - מסתתר,excel_import,False,676,אחד,,,research_package,,יהיה אחד * 26 - מסתתר | source=excel_import,medium,mixed_numeric_phrase
יום ביאת המשיח האמיתי עשרה בטבת,excel_import,False,2286,עשרה,,,research_package,,מילוי =פי 5 | source=excel_import,medium,mixed_numeric_phrase
יום הדין העשרה בטבת,excel_import,True,1118,עשרה,,,research_package,,1134 - רגיל ואותיות - 1212 - אתבש | source=excel_import,medium,mixed_numeric_phrase
יום ההתגלות עשרה בטבת,excel_import,True,1893,עשרה,,,research_package,,מסתתר | source=excel_import,medium,mixed_numeric_phrase
יום הויה הגדול והנורא עשרה בטבת,excel_import,False,1386,עשרה,,,research_package,,יום הויה הגדול והנורא עשרה בטבת | source=excel_import,medium,mixed_numeric_phrase
יום התגלותי כמשיח יהוה עשרה בטבת,excel_import,False,2302,עשרה,,,research_package,,משולש - 3970 מסתתר | source=excel_import,medium,mixed_numeric_phrase
יפול מצדך אלף ורבבה מימינך,excel_import,False,776,"אלף, רבבה",,,research_package,,(none) | source=excel_import,medium,mixed_numeric_phrase
כי לה' המלוכה אלף שמונה מאות עשרים,excel_import,False,1750,"אלף, מאות, עשרים, שמונה",,1820,research_package,1820 (site core number) [spelled-value match],(none) | source=excel_import,medium,mixed_numeric_phrase
כי שבע יפול צדיק וקם,excel_import,False,878,שבע,,,research_package,,מקור: כי שבע יפול צדיק וקם 455 | source=excel_import,medium,mixed_numeric_phrase
כתובת המשיח באחוזה ששים ושמונה אחרי,excel_import,False,2496,"שמונה, ששים",,,research_package,,כתובת המשיח באחוזה ששים ושמונה אחרי | source=excel_import,medium,mixed_numeric_phrase
לי דרגת מלך המשיח ה11111-גדול- אחת,excel_import,False,3630,אחת,,,research_package,,לי דרגת מלך המשיח ה11111 - גדול - אחת | source=excel_import,medium,mixed_numeric_phrase
מאה ארבעים ושמונה (148),excel_import,False,776,"ארבעים, מאה, שמונה",,,research_package,,מאה ארבעים ושמונה (148) | source=excel_import,medium,mixed_numeric_phrase
מי ימשח למלך בעוד עשרים וששה יום,excel_import,False,1897,"עשרים, ששה",,,research_package,,גדול ומילוי גדול | source=excel_import,medium,mixed_numeric_phrase
מי יקבל תורה חדשה משלוש,excel_import,False,1796,שלוש,,,research_package,,(none) | source=excel_import,medium,mixed_numeric_phrase
מי יתגלה בעוד ארבעים יום,excel_import,False,959,ארבעים,,,research_package,,משולש =פי 5 | source=excel_import,medium,mixed_numeric_phrase
מימד חמש 1472,excel_import,False,442,חמש,,,research_package,,מימד חמש 1472 | source=excel_import,medium,mixed_numeric_phrase
מלחמה אחת אהובי בא,excel_import,True,559,אחת,,,research_package,,(none) | source=excel_import,medium,mixed_numeric_phrase
מלחמה אלפים חמש מאות וארבע,excel_import,False,1358,"אלפים, ארבע, חמש, מאות",,,research_package,,מלחמה אלפים חמש מאות וארבע | source=excel_import,medium,mixed_numeric_phrase
מלחמת גוג ומגוג בעוד עשרים ושבעה יום,excel_import,False,1729,"עשרים, שבעה",,,research_package,,סת == משולש ומשולש | source=excel_import,medium,mixed_numeric_phrase
מלך אחד על כל העולם,excel_import,False,404,אחד,,,research_package,,מסתתר 1335 מדבר רבה | source=excel_import,medium,mixed_numeric_phrase
מלך המשיח בעשירי בטבת חמש שבע שבע שש,excel_import,False,3150,"חמש, שבע, שש",,5776,research_package,,גדול | source=excel_import,medium,mixed_numeric_phrase
מלך המשיח יבוא באלפיים שש עשרה,excel_import,False,1820,"אלפיים, עשרה, שש",,2016,research_package,1820 (site core number) [gematria match],מלך המשיח יבוא באלפיים שש עשרה | source=excel_import,medium,mixed_numeric_phrase
מלכותי באלפיים שש עשרה -לפני =פי 5,excel_import,False,6440,"אלפיים, עשרה, שש",,2016,research_package,,מלכותי באלפיים שש עשרה - לפני =פי 5 | source=excel_import,medium,mixed_numeric_phrase
מֹעֵד שְׁנַת הַשְּׁמִטָּה--בְּחַג הַסֻּכּוֹת בשנה החדשה חמשת אלפים שבע מאות שבעים ושש - אחס בטע,excel_import,True,5312,"אלפים, חמשת, מאות, שבע, שבעים, שש",,5776,research_package,,(none) | source=excel_import,medium,mixed_numeric_phrase
מֹעֵד שְׁנַת הַשְּׁמִטָּה--בְּחַג הַסֻּכּוֹת. חמשת אלפים שבע מאות שבעים ושש,excel_import,True,4483,"אלפים, חמשת, מאות, שבע, שבעים, שש",,5776,research_package,,(none) | source=excel_import,medium,mixed_numeric_phrase
מצפון תפתח הרעה בעוד עשרים ושבעה יום,excel_import,False,2575,"עשרים, שבעה",,,research_package,,מיקום=פי 5 | source=excel_import,medium,mixed_numeric_phrase
משיח בן דוד עבדך חמש שבע שבע שש,excel_import,False,2212,"חמש, שבע, שש",,5776,research_package,,(none) | source=excel_import,medium,mixed_numeric_phrase
משיח בן דוד שבע שבע שש ∆,excel_import,False,6606,"שבע, שש",,,research_package,,(none) | source=excel_import,medium,mixed_numeric_phrase
משיח בן דויד חמש שבע שבע שש ( ∆ ישר והפוך),excel_import,False,15334,"חמש, שבע, שש",,5776,research_package,,(none) | source=excel_import,medium,mixed_numeric_phrase
משיח בשבע מאות שבעים ושש,excel_import,False,2207,"מאות, שבע, שבעים, שש",,776,research_package,,רגיל ומלים | source=excel_import,medium,mixed_numeric_phrase
משיח יבא בשבע שבע שש,excel_import,False,1717,"שבע, שש",,,research_package,,(none) | source=excel_import,medium,mixed_numeric_phrase
משיח יה שלוש חמש שמונה,excel_import,False,1758,"חמש, שלוש, שמונה",,,research_package,,מסתתר | source=excel_import,medium,mixed_numeric_phrase
משיח יהוה באלפים חמש עשרה - מיקום,excel_import,False,248,"אלפים, חמש, עשרה",,2015,research_package,,משיח יהוה באלפים חמש עשרה - מיקום | source=excel_import,medium,mixed_numeric_phrase
משיח יהוה יתגלה עשרה בטבת,excel_import,False,1820,עשרה,,,research_package,1820 (site core number) [gematria match],(none) | source=excel_import,medium,mixed_numeric_phrase
משיחי יתגלה בעוד ארבעים יום,excel_import,False,1277,ארבעים,,,research_package,,ריבוע | source=excel_import,medium,mixed_numeric_phrase
סוד 1820 - אחד,excel_import,False,83,אחד,,,research_package,,סוד 1820 - אחד | source=excel_import,medium,mixed_numeric_phrase
סוד אלף שמונה מאות עשרים כי לה' המלוכה,excel_import,False,1820,"אלף, מאות, עשרים, שמונה",,1820,research_package,1820 (site core number) [gematria match]; 1820 (site core number) [spelled-value match],(none) | source=excel_import,medium,mixed_numeric_phrase
סוד המשיח האחרון 1335-גדול -לפי-אחת,excel_import,False,3370,אחת,,,research_package,,סוד המשיח האחרון 1335 - גדול - לפי - אחת | source=excel_import,medium,mixed_numeric_phrase
סוד יהוה 1820 סופי תיבות (אחת) 1337 לפני,excel_import,False,514,אחת,,,research_package,,סוד יהוה 1820 סופי תיבות (אחת) 1337 לפני | source=excel_import,medium,mixed_numeric_phrase
עם קשה עורף אנחנו ב = 988 רגיל = עשרה בטבת,excel_import,False,,עשרה,,,research_package,,עם קשה עורף אנחנו ב = 988 רגיל = עשרה בטבת | source=excel_import,medium,mixed_numeric_phrase
עצמאות שבעים ושלוש,excel_import,True,1671,"שבעים, שלוש",,,research_package,,(none) | source=excel_import,medium,mixed_numeric_phrase
עשר הספירות,excel_import,True,1331,עשר,,,research_package,,(none) | source=excel_import,medium,mixed_numeric_phrase
עשר שמיטות,excel_import,True,1335,עשר,,,research_package,,(none) | source=excel_import,medium,mixed_numeric_phrase
עשרה בטבת,excel_import,True,988,עשרה,,,research_package,,"937 מסתתר - אחס"" בטע 533 - 997 במדבר | source=excel_import",medium,mixed_numeric_phrase
עשרה בטבת דויד בן ישי יתגלה,excel_import,False,1832,עשרה,,,research_package,,משולש | source=excel_import,medium,mixed_numeric_phrase
עשרה בטבת סוד יהוה,excel_import,True,1084,עשרה,,,research_package,,מסתתר | source=excel_import,medium,mixed_numeric_phrase
עשרה בטבת סוד יהוה יחשף,excel_import,False,1482,עשרה,,,research_package,,מסתתר | source=excel_import,medium,mixed_numeric_phrase
עשרה בניסן,excel_import,True,747,עשרה,,,research_package,,אלבם - 514 - לפני | source=excel_import,medium,mixed_numeric_phrase
עשרים ושבע האותיות (גדול),excel_import,False,2386,"עשרים, שבע",,,research_package,,עשרים ושבע האותיות (גדול) | source=excel_import,medium,mixed_numeric_phrase
עשרים ושתים אותיות כולל,excel_import,True,2285,עשרים,,,research_package,,(none) | source=excel_import,medium,mixed_numeric_phrase
עת האלף,excel_import,True,586,אלף,,,research_package,,רגיל - רגיל ואתבש 1110 | source=excel_import,medium,mixed_numeric_phrase
צמח דוד בחמש שבע שבע שש,excel_import,False,1846,"חמש, שבע, שש",,5776,research_package,,פי 5 לפני - אחרי 12020 | source=excel_import,medium,mixed_numeric_phrase
צמח דוד חמש שבע שבע שש,excel_import,False,1844,"חמש, שבע, שש",,5776,research_package,,מסתתר | source=excel_import,medium,mixed_numeric_phrase
צמח המשיח ימשח בשמן המשחה בעשרה בטבת,excel_import,False,2599,עשרה,,,research_package,,אתבש | source=excel_import,medium,mixed_numeric_phrase
רוח אלהים תרד בעוד עשרים וששה יום,excel_import,False,2273,"עשרים, ששה",,,research_package,,גדול ומלים - 15200 - גדול ומילוי גדול | source=excel_import,medium,mixed_numeric_phrase
שבע מאות חמישים. = 1227 (750 סכום המענק לכל אזרח),excel_import,False,1227,"חמישים, מאות, שבע",,,research_package,,שבע מאות חמישים. = 1227 (750 סכום המענק לכל אזרח) | source=excel_import,medium,mixed_numeric_phrase
שבע שש יום,excel_import,True,1028,"שבע, שש",,,research_package,,(none) | source=excel_import,medium,mixed_numeric_phrase
שבעה באוקטובר,excel_import,True,703,שבעה,,,research_package,,אתבש | source=excel_import,medium,mixed_numeric_phrase
שבעים וחמש = ביום ההוא = 75,excel_import,False,776,"חמש, שבעים",,,research_package,,שבעים וחמש = ביום ההוא = 75 | source=excel_import,medium,mixed_numeric_phrase
שבעים ושלוש ∆ (חכמה = שבעים ושלוש),excel_import,False,3960,"שבעים, שלוש",,,research_package,,(none) | source=excel_import,medium,mixed_numeric_phrase
שבעים עמים יעלו לציון למלחמה השנה,excel_import,False,1397,שבעים,,,research_package,,לפני - פי 5 | source=excel_import,medium,mixed_numeric_phrase
שבעים עמים יעלו על ציון,excel_import,False,954,שבעים,,,research_package,,רגיל - פי 5 | source=excel_import,medium,mixed_numeric_phrase
שבעים עמים יעלו על ציון בעתה,excel_import,False,1431,שבעים,,,research_package,,אתבש - 5660 - לפני - פי 5 | source=excel_import,medium,mixed_numeric_phrase
שורש אחד,excel_import,True,819,אחד,,,research_package,,(none) | source=excel_import,medium,mixed_numeric_phrase
שלושים ושבע פעמים שבעים ושלוש,excel_import,False,2368,"שבע, שבעים, שלוש, שלושים",,,research_package,,מיקום 358 | source=excel_import,medium,mixed_numeric_phrase
שלש חמש חמש (355),excel_import,False,1326,"חמש, שלש",,,research_package,,שלש חמש חמש (355) | source=excel_import,medium,mixed_numeric_phrase
שלש עשרה עקרי האמונה,excel_import,True,1692,"עשרה, שלש",,,research_package,,מסתתר 1551 | source=excel_import,medium,mixed_numeric_phrase
שלשים ווששה יום להתגלות צמח דוד,excel_import,False,2379,שלשים,,,research_package,,אחרי לפני | source=excel_import,medium,mixed_numeric_phrase
שלשים ווששה יום ליום הדין,excel_import,False,1508,שלשים,,,research_package,,לפני | source=excel_import,medium,mixed_numeric_phrase
שלשים ושבע יום לביאת המשיח =פי 5,excel_import,False,15200,"שבע, שלשים",,,research_package,,שלשים ושבע יום לביאת המשיח =פי 5 | source=excel_import,medium,mixed_numeric_phrase
שלשים ושבעה ליום התגלותך,excel_import,True,2013,"שבעה, שלשים",,,research_package,,לפני =פי 5 | source=excel_import,medium,mixed_numeric_phrase
שמנה עשרה,excel_import,True,970,עשרה,,,research_package,,(none) | source=excel_import,medium,mixed_numeric_phrase
שמע ישראל יה וה אלהינו יה וה אחד,excel_import,False,1118,אחד,,,research_package,,(none) | source=excel_import,medium,mixed_numeric_phrase
שנת אלפים עשרים ואחד,excel_import,True,1550,"אחד, אלפים, עשרים",,,research_package,,שנת אלפים עשרים ואחד | source=excel_import,medium,mixed_numeric_phrase
שנת שבעים וחמש למדינת ישראל,excel_import,False,2601,"חמש, שבעים",,,research_package,,(none) | source=excel_import,medium,mixed_numeric_phrase
"שש ארבע ארבע אתב""ש",excel_import,True,1849,"ארבע, שש",,,research_package,,(none) | source=excel_import,medium,mixed_numeric_phrase
שש מאות ארבעים וארבע המשיח,excel_import,False,2012,"ארבע, ארבעים, מאות, שש",,,research_package,,ריבוע גדול | source=excel_import,medium,mixed_numeric_phrase
שש מאות ארבעים וארבע צמח דויד בן ישי,excel_import,False,2183,"ארבע, ארבעים, מאות, שש",,,research_package,,רגיל ואותיות - 3960 - איק בכר | source=excel_import,medium,mixed_numeric_phrase
שתים חמש חמש,excel_import,True,1446,"שתים, חמש, חמש","[2,5,5]",255,numeric_word_construct,,רגיל ומסתתר | source=excel_import,low,numeric_sequence
שתים חמש חמש רעיה,excel_import,True,1731,"שתים, חמש, חמש","[2,5,5]",,research_package,,אתבש | source=excel_import,low,mixed_numeric_phrase
שתים חמש חמש שלש שלש שבע,excel_import,False,3078,"שתים, חמש, חמש, שלש, שלש, שבע","[2,5,5,3,3,7]",,numeric_word_construct,,מסתתר!! | source=excel_import,low,numeric_sequence
שתים שש שש,excel_import,True,1950,"שתים, שש, שש","[2,6,6]",266,numeric_word_construct,,משולש | source=excel_import,low,numeric_sequence
שתים שש שש שורש דויד המלך בימינו,excel_import,False,2993,"שתים, שש, שש","[2,6,6]",,research_package,,5060 + 1948 | source=excel_import,medium,mixed_numeric_phrase
שתים שש שש שש ארבע ארבע ∆,excel_import,False,3096,"שתים, שש, שש, שש, ארבע, ארבע","[2,6,6,6,4,4]",,numeric_word_construct,,(none) | source=excel_import,low,numeric_sequence
תכלית אחד,excel_import,True,873,אחד,,,research_package,,(none) | source=excel_import,medium,mixed_numeric_phrase
תרגיל למשיחי - מסתתר = עשרה בטבת,excel_import,False,988,עשרה,,,research_package,,תרגיל למשיחי - מסתתר = עשרה בטבת | source=excel_import,medium,mixed_numeric_phrase
חמש סלעים,promoted:raw_docx,True,558,חמש,,,unknown,,קודם מהמאגר הגולמי — נופל על מספר-אם 1118 (גדול) | source=promoted:raw_docx,medium,mixed_numeric_phrase
רב ששת,promoted:raw_docx,True,1202,ששת,,,unknown,,קודם מהמאגר הגולמי — נופל על מספר-אם 1202 (רגיל) | source=promoted:raw_docx,medium,mixed_numeric_phrase
תשעה ערי מקלט,promoted:raw_docx,True,1234,תשעה,,,unknown,,קודם מהמאגר הגולמי — נופל על מספר-אם 1234 (רגיל) | source=promoted:raw_docx,medium,mixed_numeric_phrase
אבן אחת,promoted:raw_docx_v2,True,462,אחת,,,thematic_corpus,,(none) | source=promoted:raw_docx_v2,medium,mixed_numeric_phrase
אור שבעת הימים,promoted:raw_docx_v2,True,1084,שבעת,,,thematic_corpus,,(none) | source=promoted:raw_docx_v2,medium,mixed_numeric_phrase
אחד בפה ואחד בלב,promoted:raw_docx_v2,True,153,אחד,,,thematic_corpus,,(none) | source=promoted:raw_docx_v2,medium,mixed_numeric_phrase
אחד שש שלש שמנה,promoted:raw_docx_v2,True,1638,"אחד, שלש, שש",,,thematic_corpus,,(none) | source=promoted:raw_docx_v2,medium,mixed_numeric_phrase
אחת היא יונתי תמתי,promoted:raw_docx_v2,True,1751,אחת,,,thematic_corpus,,(none) | source=promoted:raw_docx_v2,medium,mixed_numeric_phrase
אחת שתים,promoted:raw_docx_v2,True,1159,"אחת, שתים","[1,2]",12,numeric_word_construct,,(none) | source=promoted:raw_docx_v2,low,numeric_sequence
אין דבר שבערוה פחות משנים,promoted:raw_docx_v2,True,1784,שנים,,,thematic_corpus,,(none) | source=promoted:raw_docx_v2,medium,mixed_numeric_phrase
אלף אלפי הבדלות,promoted:raw_docx_v2,True,679,"אלף, אלפי",,,thematic_corpus,,(none) | source=promoted:raw_docx_v2,medium,mixed_numeric_phrase
אלף כסף,promoted:raw_docx_v2,True,271,אלף,,,thematic_corpus,,(none) | source=promoted:raw_docx_v2,medium,mixed_numeric_phrase
אלף שנה,promoted:raw_docx_v2,True,466,אלף,,,thematic_corpus,,(none) | source=promoted:raw_docx_v2,medium,mixed_numeric_phrase
אלף שנים,promoted:raw_docx_v2,True,511,"אלף, שנים",,,thematic_corpus,,(none) | source=promoted:raw_docx_v2,medium,mixed_numeric_phrase
אלפי מנשה,promoted:raw_docx_v2,True,516,אלפי,,,thematic_corpus,,(none) | source=promoted:raw_docx_v2,medium,mixed_numeric_phrase
אלפיים אמה,promoted:raw_docx_v2,True,217,אלפיים,,,thematic_corpus,,(none) | source=promoted:raw_docx_v2,medium,mixed_numeric_phrase
אלפים אמה,promoted:raw_docx_v2,True,207,אלפים,,,thematic_corpus,,(none) | source=promoted:raw_docx_v2,medium,mixed_numeric_phrase
ארבע אמהוות,promoted:raw_docx_v2,True,731,ארבע,,,thematic_corpus,,(none) | source=promoted:raw_docx_v2,medium,mixed_numeric_phrase
ארבע אמות,promoted:raw_docx_v2,True,720,ארבע,,,thematic_corpus,,(none) | source=promoted:raw_docx_v2,medium,mixed_numeric_phrase
ארבע גלוויות,promoted:raw_docx_v2,True,734,ארבע,,,thematic_corpus,,(none) | source=promoted:raw_docx_v2,medium,mixed_numeric_phrase
ארבע גליות,promoted:raw_docx_v2,True,722,ארבע,,,thematic_corpus,,(none) | source=promoted:raw_docx_v2,medium,mixed_numeric_phrase
ארבע כוסות,promoted:raw_docx_v2,True,765,ארבע,,,thematic_corpus,,(none) | source=promoted:raw_docx_v2,medium,mixed_numeric_phrase
ארבע מאות שקל כסף,promoted:raw_docx_v2,True,1310,"ארבע, מאות",,,thematic_corpus,,(none) | source=promoted:raw_docx_v2,medium,mixed_numeric_phrase
ארבע מאת שקל כסף,promoted:raw_docx_v2,True,1304,ארבע,,,thematic_corpus,,(none) | source=promoted:raw_docx_v2,medium,mixed_numeric_phrase
ארבע פרשיות,promoted:raw_docx_v2,True,1269,ארבע,,,thematic_corpus,,(none) | source=promoted:raw_docx_v2,medium,mixed_numeric_phrase
ארבע קושיות,promoted:raw_docx_v2,True,1095,ארבע,,,thematic_corpus,,(none) | source=promoted:raw_docx_v2,medium,mixed_numeric_phrase
ארבע רוחות השמים,promoted:raw_docx_v2,True,1288,ארבע,,,thematic_corpus,,(none) | source=promoted:raw_docx_v2,medium,mixed_numeric_phrase
ארבע רשויות,promoted:raw_docx_v2,True,1195,ארבע,,,thematic_corpus,,(none) | source=promoted:raw_docx_v2,medium,mixed_numeric_phrase
ארבעה מינים,promoted:raw_docx_v2,True,428,ארבעה,,,thematic_corpus,,(none) | source=promoted:raw_docx_v2,medium,mixed_numeric_phrase
ארבעים יום וארבעים לילה,promoted:raw_docx_v2,True,783,ארבעים,,,thematic_corpus,,(none) | source=promoted:raw_docx_v2,medium,mixed_numeric_phrase
ארבעים סאה,promoted:raw_docx_v2,True,389,ארבעים,,,thematic_corpus,,(none) | source=promoted:raw_docx_v2,medium,mixed_numeric_phrase
ארבעים סאה חסר קרטוב,promoted:raw_docx_v2,True,974,ארבעים,,,thematic_corpus,,(none) | source=promoted:raw_docx_v2,medium,mixed_numeric_phrase
ארבעים שנה,promoted:raw_docx_v2,True,678,ארבעים,,,thematic_corpus,,(none) | source=promoted:raw_docx_v2,medium,mixed_numeric_phrase
ארבעת המינים,promoted:raw_docx_v2,True,828,ארבעת,,,thematic_corpus,,(none) | source=promoted:raw_docx_v2,medium,mixed_numeric_phrase
באים כאחד,promoted:raw_docx_v2,True,86,אחד,,,thematic_corpus,,(none) | source=promoted:raw_docx_v2,medium,mixed_numeric_phrase
בגדי שש,promoted:raw_docx_v2,True,619,שש,,,thematic_corpus,,(none) | source=promoted:raw_docx_v2,medium,mixed_numeric_phrase
בטול בששים,promoted:raw_docx_v2,True,699,ששים,,,thematic_corpus,,(none) | source=promoted:raw_docx_v2,medium,mixed_numeric_phrase
בשר אחד,promoted:raw_docx_v2,True,515,אחד,,,thematic_corpus,,(none) | source=promoted:raw_docx_v2,medium,mixed_numeric_phrase
בת שבע,promoted:raw_docx_v2,True,774,שבע,,,thematic_corpus,,(none) | source=promoted:raw_docx_v2,medium,mixed_numeric_phrase
דבר שיש לו מתירין,promoted:raw_docx_v2,True,1562,שיש,,,thematic_corpus,,(none) | source=promoted:raw_docx_v2,medium,mixed_numeric_phrase
דוד בת שבע,promoted:raw_docx_v2,True,788,שבע,,,thematic_corpus,,(none) | source=promoted:raw_docx_v2,medium,mixed_numeric_phrase
הטור האחד,promoted:raw_docx_v2,True,238,אחד,,,thematic_corpus,,(none) | source=promoted:raw_docx_v2,medium,mixed_numeric_phrase
העלם אחד,promoted:raw_docx_v2,True,158,אחד,,,thematic_corpus,,(none) | source=promoted:raw_docx_v2,medium,mixed_numeric_phrase
התר מאה רבנים,promoted:raw_docx_v2,True,953,מאה,,,thematic_corpus,,(none) | source=promoted:raw_docx_v2,medium,mixed_numeric_phrase
ושתי המלכה,promoted:raw_docx_v2,True,816,שתי,,,thematic_corpus,,(none) | source=promoted:raw_docx_v2,medium,mixed_numeric_phrase
זה בורר לו אחד,promoted:raw_docx_v2,True,469,אחד,,,thematic_corpus,,(none) | source=promoted:raw_docx_v2,medium,mixed_numeric_phrase
חזקת שלש שנים,promoted:raw_docx_v2,True,1545,"שלש, שנים",,,thematic_corpus,,(none) | source=promoted:raw_docx_v2,medium,mixed_numeric_phrase
חמישה חומשי תורה,promoted:raw_docx_v2,True,1338,חמישה,,,thematic_corpus,,(none) | source=promoted:raw_docx_v2,medium,mixed_numeric_phrase
חמישה חמשי תורה,promoted:raw_docx_v2,True,1332,חמישה,,,thematic_corpus,,(none) | source=promoted:raw_docx_v2,medium,mixed_numeric_phrase
חמש אצבעות,promoted:raw_docx_v2,True,917,חמש,,,thematic_corpus,,(none) | source=promoted:raw_docx_v2,medium,mixed_numeric_phrase
חמשה עשר באב,promoted:raw_docx_v2,True,928,"חמשה, עשר",,,thematic_corpus,,(none) | source=promoted:raw_docx_v2,medium,mixed_numeric_phrase
חמשה עשר בשבט,promoted:raw_docx_v2,True,1236,"חמשה, עשר",,,thematic_corpus,,(none) | source=promoted:raw_docx_v2,medium,mixed_numeric_phrase
יום אחד,promoted:raw_docx_v2,True,69,אחד,,,thematic_corpus,,(none) | source=promoted:raw_docx_v2,medium,mixed_numeric_phrase
יחיד ממאה,promoted:raw_docx_v2,True,118,מאה,,,thematic_corpus,,(none) | source=promoted:raw_docx_v2,medium,mixed_numeric_phrase
ימים אלף מאתים ותשעים,promoted:raw_docx_v2,True,1528,"אלף, תשעים",,,thematic_corpus,,(none) | source=promoted:raw_docx_v2,medium,mixed_numeric_phrase
לאלף דור,promoted:raw_docx_v2,True,351,אלף,,,thematic_corpus,,(none) | source=promoted:raw_docx_v2,medium,mixed_numeric_phrase
לב אחד,promoted:raw_docx_v2,True,45,אחד,,,thematic_corpus,,(none) | source=promoted:raw_docx_v2,medium,mixed_numeric_phrase
לבשר אחד,promoted:raw_docx_v2,True,545,אחד,,,thematic_corpus,,(none) | source=promoted:raw_docx_v2,medium,mixed_numeric_phrase
מאה באמה,promoted:raw_docx_v2,True,94,מאה,,,thematic_corpus,,(none) | source=promoted:raw_docx_v2,medium,mixed_numeric_phrase
מאה ברכות,promoted:raw_docx_v2,True,674,מאה,,,thematic_corpus,,(none) | source=promoted:raw_docx_v2,medium,mixed_numeric_phrase
מאה שערים,promoted:raw_docx_v2,True,666,מאה,,,thematic_corpus,,(none) | source=promoted:raw_docx_v2,medium,mixed_numeric_phrase
מקרה אחד,promoted:raw_docx_v2,True,358,אחד,,,thematic_corpus,,(none) | source=promoted:raw_docx_v2,medium,mixed_numeric_phrase
נצר חסד לאלפים,promoted:raw_docx_v2,True,603,אלפים,,,thematic_corpus,,(none) | source=promoted:raw_docx_v2,medium,mixed_numeric_phrase
עץ אחד,promoted:raw_docx_v2,True,173,אחד,,,thematic_corpus,,(none) | source=promoted:raw_docx_v2,medium,mixed_numeric_phrase
ערב תשעה באב,promoted:raw_docx_v2,True,1052,תשעה,,,thematic_corpus,,(none) | source=promoted:raw_docx_v2,medium,mixed_numeric_phrase
עשר אצבעות,promoted:raw_docx_v2,True,1139,עשר,,,thematic_corpus,,(none) | source=promoted:raw_docx_v2,medium,mixed_numeric_phrase
עשר המכות,promoted:raw_docx_v2,True,1041,עשר,,,thematic_corpus,,(none) | source=promoted:raw_docx_v2,medium,mixed_numeric_phrase
עשר וכבוד,promoted:raw_docx_v2,True,608,עשר,,,thematic_corpus,,(none) | source=promoted:raw_docx_v2,medium,mixed_numeric_phrase
עשר מכות מצרים,promoted:raw_docx_v2,True,1416,עשר,,,thematic_corpus,,(none) | source=promoted:raw_docx_v2,medium,mixed_numeric_phrase
עשר ספירות,promoted:raw_docx_v2,True,1326,עשר,,,thematic_corpus,,(none) | source=promoted:raw_docx_v2,medium,mixed_numeric_phrase
עשרה בטלנים,promoted:raw_docx_v2,True,716,עשרה,,,thematic_corpus,,(none) | source=promoted:raw_docx_v2,medium,mixed_numeric_phrase
עשרה דבריא,promoted:raw_docx_v2,True,792,עשרה,,,thematic_corpus,,(none) | source=promoted:raw_docx_v2,medium,mixed_numeric_phrase
עשרה הרוגי מלכות,promoted:raw_docx_v2,True,1295,עשרה,,,thematic_corpus,,(none) | source=promoted:raw_docx_v2,medium,mixed_numeric_phrase
עשרת הדברים,promoted:raw_docx_v2,True,1231,עשרת,,,thematic_corpus,,(none) | source=promoted:raw_docx_v2,medium,mixed_numeric_phrase
עשרת הרוגי מלכות,promoted:raw_docx_v2,True,1690,עשרת,,,thematic_corpus,,(none) | source=promoted:raw_docx_v2,medium,mixed_numeric_phrase
עשרת ימי תשובה,promoted:raw_docx_v2,True,1743,עשרת,,,thematic_corpus,,(none) | source=promoted:raw_docx_v2,medium,mixed_numeric_phrase
פי שנים,promoted:raw_docx_v2,True,490,שנים,,,thematic_corpus,,(none) | source=promoted:raw_docx_v2,medium,mixed_numeric_phrase
פסחים על שתי הסעפים,promoted:raw_docx_v2,True,1273,שתי,,,thematic_corpus,,(none) | source=promoted:raw_docx_v2,medium,mixed_numeric_phrase
קרית ארבע,promoted:raw_docx_v2,True,983,ארבע,,,thematic_corpus,,(none) | source=promoted:raw_docx_v2,medium,mixed_numeric_phrase
רבבות אפרים,promoted:raw_docx_v2,True,941,רבבות,,,thematic_corpus,,(none) | source=promoted:raw_docx_v2,medium,mixed_numeric_phrase
רגע אחד,promoted:raw_docx_v2,True,286,אחד,,,thematic_corpus,,(none) | source=promoted:raw_docx_v2,medium,mixed_numeric_phrase
שבע אומות,promoted:raw_docx_v2,True,825,שבע,,,thematic_corpus,,(none) | source=promoted:raw_docx_v2,medium,mixed_numeric_phrase
שבע ברכות,promoted:raw_docx_v2,True,1000,שבע,,,thematic_corpus,,(none) | source=promoted:raw_docx_v2,medium,mixed_numeric_phrase
שבע דנחמתא,promoted:raw_docx_v2,True,875,שבע,,,thematic_corpus,,(none) | source=promoted:raw_docx_v2,medium,mixed_numeric_phrase
שבע הקפות,promoted:raw_docx_v2,True,963,שבע,,,thematic_corpus,,(none) | source=promoted:raw_docx_v2,medium,mixed_numeric_phrase
שבע נקיים,promoted:raw_docx_v2,True,582,שבע,,,thematic_corpus,,(none) | source=promoted:raw_docx_v2,medium,mixed_numeric_phrase
שבע פעמים,promoted:raw_docx_v2,True,612,שבע,,,thematic_corpus,,(none) | source=promoted:raw_docx_v2,medium,mixed_numeric_phrase
שבע שמחות,promoted:raw_docx_v2,True,1126,שבע,,,thematic_corpus,,(none) | source=promoted:raw_docx_v2,medium,mixed_numeric_phrase
שבעה ימים,promoted:raw_docx_v2,True,477,שבעה,,,thematic_corpus,,(none) | source=promoted:raw_docx_v2,medium,mixed_numeric_phrase
שבעה נקיים,promoted:raw_docx_v2,True,587,שבעה,,,thematic_corpus,,(none) | source=promoted:raw_docx_v2,medium,mixed_numeric_phrase
שבעה עינים,promoted:raw_docx_v2,True,557,שבעה,,,thematic_corpus,,(none) | source=promoted:raw_docx_v2,medium,mixed_numeric_phrase
שבעה עשר בתמוז,promoted:raw_docx_v2,True,1402,"עשר, שבעה",,,thematic_corpus,,(none) | source=promoted:raw_docx_v2,medium,mixed_numeric_phrase
שבעים יום,promoted:raw_docx_v2,True,478,שבעים,,,thematic_corpus,,(none) | source=promoted:raw_docx_v2,medium,mixed_numeric_phrase
שבעים פנים,promoted:raw_docx_v2,True,602,שבעים,,,thematic_corpus,,(none) | source=promoted:raw_docx_v2 | vip_source=OPOC1 OPOC1,medium,mixed_numeric_phrase
שבעת המינים,promoted:raw_docx_v2,True,927,שבעת,,,thematic_corpus,,(none) | source=promoted:raw_docx_v2,medium,mixed_numeric_phrase
שבעת הסריסים,promoted:raw_docx_v2,True,1157,שבעת,,,thematic_corpus,,(none) | source=promoted:raw_docx_v2,medium,mixed_numeric_phrase
שלוש שנים,promoted:raw_docx_v2,True,1036,"שלוש, שנים",,,thematic_corpus,,(none) | source=promoted:raw_docx_v2,medium,mixed_numeric_phrase
שלמה בן בת שבע,promoted:raw_docx_v2,True,1201,שבע,,,thematic_corpus,,(none) | source=promoted:raw_docx_v2,medium,mixed_numeric_phrase
שלש סעודות,promoted:raw_docx_v2,True,1176,שלש,,,thematic_corpus,,(none) | source=promoted:raw_docx_v2,medium,mixed_numeric_phrase
שלש עשרה מדות,promoted:raw_docx_v2,True,1655,"עשרה, שלש",,,thematic_corpus,,(none) | source=promoted:raw_docx_v2,medium,mixed_numeric_phrase
שלש עשרה שנה,promoted:raw_docx_v2,True,1560,"עשרה, שלש",,,thematic_corpus,,(none) | source=promoted:raw_docx_v2,medium,mixed_numeric_phrase
שלש פעמים,promoted:raw_docx_v2,True,870,שלש,,,thematic_corpus,,(none) | source=promoted:raw_docx_v2,medium,mixed_numeric_phrase
שלש רגלים,promoted:raw_docx_v2,True,913,שלש,,,thematic_corpus,,(none) | source=promoted:raw_docx_v2,medium,mixed_numeric_phrase
שלש שנים,promoted:raw_docx_v2,True,1030,"שלש, שנים",,,thematic_corpus,,(none) | source=promoted:raw_docx_v2,medium,mixed_numeric_phrase
שלשה אבות,promoted:raw_docx_v2,True,1044,שלשה,,,thematic_corpus,,(none) | source=promoted:raw_docx_v2,medium,mixed_numeric_phrase
שלשה ימים,promoted:raw_docx_v2,True,735,שלשה,,,thematic_corpus,,(none) | source=promoted:raw_docx_v2,medium,mixed_numeric_phrase
שלשה ירחים,promoted:raw_docx_v2,True,903,שלשה,,,thematic_corpus,,(none) | source=promoted:raw_docx_v2,medium,mixed_numeric_phrase
שלשה עדרי צאן,promoted:raw_docx_v2,True,1060,שלשה,,,thematic_corpus,,(none) | source=promoted:raw_docx_v2,medium,mixed_numeric_phrase
שלשים כסף,promoted:raw_docx_v2,True,840,שלשים,,,thematic_corpus,,(none) | source=promoted:raw_docx_v2,medium,mixed_numeric_phrase
שלשים של עבד,promoted:raw_docx_v2,True,1086,שלשים,,,thematic_corpus,,(none) | source=promoted:raw_docx_v2,medium,mixed_numeric_phrase
שמונה ימי מילה,promoted:raw_docx_v2,True,546,שמונה,,,thematic_corpus,,(none) | source=promoted:raw_docx_v2,medium,mixed_numeric_phrase
שמונה עשר דבר,promoted:raw_docx_v2,True,1177,"עשר, שמונה",,,thematic_corpus,,(none) | source=promoted:raw_docx_v2,medium,mixed_numeric_phrase
שמנה עשר דבר,promoted:raw_docx_v2,True,1171,עשר,,,thematic_corpus,,(none) | source=promoted:raw_docx_v2,medium,mixed_numeric_phrase
שני גזרי עצים,promoted:raw_docx_v2,True,790,שני,,,thematic_corpus,,(none) | source=promoted:raw_docx_v2,medium,mixed_numeric_phrase
שני חיי יעקב,promoted:raw_docx_v2,True,570,שני,,,thematic_corpus,,(none) | source=promoted:raw_docx_v2,medium,mixed_numeric_phrase
שני חיי יצחק,promoted:raw_docx_v2,True,596,שני,,,thematic_corpus,,(none) | source=promoted:raw_docx_v2,medium,mixed_numeric_phrase
שני כתובים הבאים כאחד,promoted:raw_docx_v2,True,929,"אחד, שני",,,thematic_corpus,,(none) | source=promoted:raw_docx_v2,medium,mixed_numeric_phrase
שני לוחות,promoted:raw_docx_v2,True,810,שני,,,thematic_corpus,,(none) | source=promoted:raw_docx_v2,medium,mixed_numeric_phrase
שני לוחת,promoted:raw_docx_v2,True,804,שני,,,thematic_corpus,,(none) | source=promoted:raw_docx_v2,medium,mixed_numeric_phrase
שני לוחת האבנים,promoted:raw_docx_v2,True,912,שני,,,thematic_corpus,,(none) | source=promoted:raw_docx_v2,medium,mixed_numeric_phrase
שני לחות הברית,promoted:raw_docx_v2,True,1421,שני,,,thematic_corpus,,(none) | source=promoted:raw_docx_v2,medium,mixed_numeric_phrase
שני לחת העדת,promoted:raw_docx_v2,True,1277,שני,,,thematic_corpus,,(none) | source=promoted:raw_docx_v2,medium,mixed_numeric_phrase
שני עשר שבטי ישראל,promoted:raw_docx_v2,True,1792,"עשר, שני",,,thematic_corpus,,(none) | source=promoted:raw_docx_v2,medium,mixed_numeric_phrase
שנים מקרא ואחד תרגום,promoted:raw_docx_v2,True,1409,"אחד, שנים",,,thematic_corpus,,(none) | source=promoted:raw_docx_v2,medium,mixed_numeric_phrase
שנים עשר חדש,promoted:raw_docx_v2,True,1282,"עשר, שנים",,,thematic_corpus,,(none) | source=promoted:raw_docx_v2,medium,mixed_numeric_phrase
שנים עשר חודש,promoted:raw_docx_v2,True,1288,"עשר, שנים",,,thematic_corpus,,(none) | source=promoted:raw_docx_v2,medium,mixed_numeric_phrase
שנים שעשו,promoted:raw_docx_v2,True,1076,שנים,,,thematic_corpus,,(none) | source=promoted:raw_docx_v2,medium,mixed_numeric_phrase
שנת החמשים,promoted:raw_docx_v2,True,1153,חמשים,,,thematic_corpus,,(none) | source=promoted:raw_docx_v2,medium,mixed_numeric_phrase
שער החמישים,promoted:raw_docx_v2,True,983,חמישים,,,thematic_corpus,,(none) | source=promoted:raw_docx_v2,medium,mixed_numeric_phrase
שער החמשים,promoted:raw_docx_v2,True,973,חמשים,,,thematic_corpus,,(none) | source=promoted:raw_docx_v2,medium,mixed_numeric_phrase
שרי אלפים,promoted:raw_docx_v2,True,671,אלפים,,,thematic_corpus,,(none) | source=promoted:raw_docx_v2,medium,mixed_numeric_phrase
שש כנפים,promoted:raw_docx_v2,True,800,שש,,,thematic_corpus,,(none) | source=promoted:raw_docx_v2,medium,mixed_numeric_phrase
שש מעלות לכסא,promoted:raw_docx_v2,True,1257,שש,,,thematic_corpus,,(none) | source=promoted:raw_docx_v2,medium,mixed_numeric_phrase
ששה מיליון יהודים,promoted:raw_docx_v2,True,826,"מיליון, ששה",,,thematic_corpus,,(none) | source=promoted:raw_docx_v2,medium,mixed_numeric_phrase
ששה סדרי משנה,promoted:raw_docx_v2,True,1274,ששה,,,thematic_corpus,,(none) | source=promoted:raw_docx_v2,medium,mixed_numeric_phrase
ששים ריבוא,promoted:raw_docx_v2,True,869,ששים,,,thematic_corpus,,(none) | source=promoted:raw_docx_v2,medium,mixed_numeric_phrase
ששת ימי המעשה,promoted:raw_docx_v2,True,1480,ששת,,,thematic_corpus,,(none) | source=promoted:raw_docx_v2,medium,mixed_numeric_phrase
שתי הלחם,promoted:raw_docx_v2,True,793,שתי,,,thematic_corpus,,(none) | source=promoted:raw_docx_v2,medium,mixed_numeric_phrase
שתי וערב,promoted:raw_docx_v2,True,988,שתי,,,thematic_corpus,,(none) | source=promoted:raw_docx_v2,medium,mixed_numeric_phrase
שתי טבעות זהב,promoted:raw_docx_v2,True,1211,שתי,,,thematic_corpus,,(none) | source=promoted:raw_docx_v2,medium,mixed_numeric_phrase
שתי שבתות,promoted:raw_docx_v2,True,1818,שתי,,,thematic_corpus,,(none) | source=promoted:raw_docx_v2,medium,mixed_numeric_phrase
שתי שערות,promoted:raw_docx_v2,True,1686,שתי,,,thematic_corpus,,(none) | source=promoted:raw_docx_v2,medium,mixed_numeric_phrase
שתים עשרה האבנים,promoted:raw_docx_v2,True,1433,שתים עשרה,,12,thematic_corpus,,(none) | source=promoted:raw_docx_v2,high,mixed_numeric_phrase
תשלומי ארבעה וחמישה,promoted:raw_docx_v2,True,1433,"ארבעה, חמישה",,,thematic_corpus,,(none) | source=promoted:raw_docx_v2,medium,mixed_numeric_phrase
תשעה ירחי לידה,promoted:raw_docx_v2,True,1052,תשעה,,,thematic_corpus,,(none) | source=promoted:raw_docx_v2,medium,mixed_numeric_phrase
הרב עמוס גואטה נרצח ארבע דקירות סכין בחזה,shachar-kandro,True,1910,ארבע,,,research_package,,מאת שחר יצחק קנדרו — רמזי הצדיק רבי עמוס גואטה הי״ד | source=shachar-kandro | vip_source=שחר יצחק קנדרו,medium,mixed_numeric_phrase
אלף מאתים ושתים,sod1820,True,1358,אלף,,,research_package,,ליבה נקייה שחולצה מ: אלף מאתים ושתים (1202) | source=sod1820,medium,mixed_numeric_phrase
האחד שלי,sod1820,True,358,אחד,,,research_package,,ליבה נקייה שחולצה מ: האחד שלי 1317 | source=sod1820,medium,mixed_numeric_phrase
המשיח בנ ששים ושתים,sod1820,True,1821,ששים,,,research_package,,ליבה נקייה שחולצה מ: המשיח בנ ששים ושתים 1821 | source=sod1820,medium,mixed_numeric_phrase
הקדוש ברוך הוא תורה ישראל אחד,sod1820,True,1820,אחד,,,research_package,1820 (site core number) [gematria match],ליבה נקייה שחולצה מ: הקדוש ברוך הוא + תורה + ישראל + אחד | source=sod1820,medium,mixed_numeric_phrase
וארא בחלמי והנה שבע שבלים,sod1820,True,1118,שבע,,,research_package,,ליבה נקייה שחולצה מ: וָאֵרֶא בַּחֲלֹמִי וְהִנֵּה שֶׁבַע שִׁבֳּלִים | source=sod1820,medium,mixed_numeric_phrase
ועשה חסד לאלפים,sod1820,True,644,אלפים,,,research_package,,ליבה נקייה שחולצה מ: וְעֹשֶׂה חֶסֶד לַאֲלָפִים | source=sod1820,medium,mixed_numeric_phrase
חמשה חמשי תורה חמשה ספרי תהלים,sod1820,True,2510,חמשה,,,research_package,,ליבה נקייה שחולצה מ: חֲמִשָּׁה חֻמְּשֵׁי תּוֹרָה -חֲמִשָּׁה סִפְרֵי תְּהִלִּים | source=sod1820,medium,mixed_numeric_phrase
מימד חמש,sod1820,True,442,חמש,,,research_package,,ליבה נקייה שחולצה מ: מימד חמש 1472 | source=sod1820,medium,mixed_numeric_phrase
מימים רבים תפקד באחרית השנים תבוא אל ארץ משובבת מחרב מקבצת מעמים רבים על הרי ישראל אשר היו לחרבה,sod1820,True,6440,שנים,,,research_package,,יחזקאל לח:ח | source=sod1820,medium,mixed_numeric_phrase
סוד אחד,sod1820,True,83,אחד,,,research_package,,ליבה נקייה שחולצה מ: סוד 1820 - אחד | source=sod1820,medium,mixed_numeric_phrase
סוד אלף שמונה מאות עשרים כי לה המלוכה,sod1820,True,1820,"אלף, מאות, עשרים, שמונה",,1820,research_package,1820 (site core number) [gematria match]; 1820 (site core number) [spelled-value match],סוד1820 (כי לה' המלוכה) | source=sod1820,medium,mixed_numeric_phrase
שתים שש שש שש ארבע ארבע,sod1820,True,3096,"שתים, שש, שש, שש, ארבע, ארבע","[2,6,6,6,4,4]",,numeric_word_construct,,ליבה נקייה שחולצה מ: שתים שש שש שש ארבע ארבע ∆ | source=sod1820,low,numeric_sequence
הארת פנים חלק ד מביא ששה חלקי פסוקים שהגימטריא שלהם,wa-deep,False,2983,ששה,,,research_package,,מאת OPOC1 OPOC1 | source=wa-deep,medium,mixed_numeric_phrase
סוד אחד שתים שלש שבע,wa-gilui-yomi,True,1835,"אחד, שתים, שלש, שבע","[1,2,3,7]",1237,numeric_word_construct,1835 (Yitzchak Shachar Kandro series) [gematria match]; 1237 (cross-source messiah convergence) [spelled-value match],מאת יצחק שחר קנדרו — «סוד 1237» = 1835 | source=wa-gilui-yomi,medium,numeric_sequence
בגימטריא עשר פעמים,wa-vip,False,1085,עשר,,,research_package,,מאת OPOC1 OPOC1 | source=wa-vip | vip_source=OPOC1 OPOC1,medium,mixed_numeric_phrase
ה בחמשת חומשי התורה,wa-vip,False,1735,חמשת,,,research_package,,מאת OPOC1 OPOC1 | source=wa-vip | vip_source=OPOC1 OPOC1,medium,mixed_numeric_phrase
ועשה חסד לאלפים לאהבי ולשמרי מצותי,wa-vip,False,1824,אלפים,,,research_package,,מאת OPOC1 OPOC1 | source=wa-vip | vip_source=OPOC1 OPOC1,medium,mixed_numeric_phrase
יש אחד ביקום שיקבל מדריגה וברכה שתושיט יד לתבל כולו דרך כל הנפשות,wa-vip,False,4096,אחד,,,research_package,,מאת שמעון חיימוב | source=wa-vip | vip_source=שמעון חיימוב,medium,mixed_numeric_phrase
כפול עשרים,wa-vip,True,756,עשרים,,,research_package,,מאת OPOC1 OPOC1 | source=wa-vip | vip_source=OPOC1 OPOC1,medium,mixed_numeric_phrase
שבעים פנים לתורה,wa-vip,True,1243,שבעים,,,research_package,,מאת OPOC1 OPOC1 | source=wa-vip | vip_source=OPOC1 OPOC1,medium,mixed_numeric_phrase
שרית בגימטריא עשר פעמים מלאך,wa-vip,False,2086,עשר,,,research_package,,מאת OPOC1 OPOC1 | source=wa-vip | vip_source=OPOC1 OPOC1,medium,mixed_numeric_phrase
שתי הערות חשובות,wa-vip,False,2113,שתי,,,research_package,,מאת OPOC1 OPOC1 | source=wa-vip | vip_source=OPOC1 OPOC1,medium,mixed_numeric_phrase
בשתי ידים,wp_id:23886,True,776,שתי,,,unknown,,=776=ביאת המשיח | source=wp_id:23886,medium,mixed_numeric_phrase
בכל לבבך בשני יצריך ובכל נפשך אפילו הוא נוטל את נפשך ובכל מאדך בכל ממונך,גיורא בן-יעקוב SMS,True,2722,שני,,,unknown,,(none) | source=גיורא בן-יעקוב SMS,medium,mixed_numeric_phrase
שש קצוות,סשן 23.7.2026,True,1202,שש,,,unknown,,נרשם בעקבות ציר 66/600/660. רגיל=1202. ממתין להחלטת קידום. | source=סשן 23.7.2026,medium,mixed_numeric_phrase
שני,auto:תיעוד אירועים wp33173,True,360,שני,,,unknown,,שרשרת: [360] | source=auto:תיעוד אירועים wp33173,low,ambiguous
ביום ההוא יהיה יהוה אחד ושמו אחד,contribution:צבי (OPOC),True,509,אחד,,,unknown,,(none) | source=contribution:צבי (OPOC),low,ambiguous
אחד,entity_seed_v1,True,13,אחד,,,unknown,,(none) | source=entity_seed_v1,low,ambiguous
11111 דרגת היחידה לצמח דוד - לפי אחד,excel_import,False,644,אחד,,,unknown,,11111 דרגת היחידה לצמח דוד - לפי אחד | source=excel_import,low,ambiguous
11111 דרגת היחידה- לפי אחת,excel_import,False,2701,אחת,,,unknown,,11111 דרגת היחידה - לפי אחת | source=excel_import,low,ambiguous
11111 דרגת מלך-לפי אחת,excel_import,False,2015,אחת,,,unknown,,11111 דרגת מלך - לפי אחת | source=excel_import,low,ambiguous
11111 דרגת משיח -- אטבח -66 אטבח לפי אחת,excel_import,False,26600,אחת,,,unknown,,11111 דרגת משיח - אטבח - 66 אטבח לפי אחת | source=excel_import,low,ambiguous
1118 כי ליהוה המלוכה - אטבח 1118 - (לפי אחד) - לפי אחת 1820,excel_import,False,555,"אחד, אחת",,,unknown,,1118 כי ליהוה המלוכה - אטבח 1118 - (לפי אחד) - לפי אחת 1820 | source=excel_import,low,ambiguous
1335 1290 התגלותי כמלך המשיח האמיתי - לפי אחת,excel_import,False,5880,אחת,,,unknown,,1335 1290 התגלותי כמלך המשיח האמיתי - לפי אחת | source=excel_import,low,ambiguous
1335 1290 התגלותי כמשיחך - לפני לפי אחד,excel_import,False,3245,אחד,,,unknown,,1335 1290 התגלותי כמשיחך - לפני לפי אחד | source=excel_import,low,ambiguous
1335 1290 התגלותי כמשיחך - מסתתר -לפי אחת,excel_import,False,5330,אחת,,,unknown,,1335 1290 התגלותי כמשיחך - מסתתר - לפי אחת | source=excel_import,low,ambiguous
1335 1290 סוד גאלת ישראל - לפי אחד,excel_import,False,4340,אחד,,,unknown,,1335 1290 סוד גאלת ישראל - לפי אחד | source=excel_import,low,ambiguous
1335 1290 סוד מיכאל בספר דניאל - לפני -לפי אחת,excel_import,False,5330,אחת,,,unknown,,1335 1290 סוד מיכאל בספר דניאל - לפני - לפי אחת | source=excel_import,low,ambiguous
1335 1290 עד עת קץ סוד התגלותי - לפני - לפי אחד,excel_import,False,3630,אחד,,,unknown,,1335 1290 עד עת קץ סוד התגלותי - לפני - לפי אחד | source=excel_import,low,ambiguous
1335- מילוי ללא -לפי אחד,excel_import,False,1820,אחד,,,unknown,1820 (site core number) [gematria match],1335 - מילוי ללא - לפי אחד | source=excel_import,low,ambiguous
363 צומח בכי ליהוה המלוכה -מילוי- לפי שלוש,excel_import,False,3960,שלוש,,,unknown,,363 צומח בכי ליהוה המלוכה - מילוי - לפי שלוש | source=excel_import,low,ambiguous
396 גואל האחרון ב2015- לפי אחת,excel_import,False,3960,אחת,,,unknown,,396 גואל האחרון ב2015 - לפי אחת | source=excel_import,low,ambiguous
אבקר בהילכך ב22 12 - לפני - לפי אחת,excel_import,False,2212,אחת,,,unknown,,אבקר בהילכך ב22 12 - לפני - לפי אחת | source=excel_import,low,ambiguous
אלף שלש מאות שלשים וחמשה 1335 -לפי אחד,excel_import,False,3860,"אחד, אלף, חמשה, מאות, שלש, שלשים",,,unknown,,אלף שלש מאות שלשים וחמשה 1335 - לפי אחד | source=excel_import,low,ambiguous
באר שבע,excel_import,True,575,שבע,,,unknown,,566 - 2510 - 575 | source=excel_import,low,ambiguous
ביאת הגאל 1335 1290- גדול ואותיות -לפי אחד,excel_import,False,4340,אחד,,,unknown,,ביאת הגאל 1335 1290 - גדול ואותיות - לפי אחד | source=excel_import,low,ambiguous
ביאת המשיח 1335 1290- לפי אחד - אתבש,excel_import,False,2660,אחד,,,unknown,,ביאת המשיח 1335 1290 - לפי אחד - אתבש | source=excel_import,low,ambiguous
ביום ההוא יהיה יהוה אחד,excel_import,False,144,אחד,,,unknown,,מדבר רבה | source=excel_import,low,ambiguous
דרגת היחידה דרגת הנבואה 11111 - לפי אחת,excel_import,False,3370,אחת,,,unknown,,דרגת היחידה דרגת הנבואה 11111 - לפי אחת | source=excel_import,low,ambiguous
דרגת קודש 11111 -7170-מילוי רגיל -לפי אחת,excel_import,False,7170,אחת,,,unknown,,דרגת קודש 11111 - 7170 - מילוי רגיל - לפי אחת | source=excel_import,low,ambiguous
הוא יעלה לדרגת מלך המשיח 11111 - לפי אחת,excel_import,False,7170,אחת,,,unknown,,הוא יעלה לדרגת מלך המשיח 11111 - לפי אחת | source=excel_import,low,ambiguous
הכתרת יהוה למלך העולם ב2015- מיקום -לפי אחד,excel_import,False,396,אחד,,,unknown,,הכתרת יהוה למלך העולם ב2015 - מיקום - לפי אחד | source=excel_import,low,ambiguous
המלך 1335- גדול ואותיות -לפי אחד,excel_import,False,,אחד,,,unknown,,המלך 1335 - גדול ואותיות - לפי אחד | source=excel_import,low,ambiguous
המשיח 1335 1290-לפני -לפי אחת,excel_import,False,3630,אחת,,,unknown,,המשיח 1335 1290 - לפני - לפי אחת | source=excel_import,low,ambiguous
המשיח יעשה שלום עולמי ב2016- מיקום-לפי אחד,excel_import,False,396,אחד,,,unknown,,המשיח יעשה שלום עולמי ב2016 - מיקום - לפי אחד | source=excel_import,low,ambiguous
המשיח יקבל דרגת יחידה 11111 ב22 12 -לפי אחת -פי 5,excel_import,False,51400,אחת,,,unknown,,המשיח יקבל דרגת יחידה 11111 ב22 12 - לפי אחת - פי 5 | source=excel_import,low,ambiguous
השכינה הקדשה תשרה על צמח דוד ב22 12 - לפי אחד,excel_import,False,14000,אחד,,,unknown,,השכינה הקדשה תשרה על צמח דוד ב22 12 - לפי אחד | source=excel_import,low,ambiguous
השם אחד,excel_import,True,358,אחד,,,unknown,,מסתתר= 566 | source=excel_import | vip_source=OPOC1 OPOC1,low,ambiguous
התגלות אליהו הנביא פלאית ב22 12 - לפי אחד,excel_import,False,3245,אחד,,,unknown,,התגלות אליהו הנביא פלאית ב22 12 - לפי אחד | source=excel_import,low,ambiguous
התגלות פלאית ב22 12 - לפי אחד,excel_import,False,3630,אחד,,,unknown,,התגלות פלאית ב22 12 - לפי אחד | source=excel_import,low,ambiguous
התגלות צמח דוד ב22 12 - מסתתר לפי אחת,excel_import,False,3580,אחת,,,unknown,,התגלות צמח דוד ב22 12 - מסתתר לפי אחת | source=excel_import,low,ambiguous
יהוה אחד בימינו,excel_import,True,157,אחד,,,unknown,,רגיל ריבוע משולש | source=excel_import,low,ambiguous
יהוה אחד שמונה שתים אפס,excel_import,False,1331,"אחד, שמונה, שתים, אפס","[1,8,2,0]",1820,unknown,1820 (site core number) [spelled-value match],(none) | source=excel_import,medium,mixed_numeric_phrase
יהוה יערוך נר למשיח ב2015- לפני לפי אחת,excel_import,False,1820,אחת,,,unknown,1820 (site core number) [gematria match],יהוה יערוך נר למשיח ב2015 - לפני לפי אחת | source=excel_import,low,ambiguous
יהוה יצמיח קרן לדוד ב2015 - לפי אחת - אחרי,excel_import,False,3960,אחת,,,unknown,,יהוה יצמיח קרן לדוד ב2015 - לפי אחת - אחרי | source=excel_import,low,ambiguous
יהוה שמו אחד,excel_import,True,385,אחד,,,unknown,,(none) | source=excel_import,low,ambiguous
יש אלהים אחד,excel_import,True,409,אחד,,,unknown,,(none) | source=excel_import,low,ambiguous
לא יקבלו אותי כמשיח ב2015-לפי אחד,excel_import,False,3960,אחד,,,unknown,,לא יקבלו אותי כמשיח ב2015 - לפי אחד | source=excel_import,low,ambiguous
לי דרגת 11111 - משולש -לפי אחד,excel_import,False,2701,אחד,,,unknown,,לי דרגת 11111 - משולש - לפי אחד | source=excel_import,low,ambiguous
לי הדרגת 11111 - לפי אחד,excel_import,False,717,אחד,,,unknown,,לי הדרגת 11111 - לפי אחד | source=excel_import,low,ambiguous
מי צמח דוד ב781 -רגיל ומשולש לפי אחת,excel_import,False,3960,אחת,,,unknown,,מי צמח דוד ב781 - רגיל ומשולש לפי אחת | source=excel_import,low,ambiguous
מלך המשיח 11111- אחרי -לפי אחת,excel_import,False,5660,אחת,,,unknown,,מלך המשיח 11111 - אחרי - לפי אחת | source=excel_import,low,ambiguous
משיח 337 533 396 מסתתר לפי שלש,excel_import,False,4240,שלש,,,unknown,,משיח 337 533 396 מסתתר לפי שלש | source=excel_import,low,ambiguous
משיח יהוה יקבל דרגת יחידה 11111-לפי אחת,excel_import,False,2448,אחת,,,unknown,,משיח יהוה יקבל דרגת יחידה 11111 - לפי אחת | source=excel_import,low,ambiguous
מתי אתגלה ב22 12 -רת-לפי אחת,excel_import,False,644,אחת,,,unknown,,מתי אתגלה ב22 12 - רת - לפי אחת | source=excel_import,low,ambiguous
נשמת מלך המשיח תנוח עלי ב22 12 - אחרי -לפי אחד,excel_import,False,7760,אחד,,,unknown,,נשמת מלך המשיח תנוח עלי ב22 12 - אחרי - לפי אחד | source=excel_import,low,ambiguous
נשמתי תעלה 11111- סת - לפי אחד,excel_import,False,2015,אחד,,,unknown,,נשמתי תעלה 11111 - סת - לפי אחד | source=excel_import,low,ambiguous
סוד דניאל הנביא 1335- סת - לפי אחת,excel_import,False,1335,אחת,,,unknown,,סוד דניאל הנביא 1335 - סת - לפי אחת | source=excel_import,low,ambiguous
סוד המשיח 1820 - מסתתר גדול -לפי אחת,excel_import,False,1820,אחת,,,unknown,1820 (site core number) [gematria match],סוד המשיח 1820 - מסתתר גדול - לפי אחת | source=excel_import,low,ambiguous
סוד יהוה המספר 1335 בספר דניאל - לפי אחת,excel_import,False,2015,אחת,,,unknown,,סוד יהוה המספר 1335 בספר דניאל - לפי אחת | source=excel_import,low,ambiguous
סוד מלאך דניאל 1335 1290- לפני -לפי אחת,excel_import,False,3960,אחת,,,unknown,,סוד מלאך דניאל 1335 1290 - לפני - לפי אחת | source=excel_import,low,ambiguous
סודך 1290 ו1335-אתבש לפי אחד,excel_import,False,2015,אחד,,,unknown,,סודך 1290 ו1335 - אתבש לפי אחד | source=excel_import,low,ambiguous
עד עת קץ 1335-גדול ומלים-לפי אחת,excel_import,False,3580,אחת,,,unknown,,עד עת קץ 1335 - גדול ומלים - לפי אחת | source=excel_import,low,ambiguous
צמח דוד ב1335-אתבש -לפי אחד,excel_import,False,1335,אחד,,,unknown,,צמח דוד ב1335 - אתבש - לפי אחד | source=excel_import,low,ambiguous
צמח דוד יקבל דרגת יחידה 11111 ב22 12 -לפי אחת -פי 5,excel_import,False,3630,אחת,,,unknown,,צמח דוד יקבל דרגת יחידה 11111 ב22 12 - לפי אחת - פי 5 | source=excel_import,low,ambiguous
רצון יהוה את 396 - מסתתר -לפי שלוש,excel_import,False,2212,שלוש,,,unknown,,רצון יהוה את 396 - מסתתר - לפי שלוש | source=excel_import,low,ambiguous
שאול המלך משלש,excel_import,True,1102,שלש,,,unknown,,פי 5 - רגיל 2160 | source=excel_import,low,ambiguous
שישים ריבו,excel_import,True,878,שישים,,,unknown,,(none) | source=excel_import,low,ambiguous
שמע ישראל י ה ו ה אלוהינו י ה ו ה אחד + כולל,excel_import,False,1210,אחד,,,unknown,,(none) | source=excel_import,low,ambiguous
אדר שני,promoted:raw_docx_v2,True,565,שני,,,unknown,,(none) | source=promoted:raw_docx_v2,low,ambiguous
אלף זעירא,promoted:raw_docx_v2,True,399,אלף,,,unknown,,(none) | source=promoted:raw_docx_v2,low,ambiguous
אלף עד תיו במילוי,promoted:raw_docx_v2,True,699,אלף,,,unknown,,(none) | source=promoted:raw_docx_v2,low,ambiguous
אלף עד תיו במילוי גדול,promoted:raw_docx_v2,True,742,אלף,,,unknown,,(none) | source=promoted:raw_docx_v2,low,ambiguous
בית המקדש השני,promoted:raw_docx_v2,True,1226,שני,,,unknown,,(none) | source=promoted:raw_docx_v2,low,ambiguous
בית שני,promoted:raw_docx_v2,True,772,שני,,,unknown,,(none) | source=promoted:raw_docx_v2,low,ambiguous
ושתי,promoted:raw_docx_v2,True,716,שתי,,,unknown,,(none) | source=promoted:raw_docx_v2,low,ambiguous
חוט שני,promoted:raw_docx_v2,True,383,שני,,,unknown,,(none) | source=promoted:raw_docx_v2,low,ambiguous
חורבן בית המקדש השני,promoted:raw_docx_v2,True,1492,שני,,,unknown,,(none) | source=promoted:raw_docx_v2,low,ambiguous
יום טוב שני של גליות,promoted:raw_docx_v2,True,1212,שני,,,unknown,,(none) | source=promoted:raw_docx_v2,low,ambiguous
יום שני,promoted:raw_docx_v2,True,416,שני,,,unknown,,(none) | source=promoted:raw_docx_v2,low,ambiguous
כלי שני,promoted:raw_docx_v2,True,420,שני,,,unknown,,(none) | source=promoted:raw_docx_v2,low,ambiguous
מעשר,promoted:raw_docx_v2,True,610,עשר,,,unknown,,(none) | source=promoted:raw_docx_v2,low,ambiguous
מעשר בהמה,promoted:raw_docx_v2,True,662,עשר,,,unknown,,(none) | source=promoted:raw_docx_v2,low,ambiguous
מעשר ירק,promoted:raw_docx_v2,True,920,עשר,,,unknown,,(none) | source=promoted:raw_docx_v2,low,ambiguous
מעשר כספים,promoted:raw_docx_v2,True,820,עשר,,,unknown,,(none) | source=promoted:raw_docx_v2,low,ambiguous
מעשר ראשון,promoted:raw_docx_v2,True,1167,עשר,,,unknown,,(none) | source=promoted:raw_docx_v2,low,ambiguous
מעשר שני,promoted:raw_docx_v2,True,970,"עשר, שני",,,unknown,,(none) | source=promoted:raw_docx_v2,low,ambiguous
משלש,promoted:raw_docx_v2,True,670,שלש,,,unknown,,(none) | source=promoted:raw_docx_v2,low,ambiguous
משלש ברמודה,promoted:raw_docx_v2,True,927,שלש,,,unknown,,(none) | source=promoted:raw_docx_v2,low,ambiguous
פדיון מעשר שני,promoted:raw_docx_v2,True,1120,"עשר, שני",,,unknown,,(none) | source=promoted:raw_docx_v2,low,ambiguous
פסח שני,promoted:raw_docx_v2,True,508,שני,,,unknown,,(none) | source=promoted:raw_docx_v2,low,ambiguous
שיש,promoted:raw_docx_v2,True,610,שיש,,,unknown,,(none) | source=promoted:raw_docx_v2,low,ambiguous
שני וחמישי,promoted:raw_docx_v2,True,734,שני,,,unknown,,(none) | source=promoted:raw_docx_v2,low,ambiguous
שני לטומאה,promoted:raw_docx_v2,True,451,שני,,,unknown,,(none) | source=promoted:raw_docx_v2,low,ambiguous
שנים,promoted:raw_docx_v2,True,400,שנים,,,unknown,,(none) | source=promoted:raw_docx_v2,low,ambiguous
תולעת השני,promoted:raw_docx_v2,True,1271,שני,,,unknown,,(none) | source=promoted:raw_docx_v2,low,ambiguous
תולעת שני,promoted:raw_docx_v2,True,1266,שני,,,unknown,,(none) | source=promoted:raw_docx_v2,low,ambiguous
תרומת מעשר,promoted:raw_docx_v2,True,1656,עשר,,,unknown,,(none) | source=promoted:raw_docx_v2,low,ambiguous
יהוה אחד,זכריה יד:ט — ביום ההוא יהיה יהוה אחד ושמו אחד,True,39,אחד,,,unknown,,(none) | source=זכריה יד:ט — ביום ההוא יהיה יהוה אחד ושמו אחד,low,ambiguous
