source_table,source_id,source_title,source_author_contributor,original_excerpt,language_script,hebrew_term,foreign_term,relationship_type,claimed_method,claimed_value,computed_or_claimed,existing_language_bridge,existing_alias,existing_graph_support,provenance,confidence,ambiguity,notes
nodes(language_bridge),a62cc410-67c7-470a-be34-e99ad22d3a0b,משיח ↔ мессия,curated (Zuriel),גם ברוסית — «мессия» תעתוק של «משיח».,Cyrillic/Russian,משיח,мессия,transliteration,transliteration,358,"Hebrew side computed & reproducible (משיח ragil=358, confirmed live in gematria_words); Russian side is an uncomputed phonetic-transliteration assertion, no numeric method applied to Cyrillic",YES (this row),no matching word_aliases row,edges: entity--has_language_bridge-->bridge--bridges_to-->foreign_word (26 live edges total for language_bridge),source=language_links; translation_source=curated (Zuriel); human_verified=true,medium (evidence_level=medium),low,Hebrew value independently confirmed against gematria_words in this audit.
nodes(language_bridge),b58240b4-5d30-4f1a-a2b1-68e5f5255a2d,סוד ↔ Secret,curated (Zuriel),"גילוי חוצה-שפות: Secret ב-English Ordinal (a=1..z=26) = 70, ו-סוד ברגיל = 70 — וגם סוד = התרגום של Secret. תרגום + ערך משותף (⭐⭐⭐⭐⭐). המשמעותי היחיד מתוך 280 זוגות-תרגום שנסרקו.",Latin/English,סוד,Secret,shared_numeric_value,English Ordinal (a=1..z=26),70,"BOTH sides independently reproducible: Hebrew סוד ragil=70 (confirmed live); English Ordinal S+E+C+R+E+T=19+5+3+18+5+20=70 (hand-verified in this audit, matches)",YES (this row),"YES — ALSO exists as word_aliases row (id eb85166d, alias='secret', alias_type=translation, source=zuriel) — two independent mechanisms recording the same claim, never cross-checked at intake (flagged live by a prior same-day agent pass, CORPUS_EXPANSION_PHASE_1)",edges (language_bridge),source=language_links; concept seed (curated) + engine-verified; human_verified=true,strong (evidence_level=strong),"none — the ONE flagged-strong result out of a stated 280 translation pairs scanned; described in the record itself as the standout, not the norm","Gold-set quality: full reproducible arithmetic on both language sides, explicit translation relation, explicit disclosure that it is 1 of 280 scanned (honest denominator)."
nodes(language_bridge),b10b8183-d84e-442d-9d13-679312a81219,פילוט ↔ pilot,curated (Zuriel),"אנגרם של «טיפול» — אותן 5 אותיות (ט·י·פ·ו·ל), שניהם שווים 135.",Latin/English,פילוט,pilot,transliteration,transliteration,135,"Hebrew side computed & reproducible (פילוט ragil=135, hand-verified); no independent English-letter computation performed on 'pilot' — the description's real content is a Hebrew-internal anagram fact (פילוט/טיפול, same 5 letters) NOT a foreign-language numeric relation",YES (this row),no,edges (language_bridge),source=language_links; curated (Zuriel); human_verified=true,medium (evidence_level=medium),"medium — this record CONFLATES two distinct relation types in one node: (1) he-en transliteration/translation (פילוט=pilot) and (2) a pure intra-Hebrew anagram (פילוט/טיפול). Per Phase 2 instruction these should be split; flagged, not corrected here (read-only).","See paired row for טיפול↔treatment below — same 135 cluster, same conflation pattern."
nodes(language_bridge),472a9f62-a5a8-4045-ab0c-8335134858b3,טיפול ↔ treatment,curated (Zuriel),"אותן אותיות של «פילוט», ערך רגיל 135. 135 = 15×9, ו-15 = י־ה.",Latin/English,טיפול,treatment,translation,translation-value,135,"Hebrew side computed & reproducible (טיפול ragil=135, hand-verified); no reproducible English-letter method shown for 'treatment' — the method label 'translation-value' does not correspond to a defined deterministic algorithm on the English word in this record",YES (this row),no,edges (language_bridge),source=language_links; curated (Zuriel); human_verified=true,medium (evidence_level=medium),"medium — same conflation issue as פילוט↔pilot; claimed_method 'translation-value' is not a named, reproducible foreign-side calculation method anywhere in the corpus",
nodes(language_bridge),6c53dbe7-804c-4a03-a93d-aaca4190bd25,משיח ↔ Messiah,curated (Zuriel),«Messiah» באנגלית היא תעתוק ישיר של «משיח» העברית (=358). התרגום המילולי: the anointed one.,Latin/English,משיח,Messiah,transliteration,transliteration,358,"Hebrew side computed & reproducible (משיח ragil=358, confirmed live); English side is a pure transliteration/naming claim, no numeric method applied to 'Messiah'",YES (this row),no,edges (language_bridge),source=language_links; curated (Zuriel); human_verified=true,medium (evidence_level=medium),low,"Companion Russian bridge (мессия) exists as a separate node — see row 1; together they form a real 3-language cluster (he/en/ru) around משיח, also referenced in post 5017."
nodes(language_bridge),2f108a0a-b38e-40de-ae37-4222bbb31bd4,שיחה ↔ conversation,curated (Zuriel),«שיחה» = דיבור; חלק מחוט־הגאולה «פתיחת פי אילם».,Latin/English,שיחה,conversation,translation,translation-value,323,"Hebrew side computed & reproducible (שיחה ragil=323, hand-verified); hand-checked English Ordinal on 'conversation' = 155, NOT 323 — the claimed_value does not come from an English-side calculation, it is the Hebrew value only, restated under a foreign_term label",YES (this row),no,edges (language_bridge),source=language_links; curated (Zuriel); human_verified=true,medium (evidence_level=medium) — audit note: methodological rigor here is weaker than the 'shared_value'/Ordinal-family rows,"medium — 'translation-value' method label is misleading; this is a pure translation claim (he=en meaning) with a Hebrew-only number, not a genuine cross-language numeric coincidence",Cross-checked against post 5017 which independently cites שיחה=conversation=323=שחיה (anagram) — the Hebrew number is corroborated across two corpus sources even though it is not itself a foreign-language calculation.
nodes(language_bridge),0c727027-f1c5-4382-9c12-917e2fa8c9dc,כהן ↔ priest,curated (Zuriel),"גשר ישיר חוצה-שפה: «priest» ב-Reverse Ordinal (a=26…z=1) = 75, ו-«כהן» ברגיל = 75 — וגם כהן = התרגום של priest. תרגום + ערך משותף. אומת במנוע (fn_ragil + Reverse-Ordinal דטרמיניסטי).",Latin/English,כהן,priest,shared_numeric_value,Reverse Ordinal (a=26..z=1),75,"Hebrew side computed & reproducible (כהן ragil=75, confirmed live); English 'Reverse Ordinal' claim not independently re-derived by hand in this audit but internally consistent with the stated deterministic rule",YES (this row),no,edges (language_bridge),source=language_links; concept seed (curated) + engine-verified; human_verified=true,strong (evidence_level=strong),low,"'Reverse Ordinal' is a real named deterministic method used consistently across several language_bridge rows (also: עבד/slave) but is NOT present in gematria_methods — it is corpus-external/claimed, not a canonical registry method."
nodes(language_bridge),581a7107-33a3-4f8f-a556-c4116c799325,כבוד ↔ glory,curated (Zuriel),"גשר ישיר חוצה-שפה: «glory» ב-Full Reduction (רדוקציה פיתגורית 1-9) = 32, ו-«כבוד» ברגיל = 32 — וגם כבוד = התרגום של glory.",Latin/English,כבוד,glory,shared_numeric_value,Full Reduction (Pythagorean 1-9),32,"Hebrew side computed & reproducible (כבוד ragil=32, confirmed live); English 'Full Reduction' claim not independently re-derived by hand",YES (this row),no,edges (language_bridge),source=language_links; concept seed (curated) + engine-verified; human_verified=true,strong (evidence_level=strong),low,'Full Reduction' is another named deterministic method used consistently but not in gematria_methods registry — claimed/external only.
nodes(language_bridge),22c3561a-1155-4b19-a66b-22a15a0ee2ec,נצחון ↔ victory,חידוש צוריאל,חידוש צוריאל (הגאולה). עובדות מאומתות-מנוע: «victory» ב-English Ordinal = 112 · יהוה(26)+אלהים(86) = 112 · יבק = 112 · «נצחון» ברגיל = 204 = צדיק. פרשנות (רמז): ...,Latin/English,נצחון,victory,translation,translation (En Ordinal 112 · He ragil 204),204,"Two DIFFERENT numeric claims bundled in one record: victory(EN Ordinal)=112 and נצחון(He ragil)=204 — these are NOT the same number, so this is not a shared_numeric_value case despite living in the 'shared bridge' mechanism; the 112 figure is separately linked to יהוה+אלהים and to a word יבק — a chain of associations, not a single reproducible he-en identity",YES (this row),no,edges (language_bridge),source=language_links; חידוש צוריאל · אומת במנוע; human_verified=true,"interpretive (evidence_level=interpretive, self-labeled by the system)","HIGH — record itself already separates FACT (the 3 individually-verified numbers) from INFERENCE (the thematic link between them); the record does not claim victory=נצחון numerically, only thematically","Good example of the system's own FACT/INTERPRETATION discipline working correctly — self-labeled evidence_level=interpretive is the honest signal, not a data quality problem."
nodes(language_bridge),bfcf3009-ca55-4232-b6fd-f1670b069103,עבד ↔ slave,curated (Zuriel),"גשר ישיר חוצה-שפה: «slave» ב-Reverse Ordinal (a=26…z=1) = 76, ו-«עבד» ברגיל = 76 — וגם עבד = התרגום המילולי של slave.",Latin/English,עבד,slave,shared_numeric_value,Reverse Ordinal (a=26..z=1),76,"Hebrew side computed & reproducible (עבד ragil=76, confirmed live); English Reverse Ordinal claim not independently re-derived by hand",YES (this row),no,edges (language_bridge),source=language_links; human_verified=true; translation_source field empty (only case among the strong-tier rows without a named translation_source),strong (evidence_level=strong),low,
nodes(language_bridge),77a13cad-fbfc-4808-bdaf-4e5c7e3fffaf,טוב ↔ good,curated (Zuriel),"גשר ישיר חוצה-שפה: «good» ב-Reverse Reduction = 17, ו-«טוב» ברגיל = 17 — וגם טוב = התרגום של good.",Latin/English,טוב,good,shared_numeric_value,Reverse Reduction,17,"Hebrew side computed & reproducible (טוב ragil=17, confirmed live); English 'Reverse Reduction' claim not independently re-derived by hand; record itself flags this method as 'the 4th method, less canonical than Ordinal/Reduction' hence evidence=medium",YES (this row),no,edges (language_bridge),source=language_links; curated (Zuriel); human_verified=true,"medium (evidence_level=medium, self-downgraded in the record's own description)",low,"Notable: the record itself explains WHY confidence is lower (weaker method), a good self-disclosure pattern worth preserving if any future taxonomy is built."
nodes(language_bridge),aea31371-e702-4cd8-b1c3-8f684a37d925,כס ↔ throne,curated (Zuriel),"גשר ישיר חוצה-שפה: «throne» ב-English Ordinal (a=1…z=26) = 80, ו-«כס» ברגיל = 80 — וגם כס = התרגום של throne (צורת-מקרא של כסא).",Latin/English,כס,throne,shared_numeric_value,English Ordinal (a=1..z=26),80,"Hebrew side computed & reproducible (כס ragil=80, per record; not independently re-queried from gematria_words in this pass); English Ordinal T+H+R+O+N+E=20+8+18+15+14+5=80 — HAND-VERIFIED reproducible in this audit",YES (this row),no,edges (language_bridge),source=language_links; human_verified=true,strong (evidence_level=strong),low,English-side arithmetic independently confirmed correct by this audit.
nodes(language_bridge),da161192-4977-4d26-8678-31e58243640f,הבטחה ↔ promise,curated (Zuriel),"גשר ישיר חוצה-שפה: «promise» ב-Reverse Reduction = 29, ו-«הבטחה» ברגיל = 29 — וגם הבטחה = התרגום של promise.",Latin/English,הבטחה,promise,shared_numeric_value,Reverse Reduction,29,"Hebrew side computed & reproducible (הבטחה ragil=29, confirmed live); English side not independently re-derived by hand",YES (this row),no,edges (language_bridge),source=language_links; human_verified=FALSE — the ONE bridge row explicitly not yet human-verified,medium (evidence_level=medium),"medium — self-flagged unverified, correctly still visible/not hidden per Rank-Don't-Hide","This is the system's own honest self-labeling of an unverified claim, working as intended."
word_aliases,8a7d139f-38fe-429b-ac70-2d591b558b22,alias: imagine,shimon-vip,"alias='imagine', lang=en, alias_type=english, method=transliteration, confidence=0.98, verified=true, layer=fact",Latin/English,(word_id 2acedef1... — not resolved to phrase text in this read-only pass),imagine,transliteration,transliteration,,no numeric value stored on this row — word_aliases has no value column; any gematria value lives separately on gematria_words via word_id,no matching nodes(language_bridge) row for 'imagine',YES (this row),node_id column is NULL on all 7 live word_aliases rows — a dead/unpopulated link to nodes,source=shimon-vip (i.e. שמעון חיימוב via WhatsApp/VIP channel),0.98 (stored confidence value),low,"Same underlying claim also appears as research_contributions row 99f06b3c ('הימגן=imagine=תדמיין') — two independent records of one claim, same source person, never cross-linked (target_type=null on the contribution)."
word_aliases,f39ae57a-e19c-4539-b0f2-ac4598365564,alias: dream,shimon-vip,"alias='dream', lang=en, alias_type=english, method=transliteration, confidence=0.98, verified=true, layer=fact",Latin/English,דרים (per post 5017: דרים ragil=254),dream,transliteration,transliteration,,"no numeric value on this row; post 5017 (separate source) states דרים=254, not independently re-verified here",no matching language_bridge row,YES (this row),node_id NULL,source=shimon-vip,0.98,low,"Also appears in research_contributions (d2b41ba9, 'דרים=dream/הפי דרים') and in post 5017's 'צמדי-היסוד' paragraph — 3 independent corpus locations for the same base claim."
word_aliases,9d46639a-555e-460c-9923-9b81bee98839,alias: positive,shimon-vip,"alias='positive', lang=en, alias_type=english, method=transliteration, confidence=0.98, verified=true, layer=fact",Latin/English,פוזיטיב (per research_contributions row 2ad6d76c),positive,transliteration,transliteration,,no numeric value on this row,no matching language_bridge row,YES (this row),node_id NULL,source=shimon-vip,0.98,low,Cross-referenced in research_contributions '108 — גיהנם = מנהיג = חק' which notes 'שמעון מקשר גם «פוזיטיב»' without stating its own gematria value in that row.
word_aliases,d3d219b2-29f0-44e6-bf03-1855d529777e,alias: realize (shimon-vip),shimon-vip,"alias='realize', lang=en, alias_type=english, method=transliteration, confidence=0.98, verified=true, layer=fact",Latin/English,לבון / ריאלז (per prior same-day agent pass),realize,transliteration,transliteration,,no numeric value on this row,no matching language_bridge row,"YES (this row) — DUPLICATE alias_type/entry alongside a second 'realize' row from a different source (wa-vip, alias_type=translation) — same English spelling, two source channels, two alias_type labels (english vs translation), not reconciled",node_id NULL,source=shimon-vip,0.98,"medium — 'realize' recorded twice with different alias_type (english vs translation) via different intake channels; a one-to-many/duplicate-channel case flagged live by a same-day prior agent pass (CORPUS_EXPANSION), not resolved here",See paired row below (source=wa-vip).
word_aliases,37d4c5a8-af4c-47ab-9ed0-8200eabf3782,alias: happy dream,shimon-vip,"alias='happy dream', lang=en, alias_type=english, method=transliteration, confidence=0.98, verified=true, layer=fact",Latin/English,הפי דרים (per post 5017: value=349),happy dream,transliteration,transliteration,,"no numeric value on this row; post 5017 states 349, not re-verified here",no matching language_bridge row,YES (this row),node_id NULL,source=shimon-vip,0.98,low,
word_aliases,fc2e2b90-4681-4f15-955c-a51a54c9b2bd,alias: realize (wa-vip),"wa-vip (WhatsApp VIP intake, unattributed to a named person)","alias='realize', lang=en, alias_type=translation, source=wa-vip, method=null, confidence=null, verified=true, layer=null",Latin/English,(unresolved word_id 0f3252d2...),realize,translation,,,"no numeric value; no method recorded at all on this row (method field is null, unlike its shimon-vip sibling)",no matching language_bridge row,YES (this row) — see duplicate-channel note on the shimon-vip 'realize' row above,node_id NULL,source=wa-vip; no confidence recorded,unstated,"medium — same duplicate-channel issue as above; this row additionally carries no method/confidence metadata, weaker provenance than its sibling",
word_aliases,eb85166d-e0e3-4da9-83b6-20b9852f887f,alias: secret,zuriel,"alias='secret', lang=en, alias_type=translation, source=zuriel, method=translation, confidence=null, verified=true, layer=null",Latin/English,סוד,secret,translation,translation,70 (implied — matches the language_bridge סוד↔Secret row's value),"Hebrew סוד=70 independently confirmed live; the numeric value itself lives on the sibling language_bridge node, not on this word_aliases row","YES — duplicated by nodes(language_bridge) id b58240b4 ('סוד ↔ Secret'), independently recording the identical translation claim",YES (this row),node_id NULL on this row; the language_bridge sibling DOES carry graph edges,source=zuriel,unstated on this row (language_bridge sibling rates it evidence_level=strong),low on the claim itself; the ambiguity is architectural — two independent live mechanisms (word_aliases and language_bridge) hold the same fact with no cross-reference between them,"This is the concrete, disclosed cross-mechanism duplication flagged by the same-day prior CORPUS_EXPANSION_PHASE_1 pass (scenario 'סוד/Secret'). Confirmed independently in this audit."
research_contributions,99f06b3c-ab9a-4ba0-899e-9ae580afb3c9,הימג׳ן = imagine = תדמיין / מגן יה / משיח מילוי,שמעון חיימוב,"«הימג׳ן»=imagine=תדמיין · «מגן יה» · מילוי אותיות משיח (מם·שין·יוד·חית) → «תדמין». תעתיק+מילוי, פרשנות.",Latin/English + Hebrew transliteration (הימג׳ן),הימג׳ן / תדמיין,imagine,transliteration,transliteration (+ separate מילוי wordplay on משיח),,"no gematria value stated in this row for imagine/הימג׳ן; the מילוי-of-משיח thread is a separate, Hebrew-only wordplay tacked onto the same title — a second relation type bundled with the transliteration claim (per Phase 2, should be split)",no matching language_bridge row,YES — same claim independently recorded as word_aliases 'imagine' (shimon-vip),target_type/target_id both NULL — this contribution is not linked into the graph at all,origin=whatsapp_group; research_state=raw; status=published; author_name=שמעון חיימוב,unstated (research_state=raw),medium — title bundles a he-en transliteration claim with an unrelated Hebrew-internal מילוי wordplay under one heading,
research_contributions,d2b41ba9-6145-4020-bf9d-f2e0512b037d,דרים = dream / הפי דרים (תעתיק),שמעון חיימוב,«דרים»=dream (חלום) · «הפי דרים»=happy dream. תעתיק/פרשנות.,Latin/English + Hebrew transliteration,דרים / הפי דרים,dream / happy dream,transliteration,transliteration,,"no gematria value stated in this row; post 5017 separately states דרים=254 and הפי דרים=349, not re-verified here",no matching language_bridge row,YES — same claims independently recorded as word_aliases 'dream' and 'happy dream' (shimon-vip),target_type/target_id both NULL,origin=whatsapp_group; research_state=raw; status=published; author_name=שמעון חיימוב,unstated (research_state=raw),low,"This single row actually contains TWO distinct transliteration claims (dream, happy dream) — split into two findings here per Phase 2, but stored as one row in the source."
research_contributions,2ad6d76c-89a7-44fc-862e-d519b26f718a,108 — גיהנם = מנהיג = חק,שמעון חיימוב,"108 = גיהנם = מנהיג = חק (רגיל, מאומת במנוע). שמעון מקשר גם «פוזיטיב».",Hebrew transliteration of English (פוזיטיב),פוזיטיב,positive,transliteration,transliteration,,"the row's own verified Hebrew value (108) is for גיהנם/מנהיג/חק — a Hebrew-only equal-value triple; the 'positive' link is a bare mention with NO value or method attached in this row, weaker than the other transliteration rows",no matching language_bridge row,YES — same base word independently recorded as word_aliases 'positive' (shimon-vip),target_type/target_id both NULL,origin=whatsapp_group; research_state=raw; status=published; author_name=שמעון חיימוב,unstated (research_state=raw),high — 'פוזיטיב' is mentioned with zero claimed value or explicit relation to the 108 cluster; on its own this is closer to an unclear/historical-mention (category H) than a resolved transliteration claim,Weakest of the three research_contributions rows — excluded from the Gold Set candidate on this basis.
posts,5018,שבילי שפה — חיבור בין שפות | מפתח לגן · מבוא | רמזים חזקים ביותר — §26 letters,מערכת כי לה' המלוכה (byline) / חומר שמקורו בצוריאל + שמעון חיימוב (ה-STR cluster משויך במפורש 'בקו של שמעון חיימוב'),באנגלית יש בדיוק 26 אותיות — כמניין שם הוי״ה: י־ה־ו־ה = 26. הבורא מדבר דרך כל השפות.,"Latin/English (structural fact, not a computed word)",יהוה,the English alphabet (26 letters),shared_numeric_value,"none — count of alphabet letters is an external fact, not a gematria calculation",26,"Hebrew side computed & reproducible (יהוה ragil=26, standard/canonical); the '26 letters' figure is a true external fact about the English alphabet, not an engine computation — the coincidence itself is asserted, not calculated",no matching language_bridge row for this specific framing,no,post links יהוה via /number/26 and /number/26%20האותיות tags; no dedicated node/edge found,"post 5018, published under system byline; introduces the post's central 70×26=1820 framing",the Hebrew half is high-confidence/canonical; the English-alphabet-count half is trivially true but not itself a 'calculation',"low as a factual coincidence, but philosophically the weakest kind of finding in the whole post — a fixed alphabet property, not a word-specific calculation",Sets up the post's framing device (70 languages x 26 = 1820) referenced repeatedly through the post; not itself a reproducible per-word calculation.
posts,5018,שבילי שפה — חיבור בין שפות | מפתח לגן · מבוא | רמזים חזקים ביותר — §God=26,מערכת כי לה' המלוכה (byline) / חומר שמקורו בצוריאל + שמעון חיימוב (ה-STR cluster משויך במפורש 'בקו של שמעון חיימוב'),God = 26 — בדיוק כמו יהוה = 26 וכמו 26 האותיות. השם באנגלית נושא את אותו מניין.,Latin/English,יהוה,God,shared_numeric_value,"English Ordinal (a=1..z=26), letter-by-letter shown on-page (G=7,O=15,D=4)",26,BOTH sides independently reproducible: HAND-VERIFIED in this audit G+O+D=7+15+4=26; Hebrew יהוה=26 is standard canonical ragil,no matching language_bridge row exists for 'God',no,post links via /number/God and /number/26; no dedicated graph node,post 5018,"high — fully reproducible arithmetic on both sides, using a method (English Ordinal) also used elsewhere in the live corpus (language_bridge Secret/throne rows)",none,"Strong Gold Set candidate: clean, reproducible, canonical-Hebrew + clearly-defined foreign method, not represented in language_bridge yet."
posts,5018,שבילי שפה — חיבור בין שפות | מפתח לגן · מבוא | רמזים חזקים ביותר — §Elohim=62,מערכת כי לה' המלוכה (byline) / חומר שמקורו בצוריאל + שמעון חיימוב (ה-STR cluster משויך במפורש 'בקו של שמעון חיימוב'),"Elohim = 62 — וזה 26 הפוך. שני שמות הבורא באנגלית: God=26, Elohim=62 — והיפוך אחד.",Latin/English,"(implicitly אלהים, not spelled out as the Hebrew comparison term in this specific panel — comparison is to the number 26, not to a Hebrew word directly)",Elohim,numeric_transform_relation,"English Ordinal for the value (E=5,L=12,O=15,H=8,I=9,M=13); relation to 26 is a digit-reversal (62 reversed = 26)",62,HAND-VERIFIED in this audit: E+L+O+H+I+M=5+12+15+8+9+13=62; digit-reversal 62->26 is arithmetically trivial and correct,no matching language_bridge row for 'Elohim',no,"post links /number/Elohim, /number/62, /number/26%20הפוך; no dedicated graph node",post 5018,high — reproducible English Ordinal + trivially-verifiable digit reversal,low,"This is a numeric_transform_relation (digit reversal), distinct from the God=26 shared_numeric_value pairing directly above it in the same post — correctly split into a separate finding here."
posts,5018,שבילי שפה — חיבור בין שפות | מפתח לגן · מבוא | רמזים חזקים ביותר — §Bereshit=86,מערכת כי לה' המלוכה (byline) / חומר שמקורו בצוריאל + שמעון חיימוב (ה-STR cluster משויך במפורש 'בקו של שמעון חיימוב'),"באנגלית מחשבים בפשטות: כל אות לפי מקומה באלף-בית — A=1, B=2, C=3 … Z=26 — ומחברים. Bereshit = 86. וזה בדיוק אלהים = 86 בעברית.","Latin/English (transliterated Hebrew word spelled in Latin letters, then English-Ordinal-computed)",אלהים,Bereshit,shared_numeric_value,"English Ordinal (a=1..z=26) applied to 'Bereshit', the Latin transliteration of בראשית",86,HAND-VERIFIED in this audit: B+E+R+E+S+H+I+T=2+5+18+5+19+8+9+20=86; Hebrew side (אלהים ragil=86) is standard canonical,no matching language_bridge row,no,"post links /number/Bereshit, /number/86, /number/אלהים; no dedicated graph node",post 5018,"high — reproducible arithmetic, and self-aware that this is a coincidence between UNRELATED words (Bereshit=Genesis/'in the beginning', not a translation of Elohim/God) — a clean, disclosed shared_numeric_value case, not mislabeled as translation","low as arithmetic, but conceptually this is the textbook example of type C (shared_numeric_value with NO semantic relation) — 'Bereshit' and 'Elohim' mean different things and are only linked by the coincidental number 86",Best worked example in the whole corpus of the required FACT vs INTERPRETATION separation for a pure numeric coincidence between semantically-unrelated words — strong Gold Set candidate specifically to illustrate category C.
posts,5018,שבילי שפה — חיבור בין שפות | מפתח לגן · מבוא | רמזים חזקים ביותר — §Godhood=68,מערכת כי לה' המלוכה (byline) / חומר שמקורו בצוריאל + שמעון חיימוב (ה-STR cluster משויך במפורש 'בקו של שמעון חיימוב'),Godhood = 68 — וזה ההיפוך של 86 (אלהים). האלוהות מתגלה בהיפוך: 86 ↔ 68. הגאולה כולה — הפכים.,Latin/English,אלהים,Godhood,numeric_transform_relation,"English Ordinal (G=7,O=15,D=4,H=8,O=15,O=15,D=4); relation to 86 is digit-reversal",68,HAND-VERIFIED in this audit: G+O+D+H+O+O+D=7+15+4+8+15+15+4=68; digit-reversal 68<->86 is arithmetically correct,no matching language_bridge row,no,"post links /number/Godhood, /number/68, /number/ההיפוך של 86; no dedicated graph node",post 5018,high — reproducible,low,"The 'הפוך אחד' (one reversal) framing linking Elohim/26<->62 AND Godhood/68<->86 shows a repeated pattern (digit-reversal as a recurring rhetorical device in this post) worth tracking as a pattern, not a proven method."
posts,5018,שבילי שפה — חיבור בין שפות | מפתח לגן · מבוא | רמזים חזקים ביותר — §S-T-R phonetic cluster,מערכת כי לה' המלוכה (byline) / חומר שמקורו בצוריאל + שמעון חיימוב (ה-STR cluster משויך במפורש 'בקו של שמעון חיימוב'),"מעניין לראות את רצף הצלילים: שורש-צליל אחד — ס·ט·ר (S·T·R) — חוזר בשפה אחר שפה, ומצייר את אותו רעיון: צד · מיתר · מוזר · מדינה. (רמז-צליל חוצה-שפות, בקו של שמעון חיימוב.)",Aramaic,ס־ט־ר (root),סְטְרָא — side/צד,phonetic_relation,"cross-language sound-root pattern (S-T-R), no numeric method at all",,"explicitly NOT a gematria/numeric claim — pure phonetic/root observation across languages, no value to reproduce","no matching language_bridge row (language_bridge mechanism currently only holds numeric shared_value/translation/transliteration bridges, not phonetic-only clusters)",no,none found — this cluster has no graph representation at all,attributed explicitly in-post to שמעון חיימוב's line of research ('בקו של שמעון חיימוב'),"interpretive/pattern-level — explicitly presented as a curiosity ('מעניין לראות'), not a proof","medium-high — phonetic similarity across unrelated language families is inherently more subjective than a numeric coincidence; still, the pattern is consistent (S-T-R root recurring with related side/string/strange/country senses) and worth tracking, not worth mechanizing yet","Multilingual_pattern candidate; this whole cluster is currently NOT represented in ANY structured layer (not word_aliases, not language_bridge, not research_contributions) — pure post-content only."
posts,5018,שבילי שפה — חיבור בין שפות | מפתח לגן · מבוא | רמזים חזקים ביותר — §S-T-R phonetic cluster,מערכת כי לה' המלוכה (byline) / חומר שמקורו בצוריאל + שמעון חיימוב (ה-STR cluster משויך במפורש 'בקו של שמעון חיימוב'),"מעניין לראות את רצף הצלילים: שורש-צליל אחד — ס·ט·ר (S·T·R) — חוזר בשפה אחר שפה, ומצייר את אותו רעיון: צד · מיתר · מוזר · מדינה. (רמז-צליל חוצה-שפות, בקו של שמעון חיימוב.)",Russian/Cyrillic (transliterated),ס־ט־ר (root),סְטְרָאנָה — country/מדינה (Russian: страна),phonetic_relation,"cross-language sound-root pattern (S-T-R), no numeric method at all",,"explicitly NOT a gematria/numeric claim — pure phonetic/root observation across languages, no value to reproduce","no matching language_bridge row (language_bridge mechanism currently only holds numeric shared_value/translation/transliteration bridges, not phonetic-only clusters)",no,none found — this cluster has no graph representation at all,attributed explicitly in-post to שמעון חיימוב's line of research ('בקו של שמעון חיימוב'),"interpretive/pattern-level — explicitly presented as a curiosity ('מעניין לראות'), not a proof","medium-high — phonetic similarity across unrelated language families is inherently more subjective than a numeric coincidence; still, the pattern is consistent (S-T-R root recurring with related side/string/strange/country senses) and worth tracking, not worth mechanizing yet","Multilingual_pattern candidate; this whole cluster is currently NOT represented in ANY structured layer (not word_aliases, not language_bridge, not research_contributions) — pure post-content only."
posts,5018,שבילי שפה — חיבור בין שפות | מפתח לגן · מבוא | רמזים חזקים ביותר — §S-T-R phonetic cluster,מערכת כי לה' המלוכה (byline) / חומר שמקורו בצוריאל + שמעון חיימוב (ה-STR cluster משויך במפורש 'בקו של שמעון חיימוב'),"מעניין לראות את רצף הצלילים: שורש-צליל אחד — ס·ט·ר (S·T·R) — חוזר בשפה אחר שפה, ומצייר את אותו רעיון: צד · מיתר · מוזר · מדינה. (רמז-צליל חוצה-שפות, בקו של שמעון חיימוב.)",Russian/Cyrillic (transliterated),ס־ט־ר (root),סְטוֹרוֹנָה — side/צד (Russian: сторона),phonetic_relation,"cross-language sound-root pattern (S-T-R), no numeric method at all",,"explicitly NOT a gematria/numeric claim — pure phonetic/root observation across languages, no value to reproduce","no matching language_bridge row (language_bridge mechanism currently only holds numeric shared_value/translation/transliteration bridges, not phonetic-only clusters)",no,none found — this cluster has no graph representation at all,attributed explicitly in-post to שמעון חיימוב's line of research ('בקו של שמעון חיימוב'),"interpretive/pattern-level — explicitly presented as a curiosity ('מעניין לראות'), not a proof","medium-high — phonetic similarity across unrelated language families is inherently more subjective than a numeric coincidence; still, the pattern is consistent (S-T-R root recurring with related side/string/strange/country senses) and worth tracking, not worth mechanizing yet","Multilingual_pattern candidate; this whole cluster is currently NOT represented in ANY structured layer (not word_aliases, not language_bridge, not research_contributions) — pure post-content only."
posts,5018,שבילי שפה — חיבור בין שפות | מפתח לגן · מבוא | רמזים חזקים ביותר — §S-T-R phonetic cluster,מערכת כי לה' המלוכה (byline) / חומר שמקורו בצוריאל + שמעון חיימוב (ה-STR cluster משויך במפורש 'בקו של שמעון חיימוב'),"מעניין לראות את רצף הצלילים: שורש-צליל אחד — ס·ט·ר (S·T·R) — חוזר בשפה אחר שפה, ומצייר את אותו רעיון: צד · מיתר · מוזר · מדינה. (רמז-צליל חוצה-שפות, בקו של שמעון חיימוב.)",Russian/Cyrillic (transliterated),ס־ט־ר (root),סְטְרוּנָה — string/מיתר (Russian: струна),phonetic_relation,"cross-language sound-root pattern (S-T-R), no numeric method at all",,"explicitly NOT a gematria/numeric claim — pure phonetic/root observation across languages, no value to reproduce","no matching language_bridge row (language_bridge mechanism currently only holds numeric shared_value/translation/transliteration bridges, not phonetic-only clusters)",no,none found — this cluster has no graph representation at all,attributed explicitly in-post to שמעון חיימוב's line of research ('בקו של שמעון חיימוב'),"interpretive/pattern-level — explicitly presented as a curiosity ('מעניין לראות'), not a proof","medium-high — phonetic similarity across unrelated language families is inherently more subjective than a numeric coincidence; still, the pattern is consistent (S-T-R root recurring with related side/string/strange/country senses) and worth tracking, not worth mechanizing yet","Multilingual_pattern candidate; this whole cluster is currently NOT represented in ANY structured layer (not word_aliases, not language_bridge, not research_contributions) — pure post-content only."
posts,5018,שבילי שפה — חיבור בין שפות | מפתח לגן · מבוא | רמזים חזקים ביותר — §S-T-R phonetic cluster,מערכת כי לה' המלוכה (byline) / חומר שמקורו בצוריאל + שמעון חיימוב (ה-STR cluster משויך במפורש 'בקו של שמעון חיימוב'),"מעניין לראות את רצף הצלילים: שורש-צליל אחד — ס·ט·ר (S·T·R) — חוזר בשפה אחר שפה, ומצייר את אותו רעיון: צד · מיתר · מוזר · מדינה. (רמז-צליל חוצה-שפות, בקו של שמעון חיימוב.)",Yiddish (transliterated),ס־ט־ר (root),שְׁטְרוּנֶע — string/מיתר,phonetic_relation,"cross-language sound-root pattern (S-T-R), no numeric method at all",,"explicitly NOT a gematria/numeric claim — pure phonetic/root observation across languages, no value to reproduce","no matching language_bridge row (language_bridge mechanism currently only holds numeric shared_value/translation/transliteration bridges, not phonetic-only clusters)",no,none found — this cluster has no graph representation at all,attributed explicitly in-post to שמעון חיימוב's line of research ('בקו של שמעון חיימוב'),"interpretive/pattern-level — explicitly presented as a curiosity ('מעניין לראות'), not a proof","medium-high — phonetic similarity across unrelated language families is inherently more subjective than a numeric coincidence; still, the pattern is consistent (S-T-R root recurring with related side/string/strange/country senses) and worth tracking, not worth mechanizing yet","Multilingual_pattern candidate; this whole cluster is currently NOT represented in ANY structured layer (not word_aliases, not language_bridge, not research_contributions) — pure post-content only."
posts,5018,שבילי שפה — חיבור בין שפות | מפתח לגן · מבוא | רמזים חזקים ביותר — §S-T-R phonetic cluster,מערכת כי לה' המלוכה (byline) / חומר שמקורו בצוריאל + שמעון חיימוב (ה-STR cluster משויך במפורש 'בקו של שמעון חיימוב'),"מעניין לראות את רצף הצלילים: שורש-צליל אחד — ס·ט·ר (S·T·R) — חוזר בשפה אחר שפה, ומצייר את אותו רעיון: צד · מיתר · מוזר · מדינה. (רמז-צליל חוצה-שפות, בקו של שמעון חיימוב.)",Russian/Cyrillic (transliterated),ס־ט־ר (root),סְטְרָאני — strange/מוזר (Russian: странный),phonetic_relation,"cross-language sound-root pattern (S-T-R), no numeric method at all",,"explicitly NOT a gematria/numeric claim — pure phonetic/root observation across languages, no value to reproduce","no matching language_bridge row (language_bridge mechanism currently only holds numeric shared_value/translation/transliteration bridges, not phonetic-only clusters)",no,none found — this cluster has no graph representation at all,attributed explicitly in-post to שמעון חיימוב's line of research ('בקו של שמעון חיימוב'),"interpretive/pattern-level — explicitly presented as a curiosity ('מעניין לראות'), not a proof","medium-high — phonetic similarity across unrelated language families is inherently more subjective than a numeric coincidence; still, the pattern is consistent (S-T-R root recurring with related side/string/strange/country senses) and worth tracking, not worth mechanizing yet","Multilingual_pattern candidate; this whole cluster is currently NOT represented in ANY structured layer (not word_aliases, not language_bridge, not research_contributions) — pure post-content only."
posts,5018,שבילי שפה — חיבור בין שפות | מפתח לגן · מבוא | רמזים חזקים ביותר — §S-T-R phonetic cluster,מערכת כי לה' המלוכה (byline) / חומר שמקורו בצוריאל + שמעון חיימוב (ה-STR cluster משויך במפורש 'בקו של שמעון חיימוב'),"מעניין לראות את רצף הצלילים: שורש-צליל אחד — ס·ט·ר (S·T·R) — חוזר בשפה אחר שפה, ומצייר את אותו רעיון: צד · מיתר · מוזר · מדינה. (רמז-צליל חוצה-שפות, בקו של שמעון חיימוב.)",English (transliterated into Hebrew),ס־ט־ר (root),"סְטְריינג׳ — Strange (English word, Hebrew-transliterated spelling)",phonetic_relation,"cross-language sound-root pattern (S-T-R), no numeric method at all",,"explicitly NOT a gematria/numeric claim — pure phonetic/root observation across languages, no value to reproduce","no matching language_bridge row (language_bridge mechanism currently only holds numeric shared_value/translation/transliteration bridges, not phonetic-only clusters)",no,none found — this cluster has no graph representation at all,attributed explicitly in-post to שמעון חיימוב's line of research ('בקו של שמעון חיימוב'),"interpretive/pattern-level — explicitly presented as a curiosity ('מעניין לראות'), not a proof","medium-high — phonetic similarity across unrelated language families is inherently more subjective than a numeric coincidence; still, the pattern is consistent (S-T-R root recurring with related side/string/strange/country senses) and worth tracking, not worth mechanizing yet","Multilingual_pattern candidate; this whole cluster is currently NOT represented in ANY structured layer (not word_aliases, not language_bridge, not research_contributions) — pure post-content only."
posts,5017,הזהב של שמעון חיימוב — כשהאנגלית מגלה את הסוד — §father+son=friends,שמעון חיימוב,"כשמחברים את אותיות father (פדר) ו־son (סן), מקבלים «פדרסן» — ובדיוק אותן אותיות מרכיבות את friends (פרנדס). שתיהן עולות 394.","Latin/English, transliterated into Hebrew letters then computed with the standard Hebrew ragil engine",פדרסן / פרנדס (Hebrew-letter transliterations),father+son / friends,numeric_transform_relation,"transliteration into Hebrew letters, then canonical Hebrew ragil on the transliterated spelling, then anagram comparison",394,"HAND-VERIFIED in this audit: פדרסן ragil = פ80+ד4+ר200+ס60+נ50 = 394; פרנדס (same letters, reordered) = same total = 394 — the arithmetic is fully reproducible via the canonical live ragil engine; the transliteration SPELLING CHOICE itself (father->פדר, friends->פרנדס) is a creative/interpretive step, not a standardized algorithm",no matching language_bridge row,no,none found for this specific pair,"post 5017, byline שמעון חיימוב, curated onto the site by the system","medium-high — the Hebrew-side math is 100% reproducible on the canonical engine; the weak link is the unstandardized transliteration spelling, not the calculation","medium — different from the post-5018 'English Ordinal' method entirely; this is a SECOND, DIFFERENT computational pattern for 'English gematria' found in the corpus (transliterate-then-Hebrew-ragil vs. direct English-Ordinal-on-Latin-letters) — worth flagging as two distinct claimed_method families that should not be conflated",Anagram (same Hebrew letter-set reordered) is itself just a Hebrew-internal fact once transliterated; the multilingual claim is really only in the transliteration step (English concept -> chosen Hebrew spelling).
posts,5017,הזהב של שמעון חיימוב — כשהאנגלית מגלה את הסוד — §treatment/pilot cluster,שמעון חיימוב,"ארבע מילים, ערך אחד. treatment (טיפול) ו־pilot (פילוט) הן אנאגרמה זו של זו, ואליהן מצטרפות «ממלכה» ו«סכנה». 135 = טיפול (treatment) = פילוט (pilot) = ממלכה = סכנה.","Latin/English transliterated into Hebrew, computed via canonical ragil",טיפול / פילוט / ממלכה / סכנה,treatment / pilot,numeric_transform_relation,transliteration + canonical Hebrew ragil + anagram,135,HAND-VERIFIED: טיפול=ט9+י10+פ80+ו6+ל30=135; פילוט=same letters=135 — reproducible,"YES — this exact value/pairing (135, טיפול/פילוט↔treatment/pilot) ALREADY EXISTS as two separate language_bridge nodes (id 472a9f62 and b10b8183), cross-confirming this post's claim from an independent structured source",no,"via the language_bridge sibling rows only, not directly from this post","post 5017, שמעון חיימוב",high — cross-confirmed by an independent structured record (language_bridge) with the same 135 value,"low on the number itself; medium on scope — 'ממלכה' and 'סכנה' are pure Hebrew words added to the 135 cluster with no foreign-language link at all, so only 2 of the 4 listed words are actually multilingual findings","Strong Gold Set candidate: independently corroborated across two different corpus mechanisms (post + language_bridge) with a hand-verified, reproducible number."
posts,5017,הזהב של שמעון חיימוב — כשהאנגלית מגלה את הסוד — §conversation/שחיה,שמעון חיימוב,"conversation (שיחה) ו«שחיה» — אותן אותיות בדיוק, אותו ערך. 323 = שיחה (conversation) = שחיה.","Latin/English (translation, not transliteration, of the concept) + Hebrew-internal anagram",שיחה / שחיה,conversation,translation,"translation (שיחה=conversation is a real semantic translation, unlike the transliteration-based rows above) + Hebrew ragil + anagram",323,HAND-VERIFIED: שיחה=ש300+י10+ח8+ה5=323; שחיה=same letters=323,"YES — matches language_bridge id 2f108a0a (שיחה↔conversation, value 323) exactly, cross-confirming from an independent source",no,via language_bridge sibling only,"post 5017, שמעון חיימוב","high — cross-confirmed, reproducible",low,"Unlike the father/son and treatment/pilot rows, this one IS a genuine semantic translation (conversation really does mean שיחה) rather than a phonetic transliteration — correctly labeled translation, not transliteration."
posts,5017,הזהב של שמעון חיימוב — כשהאנגלית מגלה את הסוד — §Brian=263,שמעון חיימוב,השם Brian (בריאן) הוא אנאגרמה של «נבריא». 263 = בריאן (Brian) = נבריא.,"Latin/English name transliterated into Hebrew, computed via canonical ragil",בריאן / נבריא,Brian,numeric_transform_relation,transliteration + canonical Hebrew ragil + anagram,263,HAND-VERIFIED: בריאן=ב2+ר200+י10+א1+נ50=263; נבריא=same letters=263,no matching language_bridge row,no,none found,"post 5017, שמעון חיימוב","medium-high — reproducible math, transliteration spelling is a judgment call",medium,"A personal name (proper noun) rather than a common word — worth flagging per method_lifecycle's general caution about proper-noun identity ambiguity, though here the claim is purely anagram/numeric, not an identity-merge claim."
posts,5017,הזהב של שמעון חיימוב — כשהאנגלית מגלה את הסוד — §dream=254,שמעון חיימוב,"בבסיס המנוע חמישה צמדים שאיתם הכול התחיל — מילים של שאיפה והגשמה: dream (דרים) = 254, «happy dream» = 349, ולצידן imagine, realize ו־positive.","Latin/English transliterated into Hebrew, computed via canonical ragil",דרים,dream,transliteration,transliteration + canonical Hebrew ragil,254,"NOT independently hand-verified in this audit pass (time-bounded); internally consistent with the word_aliases 'dream' row (same underlying claim, no value stored there)",no matching language_bridge row,YES — corresponds to word_aliases 'dream' (shimon-vip),none direct,"post 5017, שמעון חיימוב","medium — unverified by this audit, but consistent across 2 independent corpus locations (post + word_aliases)",low,
posts,5017,הזהב של שמעון חיימוב — כשהאנגלית מגלה את הסוד — §happy dream=349,שמעון חיימוב,«happy dream» = 349,"Latin/English transliterated into Hebrew, computed via canonical ragil",הפי דרים,happy dream,transliteration,transliteration + canonical Hebrew ragil,349,NOT independently hand-verified in this audit pass; consistent with word_aliases 'happy dream' row,no matching language_bridge row,YES — corresponds to word_aliases 'happy dream' (shimon-vip),none direct,"post 5017, שמעון חיימוב",medium — unverified by this audit,low,
posts,5017,הזהב של שמעון חיימוב — כשהאנגלית מגלה את הסוד — §Messiah 3-language cluster,שמעון חיימוב,"אחד הכרטיסים היפים של שמעון מחבר מילים משלוש שפות — עברית, אנגלית ורוסית — אל משיח (358): «איך המילים בכל השפות קשורות למשיח».",Hebrew + Latin/English + Cyrillic/Russian (3-way cluster),משיח,Messiah (en) / мессия (ru),transliteration,"transliteration (both foreign forms are phonetic renderings of משיח, not independently calculated)",358,"Hebrew side computed & reproducible (משיח ragil=358, confirmed live)","YES — this exact 3-language cluster ALREADY EXISTS as two separate language_bridge nodes (משיח↔Messiah id 6c53dbe7, משיח↔мессия id a62cc410), cross-confirming this post's summary claim",no,via the two language_bridge sibling rows and their edges,"post 5017, שמעון חיימוב; language_bridge source=curated (Zuriel)",high — cross-confirmed across an independent structured mechanism,low,Best example in the corpus of a genuine 3-language cluster (he/en/ru) represented consistently in both unstructured post content AND the structured language_bridge layer — strong Gold Set candidate.
posts,5017,הזהב של שמעון חיימוב — כשהאנגלית מגלה את הסוד — §D-S-T-R phonetic cluster,שמעון חיימוב,"הערה: זהו רמז אותיות וצליל — לא שוויון גימטרי. שמעון מצא ששורש אחד, ס·ט·ד·ר, חוזר בשלוש שפות ובכמה משמעויות: משה רבנו «כבד פה וכבד לשון» = מגמגם ; באנגלית STUTTER (לגמגם) ; מדבר ↔ DESERT (מקום שומם) ; קינוח = DESSERT ; וברוסית РАДОСТЬ (רָדוֹסְט) = שמחה ; ואפילו Saturday (סטרדי, יום שבת). מן הגמגום — אל השמחה: «כי בשמחה תצאו».",Hebrew (Torah phrase) + English,כבד פה וכבד לשון (משה רבנו) → מגמגם,STUTTER (English),phonetic_relation,"cross-language sound-root pattern (D/S-T-R family), no numeric method — EXPLICITLY self-labeled by the author as 'not a gematria equality'",,"explicitly NOT a gematria/numeric claim, by the source's own words",no matching language_bridge row (mechanism does not currently hold phonetic-only clusters),no,none found,"post 5017, explicitly attributed to שמעון חיימוב's own observation, with an explicit author disclaimer distinguishing it from gematria","interpretive/pattern-level, self-disclosed as such","medium — cross-language phonetic resemblance is subjective, but the author's own FACT/INTERPRETATION discipline here (explicit disclaimer) is exemplary and should be the model for how such claims are recorded","This D-S-T-R cluster in post 5017 and the S-T-R cluster in post 5018 are RELATED but not identical root observations by the same researcher (שמעון חיימוב) — both explicitly non-numeric, both currently unstructured (post text only)."
posts,5017,הזהב של שמעון חיימוב — כשהאנגלית מגלה את הסוד — §D-S-T-R phonetic cluster,שמעון חיימוב,"הערה: זהו רמז אותיות וצליל — לא שוויון גימטרי. שמעון מצא ששורש אחד, ס·ט·ד·ר, חוזר בשלוש שפות ובכמה משמעויות: משה רבנו «כבד פה וכבד לשון» = מגמגם ; באנגלית STUTTER (לגמגם) ; מדבר ↔ DESERT (מקום שומם) ; קינוח = DESSERT ; וברוסית РАДОСТЬ (רָדוֹסְט) = שמחה ; ואפילו Saturday (סטרדי, יום שבת). מן הגמגום — אל השמחה: «כי בשמחה תצאו».",Hebrew + English,מדבר,DESERT (English),phonetic_relation,"cross-language sound-root pattern (D/S-T-R family), no numeric method — EXPLICITLY self-labeled by the author as 'not a gematria equality'",,"explicitly NOT a gematria/numeric claim, by the source's own words",no matching language_bridge row (mechanism does not currently hold phonetic-only clusters),no,none found,"post 5017, explicitly attributed to שמעון חיימוב's own observation, with an explicit author disclaimer distinguishing it from gematria","interpretive/pattern-level, self-disclosed as such","medium — cross-language phonetic resemblance is subjective, but the author's own FACT/INTERPRETATION discipline here (explicit disclaimer) is exemplary and should be the model for how such claims are recorded","This D-S-T-R cluster in post 5017 and the S-T-R cluster in post 5018 are RELATED but not identical root observations by the same researcher (שמעון חיימוב) — both explicitly non-numeric, both currently unstructured (post text only)."
posts,5017,הזהב של שמעון חיימוב — כשהאנגלית מגלה את הסוד — §D-S-T-R phonetic cluster,שמעון חיימוב,"הערה: זהו רמז אותיות וצליל — לא שוויון גימטרי. שמעון מצא ששורש אחד, ס·ט·ד·ר, חוזר בשלוש שפות ובכמה משמעויות: משה רבנו «כבד פה וכבד לשון» = מגמגם ; באנגלית STUTTER (לגמגם) ; מדבר ↔ DESERT (מקום שומם) ; קינוח = DESSERT ; וברוסית РАДОСТЬ (רָדוֹסְט) = שמחה ; ואפילו Saturday (סטרדי, יום שבת). מן הגמגום — אל השמחה: «כי בשמחה תצאו».",Hebrew + English,קינוח,DESSERT (English),phonetic_relation,"cross-language sound-root pattern (D/S-T-R family), no numeric method — EXPLICITLY self-labeled by the author as 'not a gematria equality'",,"explicitly NOT a gematria/numeric claim, by the source's own words",no matching language_bridge row (mechanism does not currently hold phonetic-only clusters),no,none found,"post 5017, explicitly attributed to שמעון חיימוב's own observation, with an explicit author disclaimer distinguishing it from gematria","interpretive/pattern-level, self-disclosed as such","medium — cross-language phonetic resemblance is subjective, but the author's own FACT/INTERPRETATION discipline here (explicit disclaimer) is exemplary and should be the model for how such claims are recorded","This D-S-T-R cluster in post 5017 and the S-T-R cluster in post 5018 are RELATED but not identical root observations by the same researcher (שמעון חיימוב) — both explicitly non-numeric, both currently unstructured (post text only)."
posts,5017,הזהב של שמעון חיימוב — כשהאנגלית מגלה את הסוד — §D-S-T-R phonetic cluster,שמעון חיימוב,"הערה: זהו רמז אותיות וצליל — לא שוויון גימטרי. שמעון מצא ששורש אחד, ס·ט·ד·ר, חוזר בשלוש שפות ובכמה משמעויות: משה רבנו «כבד פה וכבד לשון» = מגמגם ; באנגלית STUTTER (לגמגם) ; מדבר ↔ DESERT (מקום שומם) ; קינוח = DESSERT ; וברוסית РАДОСТЬ (רָדוֹסְט) = שמחה ; ואפילו Saturday (סטרדי, יום שבת). מן הגמגום — אל השמחה: «כי בשמחה תצאו».",Hebrew + Russian/Cyrillic,שמחה,"РАДОСТЬ / radost (Russian, joy)",phonetic_relation,"cross-language sound-root pattern (D/S-T-R family), no numeric method — EXPLICITLY self-labeled by the author as 'not a gematria equality'",,"explicitly NOT a gematria/numeric claim, by the source's own words",no matching language_bridge row (mechanism does not currently hold phonetic-only clusters),no,none found,"post 5017, explicitly attributed to שמעון חיימוב's own observation, with an explicit author disclaimer distinguishing it from gematria","interpretive/pattern-level, self-disclosed as such","medium — cross-language phonetic resemblance is subjective, but the author's own FACT/INTERPRETATION discipline here (explicit disclaimer) is exemplary and should be the model for how such claims are recorded","This D-S-T-R cluster in post 5017 and the S-T-R cluster in post 5018 are RELATED but not identical root observations by the same researcher (שמעון חיימוב) — both explicitly non-numeric, both currently unstructured (post text only)."
posts,5017,הזהב של שמעון חיימוב — כשהאנגלית מגלה את הסוד — §D-S-T-R phonetic cluster,שמעון חיימוב,"הערה: זהו רמז אותיות וצליל — לא שוויון גימטרי. שמעון מצא ששורש אחד, ס·ט·ד·ר, חוזר בשלוש שפות ובכמה משמעויות: משה רבנו «כבד פה וכבד לשון» = מגמגם ; באנגלית STUTTER (לגמגם) ; מדבר ↔ DESERT (מקום שומם) ; קינוח = DESSERT ; וברוסית РАДОСТЬ (רָדוֹסְט) = שמחה ; ואפילו Saturday (סטרדי, יום שבת). מן הגמגום — אל השמחה: «כי בשמחה תצאו».",Hebrew + English,שבת,Saturday (English),phonetic_relation,"cross-language sound-root pattern (D/S-T-R family), no numeric method — EXPLICITLY self-labeled by the author as 'not a gematria equality'",,"explicitly NOT a gematria/numeric claim, by the source's own words",no matching language_bridge row (mechanism does not currently hold phonetic-only clusters),no,none found,"post 5017, explicitly attributed to שמעון חיימוב's own observation, with an explicit author disclaimer distinguishing it from gematria","interpretive/pattern-level, self-disclosed as such","medium — cross-language phonetic resemblance is subjective, but the author's own FACT/INTERPRETATION discipline here (explicit disclaimer) is exemplary and should be the model for how such claims are recorded","This D-S-T-R cluster in post 5017 and the S-T-R cluster in post 5018 are RELATED but not identical root observations by the same researcher (שמעון חיימוב) — both explicitly non-numeric, both currently unstructured (post text only)."
