scenario_id,scenario,input_example,proposed_type,duplicate_check_result,alias_collision,computation_rule,auto_ceiling,zuriel_required_for_canonical_write,target_mechanism_on_approval,human_gate_required,gate_reason,notes
A1,"Genuinely new Hebrew word, clean provenance",a not-yet-seen Hebrew phrase from a new post,A. NEW_CANONICAL_WORD (no relation claim),no match in gematria_words,n/a,Hebrew -> live engine (or gw_enforce_engine trigger on insert),"gematria_words insert (this IS the canonical write, for this sub-case only)","NO -- pre-existing gematria_auto_registry_law, unmodified; registering a words own gematria is not an identity decision",gematria_words insert,NO,"clean provenance, no ambiguity, no relation claim -- matches gematria_auto_registry_law default path",the ONLY type in this matrix where AUTO reaches the canonical layer -- because there is no identity/link decision being made
A2,New word but source is unclear/anonymous,a phrase with no clear source attribution,A. NEW_CANONICAL_WORD (no relation claim),no match,n/a,Hebrew -> live engine,"gematria_words insert, contributor=null/unknown",NO -- same as A1,gematria_words insert,NO (but flagged),"provenance gap does not block computation, only limits future attribution","still auto -- weak provenance is a data-quality flag, not a merge/identity risk"
B1,דוד <-> דויד (major biblical figure),"""דויד"" proposed as a variant of ""דוד""",B. SPELLING_VARIANT,"""דויד"" already exists standalone in gematria_words (ragil=24); ""דוד"" separately exists (ragil=14)",none,"both already live-computed: דוד=14, דויד=24 -- genuinely different numbers, expected","HELD at idea/discussion, not even fast-tracked to validated_candidate","YES, always","word_aliases, alias_type=spelling_variant",YES,"person-name ambiguity (Sec.9) -- David is a major figure; even though the spelling pattern is textbook, the referent claim is held for review before it even reaches validated_candidate",see Spec Sec.10.1 -- full walkthrough
B2,צמח דוד <-> צמח דויד,"""צמח דויד"" proposed as a variant of ""צמח דוד""",B. SPELLING_VARIANT,both already exist standalone (152 / 162),none,both already live-computed,HELD at idea/discussion,"YES, always","word_aliases, alias_type=spelling_variant",YES,"same reasoning as B1, one level up (compound phrase)",see Spec Sec.10.2
B3,"Ordinary common-noun spelling variant, no identity stakes","a mundane word with a כתיב-מלא/חסר pair, no named referent",B. SPELLING_VARIANT,both exist standalone,none,"both live-computed, values differ as expected","validated_candidate (research_state=validated, status=pending) -- AUTO STOPS HERE","YES, always -- the word_aliases write itself is never automatic","word_aliases, alias_type=spelling_variant",NO to REACH validated_candidate; YES for the actual write,"no person-name ambiguity, no public-figure stakes, strong textbook spelling-class evidence -- qualifies for unattended pre-validation, but NOT for the canonical write itself","GATE-CORRECTED: previously this row said the write itself was automatic -- it is not. Only the PRE-VALIDATION is unattended; B1/B2 differ only in being held even earlier (before validated_candidate), not in whether Zuriel is ultimately required"
C1,משיח <-> Messiah,"""Messiah"" proposed as transliteration of ""משיח""",C. TRANSLITERATION,already exists as a language_bridge node (live),none,"Hebrew side already computed (רגיל=358); English side SKIPPED, no canonical method for Latin script",validated_candidate -- AUTO STOPS HERE,"YES, always",language_bridge node + 2 edges,NO to REACH validated_candidate; YES for the actual write,"unambiguous phonetic match, target already canonical, no competing claim -- pre-validates cleanly, but the language_bridge write is Zuriel-only",see Spec Sec.10.3 -- GATE-CORRECTED from a prior version that let this auto-insert
C2,משיח <-> мессия (Russian),"""мессия"" proposed as transliteration of ""משיח""",C. TRANSLITERATION,already exists (live),none,"non-Hebrew, skipped",validated_candidate -- AUTO STOPS HERE,"YES, always",language_bridge node + 2 edges,NO to REACH validated_candidate; YES for the actual write,"same as C1, script-agnostic -- proves N-language fan-out needs no new logic per language, INCLUDING the gate itself","reuses the identical entity node ""משיח"" as C1 -- one identity, multiple bridges, same gate either way"
C3,Ambiguous phonetic match (could plausibly transliterate 2 different Hebrew words),a foreign string whose sound is close to two unrelated Hebrew words,C. TRANSLITERATION (contested),near-match to 2+ existing Hebrew phrases,possible,"non-Hebrew, skipped","HELD at idea/discussion -- cannot even pre-validate, target is ambiguous","YES, always",language_bridge node (pending which target),YES,"ambiguous target -- machine cannot pick which Hebrew word is meant, per Sec.5 no similarity-only decisions",a real failure mode this matrix must cover even without a live example on hand
D1,סוד <-> secret,"""secret"" proposed as translation of ""סוד""",D. TRANSLATION,"COLLISION: alias already exists via word_aliases (translation, lowercase) AND separately via language_bridge (shared_value, capitalized)","yes -- two mechanisms, same underlying claim, not cross-checked today",Hebrew side computed (רגיל=70); English side skipped,HELD -- cannot pre-validate a contested/duplicated claim,"YES, always (retroactively, to reconcile)","EITHER word_aliases OR language_bridge -- currently BOTH, inconsistently -- reconciliation is itself the Zuriel decision needed",YES,"Sec.9: translation vs shared_value ambiguity -- this live pair shows exactly why the distinction must be human-confirmed, not inferred",see Spec Sec.10.4 -- this design would have caught the duplication at step [2] if applied at original intake time
D2,נצחון <-> victory (weak/interpretive evidence),"""victory"" proposed as translation of ""נצחון""",D. TRANSLATION,"already exists (live), evidence_level=interpretive",none,Hebrew side computed (רגיל=204); English side skipped,HELD -- weak evidence tier does not pre-validate,"YES, always","language_bridge node, evidence_level=interpretive",YES,"Sec.9: translation vs shared_value ambiguity -- the models own ""interpretive"" evidence tier is exactly the honesty signal that should route to a human",a real case where evidence exists but is admittedly weak -- kept as unverified/interpretive rather than silently upgraded
D3,טיפול <-> treatment (clean translation),"""treatment"" proposed as translation of ""טיפול""",D. TRANSLATION,"already exists (live), evidence_level=medium, human_verified=true",none,Hebrew side computed; English side skipped,n/a -- this candidate has ALREADY completed the full gate in the past (human_verified=true is on record),"ALREADY GIVEN, historically -- not being re-requested","language_bridge node (already exists, already verified)",NO -- already verified,"clean, unambiguous, and the live data shows Zuriel/a human already reviewed and verified it in the past -- this is the END STATE after the gate, not a bypass of it","GATE-CORRECTED: previously described as ""AUTO-CANDIDATE-then-verified"" implying an auto step preceded verification -- corrected to show verification came from a real human action on record, per human_verified=true, not from an automatic promotion"
E1,בנק / נקב / צמח דוד = 152 (negative control),someone proposes linking בנק and צמח דוד because both = 152,E. SHARED_VALUE_ONLY,"all 3 already exist independently, unrelated meanings",n/a,all 3 already live-computed (152 each),terminal at validated_candidate -- but NEVER escalated to Zuriel as a link request (Sec.4: E never proceeds to [10]),N/A -- there is no canonical write to request; nothing is ever linked for type E,NOT LINKED -- optionally noted as research_objects kind=relation (numeric coincidence only),"NO (nothing to gate -- the machine itself refuses to merge, and never asks)","Sec.4/Sec.5: shared value alone is explicitly forbidden as merge grounds -- this is a terminal, correct non-link, not a pending decision","see Spec Sec.10.6 -- the machines designed negative case; the ONE type where ""no Human-Gate"" genuinely means ""nothing to approve,"" not ""auto-approved"""
E2,"כהן <-> priest (shared_value, NOT translation, per live data)","""priest"" proposed for ""כהן""",E. SHARED_VALUE_ONLY (per live language_bridge.relationship_type),"already exists (live), relationship_type=shared_value, method=Reverse Ordinal",none,Hebrew side computed (רגיל=75); English side skipped,"n/a -- already exists, already human_verified=true on record","ALREADY GIVEN, historically","language_bridge node, relationship_type=shared_value (kept distinct from translation)",NO -- already resolved/verified in live data,"the live system already correctly classifies this as a numeric coincidence with a human-curated concept-seed, not an identity/translation claim -- and a human already verified that classification","shows type E is not ""wrong"" or ""less real"" -- כהן/priest genuinely share meaning AND the model still correctly labels the specific claim on record as shared_value/English-Ordinal rather than translation, because that IS the method a human actually verified"
F1,דוד -> דוד המלך,"""דוד המלך"" proposed as an expansion of ""דוד""",F. TITLE/EXPANDED_NAME,both already exist independently (ragil 14 vs 109),none,"both live-computed, DIFFERENT values as expected (title adds letters)","the LONGER PHRASE ITSELF may reach gematria_words via the type-A path (no relation claim needed for that alone); the IDENTITY-RELATION to ""דוד"" is HELD at idea/discussion","NO for registering the phrase itself (type-A path); YES, always, for the identity-relation",gematria_words insert for the longer phrase (may already be automatic); identity-relation link is a SEPARATE Zuriel-only proposal,NO for phrase registration; YES for the identity-relation,"Sec.9: identity merge always requires a human -- a title/expansion is not automatically ""the same entity"" for gematria purposes, even though the phrase itself can register independently","see Spec Sec.10.1s sibling case -- proves identity != spelling != gematria one more time (14, then 109, for one referent under two names)"
F2,"כהן -> מלך המשיח (title far exceeding a simple name, weak same-referent claim)","a compound royal-messianic title proposed as ""the same as"" a bare word",F. TITLE/EXPANDED_NAME (contested),"both exist independently, ragil very different (75 vs 453)",none,both live-computed,no relation is even proposed -- falls back to two independent type-A registrations,N/A -- no relation claim exists to gate,gematria_words insert for each phrase independently -- NO relation proposed,N/A -- the machine does not even propose a relation here,"too large a semantic gap between ""priest"" and ""King Messiah"" for the machine to propose F at all -- correctly falls back to two independent type-A inserts","illustrates the boundary of type F: it applies to genuine title-expansions of the SAME name-root (דוד -> דוד המלך), not to loosely-related titles"
X1,Exact duplicate resubmitted,the same Hebrew phrase submitted twice,n/a -- short-circuited at step [2],EXACT match found,n/a,not re-run -- existing gematria_words values reused,n/a -- pipeline terminates,N/A,no new record -- routed to the existing gematria_words row,NO,"not a candidate at all, per gematria_auto_registry_laws own dedup-by-phrase rule","step [2] terminates the pipeline immediately -- this is intentional, not an edge case to design around"
X2,Two intake mechanisms independently claim the same relation (the live סוד/Secret case),"word_aliases AND language_bridge both record a Hebrew<->English link for the same word, inconsistently",D or E (contested between the two existing records),"COLLISION across mechanisms, not caught by either mechanisms own duplicate check","yes, cross-mechanism",Hebrew side already computed,HELD -- cannot pre-validate a cross-mechanism collision,"YES, always (to reconcile)",reconciliation needed -- NOT auto-resolved,YES,"Sec.9 translation vs shared_value ambiguity, PLUS this reveals step [2] must check BOTH word_aliases and language_bridge, not just one, for any candidate touching a word that could plausibly have either",the single most important design lesson from live data -- step [2] of the state machine is written to close exactly this gap going forward
X3,Non-Hebrew candidate with NO Hebrew counterpart proposed,a foreign word submitted with no claimed Hebrew relationship at all,none of A-F -- out of scope for this intake path,n/a,n/a,no computation possible or meaningful without a Hebrew anchor,n/a -- out of scope,"N/A -- would need its own future design, not covered here","not inserted via this pipeline -- would need its own foreign_word-only node, if ever wanted, as a separate future design question",YES (scope question),this specs state machine assumes every candidate ultimately anchors to a Hebrew identity -- a foreign word with no Hebrew link is outside what word_aliases/language_bridge are built to hold today,"disclosed boundary of this design, not silently absorbed"
