id,phrase,source,verified,connectivity,structured_corpus_role,classification_reason
18695d89-199b-4f52-ab97-83372ad76acb,במילוי שלו,wa-120363409557,False,none,research_vocabulary,"contains explicit gematria-research vocabulary (גימטריא/פסוק/מילוי/אתבש/etc) -- legitimate research fragment, unverified"
202b412c-99f4-4e91-8ec5-4fba5a59d130,היום שמעתי,wa-120363409557,True,bidim,research_package,verified=True + connectivity=bidim (the 90-row confirmed/cross-linked cluster)
248554b4-020b-4530-aa33-f0dff5ff086c,ב ה,wa-120363409557,False,none,conversational_noise,"short fragment (2 word(s)), no gematria-research vocabulary -- WhatsApp chat filler/interjection"
2fdefa78-29a9-4b2d-b3ef-d03fcf5fa7de,יהסוץ,wa-120363409557,False,none,conversational_noise,"short fragment (1 word(s)), no gematria-research vocabulary -- WhatsApp chat filler/interjection"
5206af5d-bc94-4fab-bc6d-3c9f462ba035,צביקה,wa-120363409557,False,none,conversational_noise,"short fragment (1 word(s)), no gematria-research vocabulary -- WhatsApp chat filler/interjection"
7fb91ad9-3237-49bd-8d1f-cd503641fe05,פתח שער,wa-120363409557,False,none,conversational_noise,"short fragment (2 word(s)), no gematria-research vocabulary -- WhatsApp chat filler/interjection"
012a8715-a01b-4a21-bc20-f37810ee3e91,וגם שמעון ועוד ג,wa-deep,False,none,archival_raw,"ordinary WhatsApp conversation fragment, not corrupted, no gematria-method vocabulary, not verified -- kept as raw archival record, NOT assumed garbage"
17c9f71a-fe0f-4276-998b-18b785187e4d,סוד הגאולה כאן,wa-deep,True,bidim,research_package,verified=True + connectivity=bidim (the 90-row confirmed/cross-linked cluster)
1a5c18cc-0d50-42f5-b050-515b82863acf,מחר זה י ט תמוז,wa-deep,False,none,archival_raw,"ordinary WhatsApp conversation fragment, not corrupted, no gematria-method vocabulary, not verified -- kept as raw archival record, NOT assumed garbage"
2033e87b-0075-4072-a8ae-7d43f97083d1,ב ה אברהם,wa-deep,False,none,archival_raw,"ordinary WhatsApp conversation fragment, not corrupted, no gematria-method vocabulary, not verified -- kept as raw archival record, NOT assumed garbage"
23ea90df-84b8-49c1-b184-92051ea1eb0d,הרב עמוס גואטה נדקר,wa-deep,False,none,human_review,PII/violence/named-real-person marker detected in phrase text
2a29042e-1ccd-4c61-a76a-b25a1c7cf7d9,כן זה מופיע בסרטון הזה שעשיתי לפני עשור,wa-deep,False,none,archival_raw,"ordinary WhatsApp conversation fragment, not corrupted, no gematria-method vocabulary, not verified -- kept as raw archival record, NOT assumed garbage"
30ce1888-8ef2-420f-85b0-602c4f012ab0,הארת פנים חלק ד מביא ששה חלקי פסוקים שהגימטריא שלהם,wa-deep,False,none,research_vocabulary,"contains explicit gematria-research vocabulary (גימטריא/פסוק/מילוי/אתבש/etc) -- legitimate research fragment, unverified"
350abea6-68f1-40bb-958b-0201a21787f1,אתב ש שמעון,wa-deep,False,none,research_vocabulary,"contains explicit gematria-research vocabulary (גימטריא/פסוק/מילוי/אתבש/etc) -- legitimate research fragment, unverified"
3b75c999-d39b-4fdf-b87c-aa0e5fe89a80,משה באתב ש זה צבי,wa-deep,False,none,research_vocabulary,"contains explicit gematria-research vocabulary (גימטריא/פסוק/מילוי/אתבש/etc) -- legitimate research fragment, unverified"
3c171e77-15fe-4338-8d77-84d537eac41d,צביקה בגימטריא גור אריה יהודה,wa-deep,False,none,research_vocabulary,"contains explicit gematria-research vocabulary (גימטריא/פסוק/מילוי/אתבש/etc) -- legitimate research fragment, unverified"
50698932-dc27-4fc6-9591-0c63e0f6fc4f,רצח הרב המקובל עמוס גואטה,wa-deep,False,none,human_review,PII/violence/named-real-person marker detected in phrase text
519d0470-0e33-4fa6-9cac-0d45cc8d5fd5,גם צביקה גימטריא אינסוף,wa-deep,False,none,research_vocabulary,"contains explicit gematria-research vocabulary (גימטריא/פסוק/מילוי/אתבש/etc) -- legitimate research fragment, unverified"
5a4f7a79-18a2-4958-8aa3-e318ea3eea89,אכן צריך רחמי שמים רחמנא,wa-deep,False,none,archival_raw,"ordinary WhatsApp conversation fragment, not corrupted, no gematria-method vocabulary, not verified -- kept as raw archival record, NOT assumed garbage"
5c345c85-611d-46b9-b71d-d509873ae6b5,צבי בגימטריה של מכפלה,wa-deep,False,none,research_vocabulary,"contains explicit gematria-research vocabulary (גימטריא/פסוק/מילוי/אתבש/etc) -- legitimate research fragment, unverified"
6c6b5b6a-b242-43cc-b92b-6a79deda5d6d,ירד מפה,wa-deep,False,none,conversational_noise,"short fragment (2 word(s)), no gematria-research vocabulary -- WhatsApp chat filler/interjection"
7bc53210-9e4c-4891-af11-3625298bce6a,תן לי גימטריות על שמי צבי,wa-deep,False,none,research_vocabulary,"contains explicit gematria-research vocabulary (גימטריא/פסוק/מילוי/אתבש/etc) -- legitimate research fragment, unverified"
7eba2073-849f-4544-9e9f-9fd23ee5fb84,פזטיב,wa-deep,False,aliases,conversational_noise,"short fragment (1 word(s)), no gematria-research vocabulary -- WhatsApp chat filler/interjection"
825a305c-40e0-4c59-a17a-6e9228a99876,ערכי אותיות סופיות ך,wa-deep,False,none,archival_raw,"ordinary WhatsApp conversation fragment, not corrupted, no gematria-method vocabulary, not verified -- kept as raw archival record, NOT assumed garbage"
87a7c1bc-98c0-4314-ba4e-b1b38f20ab47,רבי עמוס גואטה נרצח בדקירה עם סכין,wa-deep,False,none,human_review,PII/violence/named-real-person marker detected in phrase text
8f41eb5a-a2d8-42d4-aa32-29f9a369bc25,צבי גימטריא טוב,wa-deep,False,none,research_vocabulary,"contains explicit gematria-research vocabulary (גימטריא/פסוק/מילוי/אתבש/etc) -- legitimate research fragment, unverified"
92f54407-a350-483e-af5b-a98bd035a1f3,חיובי,wa-deep,False,none,conversational_noise,"short fragment (1 word(s)), no gematria-research vocabulary -- WhatsApp chat filler/interjection"
b7588371-9900-4d83-92d3-2de0884716ab,פתח אליהו הנביא זכור לטוב ואמר,wa-deep,False,none,archival_raw,"ordinary WhatsApp conversation fragment, not corrupted, no gematria-method vocabulary, not verified -- kept as raw archival record, NOT assumed garbage"
c73d47b6-2cbe-4794-b616-e177e38ff116,פרידה,wa-deep,False,none,conversational_noise,"short fragment (1 word(s)), no gematria-research vocabulary -- WhatsApp chat filler/interjection"
d4b9e71b-90c4-4523-86be-357edec00187,מפריד ים,wa-deep,False,none,conversational_noise,"short fragment (2 word(s)), no gematria-research vocabulary -- WhatsApp chat filler/interjection"
d823d96a-567b-4a3f-b645-9c74141d0897,עבודה זרה והגיהנם גימטרית המילוי של גיהנם היא גימל יוד הה נון מם,wa-deep,False,none,research_vocabulary,"contains explicit gematria-research vocabulary (גימטריא/פסוק/מילוי/אתבש/etc) -- legitimate research fragment, unverified"
eb14cf0f-5d0d-44a3-9906-98de0e8b43d8,דרים,wa-deep,False,aliases,conversational_noise,"short fragment (1 word(s)), no gematria-research vocabulary -- WhatsApp chat filler/interjection"
ee464356-eb3a-4f05-a269-cc5566e6e5ee,ענוים ענוים ענוים ענוים הגיע זמן גאולתכם ענוים ענוים,wa-deep,False,none,archival_raw,"ordinary WhatsApp conversation fragment, not corrupted, no gematria-method vocabulary, not verified -- kept as raw archival record, NOT assumed garbage"
f7820bff-0846-475b-a185-9cac69e4b695,צבי יקר שלי רואים את הטוב שבצירופים גיהנם,wa-deep,False,none,archival_raw,"ordinary WhatsApp conversation fragment, not corrupted, no gematria-method vocabulary, not verified -- kept as raw archival record, NOT assumed garbage"
0afc9a6d-4716-4509-9f97-6db861c62d2e,השמדת איראן,wa-gilui-yomi,True,bidim,research_package,verified=True + connectivity=bidim (the 90-row confirmed/cross-linked cluster)
1beb66ea-2725-43cb-aa2f-6e6df0cb6c99,הפסקת האש הזמנית עם איראן,wa-gilui-yomi,True,bidim,research_package,verified=True + connectivity=bidim (the 90-row confirmed/cross-linked cluster)
348a84a5-f04b-489f-b548-992506f9110c,מלחמת איראן השלישית,wa-gilui-yomi,True,bidim,research_package,verified=True + connectivity=bidim (the 90-row confirmed/cross-linked cluster)
41a9cf95-1c71-477a-a691-8dac502a1e45,המשיח בן יוסף ומשיח בן דויד,wa-gilui-yomi,True,bidim,research_package,verified=True + connectivity=bidim (the 90-row confirmed/cross-linked cluster)
5edeb52e-d746-491a-889c-443b90916735,אור המשיח אמת,wa-gilui-yomi,True,bidim,research_package,verified=True + connectivity=bidim (the 90-row confirmed/cross-linked cluster)
788d011e-ce15-40b7-8ac1-b81db911a063,סוד אחד שתים שלש שבע,wa-gilui-yomi,True,bidim,research_package,verified=True + connectivity=bidim (the 90-row confirmed/cross-linked cluster)
8e311898-3755-40ae-9d8e-4f41cc29f85f,מוגתבא חמינאי מת,wa-gilui-yomi,True,bidim,research_package,verified=True + connectivity=bidim (the 90-row confirmed/cross-linked cluster)
9e99422d-5856-43b2-9527-5da52832b442,ישראל ארהב איראן,wa-gilui-yomi,True,bidim,research_package,verified=True + connectivity=bidim (the 90-row confirmed/cross-linked cluster)
c2f366c4-1542-4c73-ac43-d5816fca27a3,המשיח פועל במעשים,wa-gilui-yomi,True,bidim,research_package,verified=True + connectivity=bidim (the 90-row confirmed/cross-linked cluster)
c31149b2-7182-4369-862b-003c006d36bf,וגאלך קדוש ישראל,wa-gilui-yomi,True,bidim,research_package,verified=True + connectivity=bidim (the 90-row confirmed/cross-linked cluster)
6b8b9d04-d203-4083-87a8-d11607669575,השיחם,wa-torat-haremez,True,bidim,research_package,verified=True + connectivity=bidim (the 90-row confirmed/cross-linked cluster)
003c7610-a4b4-4567-b712-9121c30aeccb,גרסיאס,wa-vip,True,bidim,research_package,verified=True + connectivity=bidim (the 90-row confirmed/cross-linked cluster)
0083544e-35e2-4541-91fd-abd4956942f7,אם ניקח את גימטרית פסוק,wa-vip,False,none,research_vocabulary,"contains explicit gematria-research vocabulary (גימטריא/פסוק/מילוי/אתבש/etc) -- legitimate research fragment, unverified"
021019e4-ab74-4b17-8184-1221dedd3f12,כה אמר השם,wa-vip,True,bidim,research_package,verified=True + connectivity=bidim (the 90-row confirmed/cross-linked cluster)
02c49add-d8ac-482a-a84f-8785b20ee98d,צ צב צבי,wa-vip,False,none,archival_raw,"ordinary WhatsApp conversation fragment, not corrupted, no gematria-method vocabulary, not verified -- kept as raw archival record, NOT assumed garbage"
03040907-5711-410b-8569-754e63c5a658,תפארתך,wa-vip,False,none,conversational_noise,"short fragment (1 word(s)), no gematria-research vocabulary -- WhatsApp chat filler/interjection"
04588c76-3675-42b6-be6e-ec69849f985c,פסח סחף,wa-vip,False,none,conversational_noise,"short fragment (2 word(s)), no gematria-research vocabulary -- WhatsApp chat filler/interjection"
054491d5-63d1-437a-90fe-78dde92e16b7,חסרים,wa-vip,False,none,conversational_noise,"short fragment (1 word(s)), no gematria-research vocabulary -- WhatsApp chat filler/interjection"
0645cf9e-a2da-48d2-943c-ee1c1d7cc4e3,נטרתי,wa-vip,True,bidim,research_package,verified=True + connectivity=bidim (the 90-row confirmed/cross-linked cluster)
070a5597-4d6e-4350-9849-a79c1484666e,אמ,wa-vip,False,none,conversational_noise,"short fragment (1 word(s)), no gematria-research vocabulary -- WhatsApp chat filler/interjection"
08309fbc-1e8e-4974-948e-4c15298ab26e,אתם מקרבים את הגאולה האחרונה,wa-vip,False,none,archival_raw,"ordinary WhatsApp conversation fragment, not corrupted, no gematria-method vocabulary, not verified -- kept as raw archival record, NOT assumed garbage"
08b0e060-558c-4a8a-a67d-162ff37ed6b4,אשר אני נתן,wa-vip,False,none,archival_raw,"ordinary WhatsApp conversation fragment, not corrupted, no gematria-method vocabulary, not verified -- kept as raw archival record, NOT assumed garbage"
09cb5f60-5017-470c-90f3-0ed31fb80aeb,משמע מזה,wa-vip,False,none,conversational_noise,"short fragment (2 word(s)), no gematria-research vocabulary -- WhatsApp chat filler/interjection"
0a25f601-185b-461c-9ef8-f99c42407f65,הכח של מעט חסד,wa-vip,False,none,archival_raw,"ordinary WhatsApp conversation fragment, not corrupted, no gematria-method vocabulary, not verified -- kept as raw archival record, NOT assumed garbage"
0b794371-2a8b-4c65-b8ec-aea6713e7524,קטע הפסוק הזה בדיוק גימטריא,wa-vip,False,none,research_vocabulary,"contains explicit gematria-research vocabulary (גימטריא/פסוק/מילוי/אתבש/etc) -- legitimate research fragment, unverified"
0b94f379-cfac-420e-8b32-f53093dab17c,מי הוא זה מלך הכבוד י,wa-vip,False,none,archival_raw,"ordinary WhatsApp conversation fragment, not corrupted, no gematria-method vocabulary, not verified -- kept as raw archival record, NOT assumed garbage"
0bb7cc1f-25d0-498d-bd7a-afbb193cc293,הפסוק מופיע מספר פעמים בתנ,wa-vip,False,none,research_vocabulary,"contains explicit gematria-research vocabulary (גימטריא/פסוק/מילוי/אתבש/etc) -- legitimate research fragment, unverified"
0ca356a4-c072-4c0d-ac9c-1bc8518212cf,הוא מספר הופעות שם י,wa-vip,False,none,archival_raw,"ordinary WhatsApp conversation fragment, not corrupted, no gematria-method vocabulary, not verified -- kept as raw archival record, NOT assumed garbage"
0e9ecb5e-b288-4bb7-a0c6-6775c8845885,המספר והעולם,wa-vip,False,none,conversational_noise,"short fragment (2 word(s)), no gematria-research vocabulary -- WhatsApp chat filler/interjection"
0f504a73-c78d-4dc6-8f84-0c2939b4d134,ת מחלוקת הלל שמאי,wa-vip,False,none,archival_raw,"ordinary WhatsApp conversation fragment, not corrupted, no gematria-method vocabulary, not verified -- kept as raw archival record, NOT assumed garbage"
114625b6-6952-4c0a-8146-9d6293a5991f,מילוי מיכאל,wa-vip,False,none,research_vocabulary,"contains explicit gematria-research vocabulary (גימטריא/פסוק/מילוי/אתבש/etc) -- legitimate research fragment, unverified"
119f9876-fcff-4310-a0ea-8572722f3b02,אמונה שלימה,wa-vip,True,bidim,research_package,verified=True + connectivity=bidim (the 90-row confirmed/cross-linked cluster)
11f8bf2c-5f51-4ef9-883e-f949c4591e8b,פסוק יחודי על,wa-vip,False,none,research_vocabulary,"contains explicit gematria-research vocabulary (גימטריא/פסוק/מילוי/אתבש/etc) -- legitimate research fragment, unverified"
124801fc-aca1-4718-8b56-1ac9663dffa6,דומה דודי לצבי,wa-vip,False,none,archival_raw,"ordinary WhatsApp conversation fragment, not corrupted, no gematria-method vocabulary, not verified -- kept as raw archival record, NOT assumed garbage"
13a1d0b4-ad0c-45d5-9e65-039a1e1f4a21,והזהרתם,wa-vip,True,bidim,research_package,verified=True + connectivity=bidim (the 90-row confirmed/cross-linked cluster)
13c172ce-bff6-4b82-a434-a273ecae618c,שנת הכתר העליון,wa-vip,False,none,archival_raw,"ordinary WhatsApp conversation fragment, not corrupted, no gematria-method vocabulary, not verified -- kept as raw archival record, NOT assumed garbage"
1464fa0c-f9cc-49f4-be8a-90f09207af2f,וזהו חסד יחודי,wa-vip,False,none,archival_raw,"ordinary WhatsApp conversation fragment, not corrupted, no gematria-method vocabulary, not verified -- kept as raw archival record, NOT assumed garbage"
1559fbb7-06f7-46c2-ab6b-8f16618dbd7e,משיח במילוי,wa-vip,False,none,research_vocabulary,"contains explicit gematria-research vocabulary (גימטריא/פסוק/מילוי/אתבש/etc) -- legitimate research fragment, unverified"
15c8d014-ce90-41a2-acd5-5d5b06866e33,פתרנים,wa-vip,False,none,conversational_noise,"short fragment (1 word(s)), no gematria-research vocabulary -- WhatsApp chat filler/interjection"
15f5ba89-1ba2-4a00-8e44-97c9f7510050,מערכת של קרניים,wa-vip,False,none,archival_raw,"ordinary WhatsApp conversation fragment, not corrupted, no gematria-method vocabulary, not verified -- kept as raw archival record, NOT assumed garbage"
1659cfdd-2a36-47b2-a437-afdaa1413c66,גימטריא תרי,wa-vip,False,none,research_vocabulary,"contains explicit gematria-research vocabulary (גימטריא/פסוק/מילוי/אתבש/etc) -- legitimate research fragment, unverified"
16661f81-b22c-4b79-959d-a57dbfdeaed1,בין הבתרים,wa-vip,False,none,conversational_noise,"short fragment (2 word(s)), no gematria-research vocabulary -- WhatsApp chat filler/interjection"
172be3e6-1b8d-4bbb-8edd-ca56aea6da21,סוד עולם,wa-vip,False,none,conversational_noise,"short fragment (2 word(s)), no gematria-research vocabulary -- WhatsApp chat filler/interjection"
1731706f-04cb-49b3-89a1-cc493280a725,ספסיבה,wa-vip,True,bidim,research_package,verified=True + connectivity=bidim (the 90-row confirmed/cross-linked cluster)
1770c65c-a9f4-4906-b70c-6f9646a3fc84,תפארתך בגימטריא,wa-vip,False,none,research_vocabulary,"contains explicit gematria-research vocabulary (גימטריא/פסוק/מילוי/אתבש/etc) -- legitimate research fragment, unverified"
1805c871-4e84-4014-917a-b04ca7f8f994,סוגרת,wa-vip,True,bidim,research_package,verified=True + connectivity=bidim (the 90-row confirmed/cross-linked cluster)
19639f14-d95e-4862-9110-7a9bd61d4cb3,קריסטל,wa-vip,True,bidim,research_package,verified=True + connectivity=bidim (the 90-row confirmed/cross-linked cluster)
197c18ea-d9c0-4675-bf63-68e9bade41ba,זה מחיש,wa-vip,False,none,conversational_noise,"short fragment (2 word(s)), no gematria-research vocabulary -- WhatsApp chat filler/interjection"
198ec67a-bad2-4cad-9298-34ad7c944dbd,צבאות הוא מלך הכבוד סלה,wa-vip,False,none,archival_raw,"ordinary WhatsApp conversation fragment, not corrupted, no gematria-method vocabulary, not verified -- kept as raw archival record, NOT assumed garbage"
19cab78e-330d-4a13-a8da-a697e1525e87,להבין באנגלית,wa-vip,False,none,conversational_noise,"short fragment (2 word(s)), no gematria-research vocabulary -- WhatsApp chat filler/interjection"
1b0bc227-eac3-4186-8283-1698dbcc1b33,אין בכל התנ,wa-vip,False,none,archival_raw,"ordinary WhatsApp conversation fragment, not corrupted, no gematria-method vocabulary, not verified -- kept as raw archival record, NOT assumed garbage"
1c50644f-d197-4c74-aaa9-36563bb2c683,בפסוק,wa-vip,False,none,research_vocabulary,"contains explicit gematria-research vocabulary (גימטריא/פסוק/מילוי/אתבש/etc) -- legitimate research fragment, unverified"
1f02027b-6f48-4b59-bab4-8fa9137b1787,יעקב מתברך ונאמר לו במקעבר יבק,wa-vip,False,none,archival_raw,"ordinary WhatsApp conversation fragment, not corrupted, no gematria-method vocabulary, not verified -- kept as raw archival record, NOT assumed garbage"
1f03036a-1577-4541-8118-b51432cbac41,בספר שמות,wa-vip,False,none,research_vocabulary,"contains explicit gematria-research vocabulary (גימטריא/פסוק/מילוי/אתבש/etc) -- legitimate research fragment, unverified"
1fa0f001-dfbf-43bb-9858-448b1aeff6b4,ליראיו,wa-vip,False,none,conversational_noise,"short fragment (1 word(s)), no gematria-research vocabulary -- WhatsApp chat filler/interjection"
2017c53d-53fe-4ff4-8e14-c1d6ae8c8d19,שמע ישראל וכ,wa-vip,False,none,archival_raw,"ordinary WhatsApp conversation fragment, not corrupted, no gematria-method vocabulary, not verified -- kept as raw archival record, NOT assumed garbage"
2037ed50-8bdd-4341-8a1f-5725c37f067a,בספר מלכים א,wa-vip,False,none,research_vocabulary,"contains explicit gematria-research vocabulary (גימטריא/פסוק/מילוי/אתבש/etc) -- legitimate research fragment, unverified"
23c04c0a-7269-48a9-b070-a71058a56af3,מחשב חכם,wa-vip,True,bidim,research_package,verified=True + connectivity=bidim (the 90-row confirmed/cross-linked cluster)
2424abc4-0198-4c05-841d-2911d3d6c34e,חח,wa-vip,False,none,conversational_noise,"short fragment (1 word(s)), no gematria-research vocabulary -- WhatsApp chat filler/interjection"
24e6feda-1ed4-4971-b236-44f7497849eb,שרית בגימטריא עשר פעמים מלאך,wa-vip,False,none,research_vocabulary,"contains explicit gematria-research vocabulary (גימטריא/פסוק/מילוי/אתבש/etc) -- legitimate research fragment, unverified"
255b2527-3816-42d2-9737-b0bb9b7b7cbc,טנקיו,wa-vip,True,bidim,research_package,verified=True + connectivity=bidim (the 90-row confirmed/cross-linked cluster)
265ef0f3-9da2-40d0-9e5f-41184198371a,ועשית,wa-vip,True,bidim,research_package,verified=True + connectivity=bidim (the 90-row confirmed/cross-linked cluster)
265fda3c-4d43-45eb-a73c-4b78c026b671,צבי צבי,wa-vip,False,none,conversational_noise,"short fragment (2 word(s)), no gematria-research vocabulary -- WhatsApp chat filler/interjection"
26ebbf8d-67a7-4a21-9a33-874345ab5297,רחום בגימטריא,wa-vip,False,none,research_vocabulary,"contains explicit gematria-research vocabulary (גימטריא/פסוק/מילוי/אתבש/etc) -- legitimate research fragment, unverified"
27d341bd-8928-4173-a329-d592273384ad,עמוקים,wa-vip,False,none,conversational_noise,"short fragment (1 word(s)), no gematria-research vocabulary -- WhatsApp chat filler/interjection"
2a4ab618-88ef-4f13-86fc-abad15d3ecd4,עין קום,wa-vip,False,none,conversational_noise,"short fragment (2 word(s)), no gematria-research vocabulary -- WhatsApp chat filler/interjection"
2acedef1-8eac-4421-b401-86bf6ad14845,תדמיין,wa-vip,False,aliases,conversational_noise,"short fragment (1 word(s)), no gematria-research vocabulary -- WhatsApp chat filler/interjection"
2ad74b4b-6ab5-4472-87e2-8a416e13c5b2,ה בתורה שבכתב,wa-vip,False,none,research_vocabulary,"contains explicit gematria-research vocabulary (גימטריא/פסוק/מילוי/אתבש/etc) -- legitimate research fragment, unverified"
2c46494c-3faf-4916-a65f-196e8017b805,אבל אם ניקח,wa-vip,False,none,archival_raw,"ordinary WhatsApp conversation fragment, not corrupted, no gematria-method vocabulary, not verified -- kept as raw archival record, NOT assumed garbage"
2d9be3c4-4d61-47de-829a-42cb011a27d6,שמות כה,wa-vip,False,none,conversational_noise,"short fragment (2 word(s)), no gematria-research vocabulary -- WhatsApp chat filler/interjection"
2e57c5a8-71de-4a22-ae70-fed97fb4f6d6,וזרתים,wa-vip,True,bidim,research_package,verified=True + connectivity=bidim (the 90-row confirmed/cross-linked cluster)
2ec5e761-8d08-446d-9852-ff9416030482,מדוע באתי ואין איש קראתי ואין עונה,wa-vip,False,none,archival_raw,"ordinary WhatsApp conversation fragment, not corrupted, no gematria-method vocabulary, not verified -- kept as raw archival record, NOT assumed garbage"
2ef0b784-7626-4970-ad59-07a36bcf20d9,סגרת,wa-vip,True,bidim,research_package,verified=True + connectivity=bidim (the 90-row confirmed/cross-linked cluster)
2f6aef6f-3914-4f6a-b473-ac6c5c8ba50b,מים ורחצו,wa-vip,False,none,conversational_noise,"short fragment (2 word(s)), no gematria-research vocabulary -- WhatsApp chat filler/interjection"
2f77ff24-1818-4020-ba54-bc08e983f2b4,זה לא מצחיק,wa-vip,False,none,archival_raw,"ordinary WhatsApp conversation fragment, not corrupted, no gematria-method vocabulary, not verified -- kept as raw archival record, NOT assumed garbage"
2f7e1fa9-2e5a-4dc2-b3b2-3275049027c0,יעקב בגימטריא פעמיים מלאך,wa-vip,False,none,research_vocabulary,"contains explicit gematria-research vocabulary (גימטריא/פסוק/מילוי/אתבש/etc) -- legitimate research fragment, unverified"
31188cd1-1909-44c9-af07-bf695144491d,שנזכה לצוף בים החכמה,wa-vip,False,none,archival_raw,"ordinary WhatsApp conversation fragment, not corrupted, no gematria-method vocabulary, not verified -- kept as raw archival record, NOT assumed garbage"
32087725-a879-44b0-aa6d-a6166c4d5c90,ש שמעון,wa-vip,False,none,conversational_noise,"short fragment (2 word(s)), no gematria-research vocabulary -- WhatsApp chat filler/interjection"
327767c8-6bd5-4ff0-9a05-3456a91ceca9,סוד י,wa-vip,False,none,conversational_noise,"short fragment (2 word(s)), no gematria-research vocabulary -- WhatsApp chat filler/interjection"
332ba76f-7cf9-42f2-8c53-a1807ce5f863,טבע בים,wa-vip,False,none,conversational_noise,"short fragment (2 word(s)), no gematria-research vocabulary -- WhatsApp chat filler/interjection"
336fd949-3c99-4e71-a842-ed1c08e84878,שין,wa-vip,False,none,conversational_noise,"short fragment (1 word(s)), no gematria-research vocabulary -- WhatsApp chat filler/interjection"
349f14ad-4640-44e9-800d-daaadaf1b200,במועצותיהם,wa-vip,True,bidim,research_package,verified=True + connectivity=bidim (the 90-row confirmed/cross-linked cluster)
35411247-4aa5-401f-9e08-b4b38fc70ebc,ללא גבול בגימטריא,wa-vip,False,none,research_vocabulary,"contains explicit gematria-research vocabulary (גימטריא/פסוק/מילוי/אתבש/etc) -- legitimate research fragment, unverified"
36675aad-291b-4a41-9f32-5bcd3e1d2d6f,טחורים,wa-vip,True,bidim,research_package,verified=True + connectivity=bidim (the 90-row confirmed/cross-linked cluster)
36ed16b2-2687-470e-8494-27362a0ea465,ברוכה הבאה ענת יקרה,wa-vip,False,none,archival_raw,"ordinary WhatsApp conversation fragment, not corrupted, no gematria-method vocabulary, not verified -- kept as raw archival record, NOT assumed garbage"
38c09f9f-8538-4bab-afa6-3e91f1a348b7,אגם צרפי,wa-vip,True,bidim,research_package,verified=True + connectivity=bidim (the 90-row confirmed/cross-linked cluster)
39189c26-bcb2-4556-a2d1-6866dcba862a,תפילה לביאת המשיח,wa-vip,True,bidim,research_package,verified=True + connectivity=bidim (the 90-row confirmed/cross-linked cluster)
39f102a6-0943-459f-9053-407dc8a480bb,לעומת מלך בשר ודם,wa-vip,True,bidim,research_package,verified=True + connectivity=bidim (the 90-row confirmed/cross-linked cluster)
3a17bf0e-fee4-422e-adc8-95f9e0a54837,ה בחמשת חומשי התורה,wa-vip,False,none,archival_raw,"ordinary WhatsApp conversation fragment, not corrupted, no gematria-method vocabulary, not verified -- kept as raw archival record, NOT assumed garbage"
3a37d6e0-de63-445f-9a98-c90cc259e49b,צדיק בגימטריא,wa-vip,False,none,research_vocabulary,"contains explicit gematria-research vocabulary (גימטריא/פסוק/מילוי/אתבש/etc) -- legitimate research fragment, unverified"
3b4f7741-a548-4cc2-9c97-442cbddec7b7,מה שנזכה בעזרת השם,wa-vip,False,none,archival_raw,"ordinary WhatsApp conversation fragment, not corrupted, no gematria-method vocabulary, not verified -- kept as raw archival record, NOT assumed garbage"
3bd02393-027d-4e95-946b-eaa7fa53b9f1,תדמין,wa-vip,False,none,conversational_noise,"short fragment (1 word(s)), no gematria-research vocabulary -- WhatsApp chat filler/interjection"
3ce2ec8d-f1b1-4bc0-819d-408266d95073,בן ריאלז,wa-vip,False,none,conversational_noise,"short fragment (2 word(s)), no gematria-research vocabulary -- WhatsApp chat filler/interjection"
3d73d626-9ec0-4a0e-9e6c-61b1bfc0858e,כך גם הקב,wa-vip,False,none,archival_raw,"ordinary WhatsApp conversation fragment, not corrupted, no gematria-method vocabulary, not verified -- kept as raw archival record, NOT assumed garbage"
3d7eb266-2175-44b0-b8af-87157c7d4fca,קדשה,wa-vip,True,bidim,research_package,verified=True + connectivity=bidim (the 90-row confirmed/cross-linked cluster)
3e7aaa97-7847-408a-ae24-52ad99a62872,ימים רצופים בגימטריא,wa-vip,False,none,research_vocabulary,"contains explicit gematria-research vocabulary (גימטריא/פסוק/מילוי/אתבש/etc) -- legitimate research fragment, unverified"
3f487690-b2a6-46ee-add2-407d74b832b4,ט פסוק י,wa-vip,False,none,research_vocabulary,"contains explicit gematria-research vocabulary (גימטריא/פסוק/מילוי/אתבש/etc) -- legitimate research fragment, unverified"
3ffa730d-bd24-4f3d-976c-a63ab304b75e,נעשה וגם נשמע,wa-vip,False,none,archival_raw,"ordinary WhatsApp conversation fragment, not corrupted, no gematria-method vocabulary, not verified -- kept as raw archival record, NOT assumed garbage"
409469f0-ba4e-4847-8cc0-32109a5df5fe,זה סוד הכח של עם ישראל,wa-vip,False,none,archival_raw,"ordinary WhatsApp conversation fragment, not corrupted, no gematria-method vocabulary, not verified -- kept as raw archival record, NOT assumed garbage"
40baa682-6d63-45f4-8e9a-5dd287cfb8c7,וגדרתים,wa-vip,True,bidim,research_package,verified=True + connectivity=bidim (the 90-row confirmed/cross-linked cluster)
40f3d7dd-01d3-42dc-9178-08c7b691c246,שלשול,wa-vip,True,bidim,research_package,verified=True + connectivity=bidim (the 90-row confirmed/cross-linked cluster)
47590e3a-7ff0-44e8-83bc-43e24b63cd16,אתב,wa-vip,False,none,research_vocabulary,"contains explicit gematria-research vocabulary (גימטריא/פסוק/מילוי/אתבש/etc) -- legitimate research fragment, unverified"
47c045c8-bfd6-4c59-94ac-3d64b2efb7b4,אח שימחת,wa-vip,False,none,conversational_noise,"short fragment (2 word(s)), no gematria-research vocabulary -- WhatsApp chat filler/interjection"
47c88780-44db-43a7-8344-f019f5a7b6f4,סין רוסיה איראן,wa-vip,True,bidim,research_package,verified=True + connectivity=bidim (the 90-row confirmed/cross-linked cluster)
4a69d6e4-892e-42f4-a385-96832cce04b7,השורש של,wa-vip,False,none,conversational_noise,"short fragment (2 word(s)), no gematria-research vocabulary -- WhatsApp chat filler/interjection"
4b7eaff9-4a01-4714-b01c-20599225858d,התשפו נלך,wa-vip,False,none,conversational_noise,"short fragment (2 word(s)), no gematria-research vocabulary -- WhatsApp chat filler/interjection"
4d54a949-36ea-4ba7-9947-dc52ac4541e1,בכתיב מלא נקבל,wa-vip,False,none,research_vocabulary,"contains explicit gematria-research vocabulary (גימטריא/פסוק/מילוי/אתבש/etc) -- legitimate research fragment, unverified"
4fa78d4b-f5ab-4d6d-a89b-973054570f2d,חיבור לכתר בחודש אדר,wa-vip,False,none,archival_raw,"ordinary WhatsApp conversation fragment, not corrupted, no gematria-method vocabulary, not verified -- kept as raw archival record, NOT assumed garbage"
4fdef4ec-08d5-4ee6-9de0-a0f86317860c,שזאת שמירה חזקה מאד,wa-vip,False,none,archival_raw,"ordinary WhatsApp conversation fragment, not corrupted, no gematria-method vocabulary, not verified -- kept as raw archival record, NOT assumed garbage"
4ffe529f-a4b9-434e-9ef4-b72ada00010d,באדרתו בגימטריא תריג,wa-vip,False,none,research_vocabulary,"contains explicit gematria-research vocabulary (גימטריא/פסוק/מילוי/אתבש/etc) -- legitimate research fragment, unverified"
503a42a9-223d-4ce5-b67a-a4e9fa503701,אחרנית,wa-vip,True,bidim,research_package,verified=True + connectivity=bidim (the 90-row confirmed/cross-linked cluster)
50970d39-3fb3-4fb4-bad4-cc5003bc7be4,כף סופית קמוצה,wa-vip,False,none,research_vocabulary,"contains explicit gematria-research vocabulary (גימטריא/פסוק/מילוי/אתבש/etc) -- legitimate research fragment, unverified"
51208173-a457-40d1-a980-06e81b9f68f8,כי שרית ושמו הופך מיעקב לישראל,wa-vip,True,bidim,research_package,verified=True + connectivity=bidim (the 90-row confirmed/cross-linked cluster)
55e6c3a8-e115-49fe-84be-a2e657aeebef,לשון מנח,wa-vip,False,none,conversational_noise,"short fragment (2 word(s)), no gematria-research vocabulary -- WhatsApp chat filler/interjection"
5718ed3e-9cdf-4b88-9029-815847a4dcc2,גליכם ו,wa-vip,False,none,conversational_noise,"short fragment (2 word(s)), no gematria-research vocabulary -- WhatsApp chat filler/interjection"
574b9465-c039-4dda-8ebf-7ef80f63bfc6,יוצר אור ובורא חושך,wa-vip,True,bidim,research_package,verified=True + connectivity=bidim (the 90-row confirmed/cross-linked cluster)
5753e07e-521f-465b-b2ab-a9633d9d61cf,זאת התורה היהלום שבבית,wa-vip,False,none,archival_raw,"ordinary WhatsApp conversation fragment, not corrupted, no gematria-method vocabulary, not verified -- kept as raw archival record, NOT assumed garbage"
57f0632a-454d-40cd-afbf-6cb0523173f9,תהרגנה,wa-vip,False,none,conversational_noise,"short fragment (1 word(s)), no gematria-research vocabulary -- WhatsApp chat filler/interjection"
5823caf6-e550-4545-b9fe-d56b6515038a,שחכבמ אותיות אחרי שחכבמ מחשב חכם,wa-vip,False,none,research_vocabulary,"contains explicit gematria-research vocabulary (גימטריא/פסוק/מילוי/אתבש/etc) -- legitimate research fragment, unverified"
583d0cf7-d77e-4a47-8829-fed95356c1cd,אתמל היום מחר שלשית,wa-vip,False,none,archival_raw,"ordinary WhatsApp conversation fragment, not corrupted, no gematria-method vocabulary, not verified -- kept as raw archival record, NOT assumed garbage"
586a172d-e67d-4db9-918e-18aa87d3b287,זרם רמז,wa-vip,True,bidim,research_package,verified=True + connectivity=bidim (the 90-row confirmed/cross-linked cluster)
594311bc-2553-4b9c-9f55-8b4eb60acff5,בגימטריא עשר פעמים,wa-vip,False,none,research_vocabulary,"contains explicit gematria-research vocabulary (גימטריא/פסוק/מילוי/אתבש/etc) -- legitimate research fragment, unverified"
5be77e40-07df-4a3b-b7fc-b14f1680fb98,לגבי זה פלא גדול מאד,wa-vip,False,none,archival_raw,"ordinary WhatsApp conversation fragment, not corrupted, no gematria-method vocabulary, not verified -- kept as raw archival record, NOT assumed garbage"
5f8f724d-f22d-4c49-b876-bd8933a2aa25,היום אם בקולו תשמעו,wa-vip,True,bidim,research_package,verified=True + connectivity=bidim (the 90-row confirmed/cross-linked cluster)
6023e4fc-1158-4f64-bc6e-3a70afbe21d7,ועשו לי מקדש ושכנתי בתוכם,wa-vip,True,bidim,research_package,verified=True + connectivity=bidim (the 90-row confirmed/cross-linked cluster)
6034e18a-6cb6-40eb-a986-38c2058ab50b,משיח בן יהודה,wa-vip,True,bidim,research_package,verified=True + connectivity=bidim (the 90-row confirmed/cross-linked cluster)
60cd63f2-ba7a-4eb1-94fe-c9bd9465c811,ישועת,wa-vip,False,none,conversational_noise,"short fragment (1 word(s)), no gematria-research vocabulary -- WhatsApp chat filler/interjection"
62e28a84-34a4-4707-84ec-59a1df63000c,כפול עשרים,wa-vip,True,bidim,research_package,verified=True + connectivity=bidim (the 90-row confirmed/cross-linked cluster)
63c0556a-ee6e-4bba-b98d-6a71e330cbb5,אברהם הוא היחיד בתנ,wa-vip,False,none,research_vocabulary,"contains explicit gematria-research vocabulary (גימטריא/פסוק/מילוי/אתבש/etc) -- legitimate research fragment, unverified"
64802640-f426-4150-be44-eebaa4686e01,הגימטריה האחורית של,wa-vip,False,none,research_vocabulary,"contains explicit gematria-research vocabulary (גימטריא/פסוק/מילוי/אתבש/etc) -- legitimate research fragment, unverified"
6892556b-299d-430d-83d5-8a9c5f13f3ee,שתי הערות חשובות,wa-vip,False,none,archival_raw,"ordinary WhatsApp conversation fragment, not corrupted, no gematria-method vocabulary, not verified -- kept as raw archival record, NOT assumed garbage"
68f8c147-3a52-4c42-896c-6ce992589fc4,תסגר,wa-vip,True,bidim,research_package,verified=True + connectivity=bidim (the 90-row confirmed/cross-linked cluster)
690608cb-d4d0-413f-857d-ca8b2d4d35da,מסריח,wa-vip,False,none,conversational_noise,"short fragment (1 word(s)), no gematria-research vocabulary -- WhatsApp chat filler/interjection"
693b238e-6af5-4432-abce-21843a503e32,בספר יחזקאל,wa-vip,False,none,research_vocabulary,"contains explicit gematria-research vocabulary (גימטריא/פסוק/מילוי/אתבש/etc) -- legitimate research fragment, unverified"
6a092848-945b-4e63-8524-1aeb6a009c24,לא הכל מופיע בסרטון על,wa-vip,False,none,archival_raw,"ordinary WhatsApp conversation fragment, not corrupted, no gematria-method vocabulary, not verified -- kept as raw archival record, NOT assumed garbage"
6ea074a6-e4d8-4acd-aec4-b26105fd7a8a,רצח בניהו רזי,wa-vip,True,bidim,human_review,PII/violence/named-real-person marker detected in phrase text
6ec54a97-b7c2-4c58-869e-898b6626be4a,צדיקים,wa-vip,True,bidim,research_package,verified=True + connectivity=bidim (the 90-row confirmed/cross-linked cluster)
6f60bb7d-5f2d-4d5a-bbe0-6b2d48fa57fb,סימנתי ראשי תיבות,wa-vip,False,none,research_vocabulary,"contains explicit gematria-research vocabulary (גימטריא/פסוק/מילוי/אתבש/etc) -- legitimate research fragment, unverified"
7390dddc-74f5-49c8-a425-40395a5b1698,פיסורה,wa-vip,True,bidim,research_package,verified=True + connectivity=bidim (the 90-row confirmed/cross-linked cluster)
73b18b12-9b1b-4f88-abe8-5e1f92cbaf81,ו שנת ביאת המשיח,wa-vip,False,none,archival_raw,"ordinary WhatsApp conversation fragment, not corrupted, no gematria-method vocabulary, not verified -- kept as raw archival record, NOT assumed garbage"
74a79909-c77c-4059-b568-67a89efdcdb8,כלומר הכפלת כוחו של יעקב בפקטור,wa-vip,False,none,archival_raw,"ordinary WhatsApp conversation fragment, not corrupted, no gematria-method vocabulary, not verified -- kept as raw archival record, NOT assumed garbage"
75f27422-e6a4-4c22-9f5d-d2e86f342ee4,במילים אחרות,wa-vip,True,bidim,research_package,verified=True + connectivity=bidim (the 90-row confirmed/cross-linked cluster)
76a3d3c1-7ea5-4a12-aabf-1dc9ecb33da7,הצדיק יותר לעורר את מידת הרחמים,wa-vip,False,none,archival_raw,"ordinary WhatsApp conversation fragment, not corrupted, no gematria-method vocabulary, not verified -- kept as raw archival record, NOT assumed garbage"
76d0d815-eb3b-42de-9669-3e8d9e625d5a,מרסי,wa-vip,True,bidim,research_package,verified=True + connectivity=bidim (the 90-row confirmed/cross-linked cluster)
7738e430-fd85-405a-8e00-11e672320817,זהו פסוק משיר השירים,wa-vip,False,none,research_vocabulary,"contains explicit gematria-research vocabulary (גימטריא/פסוק/מילוי/אתבש/etc) -- legitimate research fragment, unverified"
7753fb14-35c1-4945-8596-19d3089811e1,יעקוב מתחלף באלב ם ל משפחה,wa-vip,False,none,archival_raw,"ordinary WhatsApp conversation fragment, not corrupted, no gematria-method vocabulary, not verified -- kept as raw archival record, NOT assumed garbage"
78c1b2e8-01c3-47e8-bb0c-f6b411735430,שחכבמ,wa-vip,False,none,conversational_noise,"short fragment (1 word(s)), no gematria-research vocabulary -- WhatsApp chat filler/interjection"
79671ddc-8a74-4907-8c7f-7c9011e892bc,מתי יבוא משיח,wa-vip,False,none,archival_raw,"ordinary WhatsApp conversation fragment, not corrupted, no gematria-method vocabulary, not verified -- kept as raw archival record, NOT assumed garbage"
7ab926ba-b989-42a5-b2a0-55a9f29dbddb,יש אחד ביקום שיקבל מדריגה וברכה שתושיט יד לתבל כולו דרך כל הנפשות,wa-vip,False,none,archival_raw,"ordinary WhatsApp conversation fragment, not corrupted, no gematria-method vocabulary, not verified -- kept as raw archival record, NOT assumed garbage"
7c218161-9e2b-41d3-8d02-a50a979f042a,צבי מבין צבי,wa-vip,False,none,archival_raw,"ordinary WhatsApp conversation fragment, not corrupted, no gematria-method vocabulary, not verified -- kept as raw archival record, NOT assumed garbage"
7cb01a2f-edf3-43d9-ba5e-93d573767abf,בים,wa-vip,False,none,conversational_noise,"short fragment (1 word(s)), no gematria-research vocabulary -- WhatsApp chat filler/interjection"
7d544feb-8053-4a0e-b8a7-6935edc84bfa,חכמת סופרים תסרח,wa-vip,False,none,archival_raw,"ordinary WhatsApp conversation fragment, not corrupted, no gematria-method vocabulary, not verified -- kept as raw archival record, NOT assumed garbage"
7f9b13db-276c-483a-a3d6-ffa8e03be736,שמראה על הסתר פנים נותנת,wa-vip,False,none,archival_raw,"ordinary WhatsApp conversation fragment, not corrupted, no gematria-method vocabulary, not verified -- kept as raw archival record, NOT assumed garbage"
802ab9cc-c181-43c2-80de-40787c0ed7ee,צבי באתב ש משה,wa-vip,False,none,research_vocabulary,"contains explicit gematria-research vocabulary (גימטריא/פסוק/מילוי/אתבש/etc) -- legitimate research fragment, unverified"
82c46246-91c8-430d-9cf1-c42dba6032eb,אחריתן,wa-vip,True,bidim,research_package,verified=True + connectivity=bidim (the 90-row confirmed/cross-linked cluster)
82ef9528-0262-4e4b-8b2c-e28b7b2fd996,תפילה היא הכלי זינו של משיח,wa-vip,False,none,archival_raw,"ordinary WhatsApp conversation fragment, not corrupted, no gematria-method vocabulary, not verified -- kept as raw archival record, NOT assumed garbage"
837200ec-7f66-4a39-88a7-6b1b88929a3d,חלום באנגלית,wa-vip,False,none,conversational_noise,"short fragment (2 word(s)), no gematria-research vocabulary -- WhatsApp chat filler/interjection"
842cbe86-23ee-478d-8745-9b66dd09dd69,אמונה אמונה בגימטריא,wa-vip,False,none,research_vocabulary,"contains explicit gematria-research vocabulary (גימטריא/פסוק/מילוי/אתבש/etc) -- legitimate research fragment, unverified"
848eda28-fda5-4a6e-bf6d-70682c118d5e,בגימטרית המילוי,wa-vip,False,none,research_vocabulary,"contains explicit gematria-research vocabulary (גימטריא/פסוק/מילוי/אתבש/etc) -- legitimate research fragment, unverified"
84a0b1e7-48d9-47e7-ae1a-b78a512daab8,החרמתי,wa-vip,True,bidim,research_package,verified=True + connectivity=bidim (the 90-row confirmed/cross-linked cluster)
84d0d4cb-e1e9-4028-a59e-c517b5ac02ee,אני גר בבית אליעזר בחדרה,wa-vip,False,none,human_review,PII/violence/named-real-person marker detected in phrase text
851d8db9-f4a8-4a38-a36a-580d8508e22e,והחרמתי,wa-vip,True,bidim,research_package,verified=True + connectivity=bidim (the 90-row confirmed/cross-linked cluster)
8523a288-c697-41aa-964b-24294c6a44d6,נא נא,wa-vip,True,bidim,research_package,verified=True + connectivity=bidim (the 90-row confirmed/cross-linked cluster)
870f78e7-d9a9-4eef-bced-c3e20acf57f1,יזראל,wa-vip,False,none,conversational_noise,"short fragment (1 word(s)), no gematria-research vocabulary -- WhatsApp chat filler/interjection"
8885b894-b9bd-4a11-acb2-38fd4cfdfe5f,חלק חידושים שמצאתי שלא נכתבו,wa-vip,False,none,archival_raw,"ordinary WhatsApp conversation fragment, not corrupted, no gematria-method vocabulary, not verified -- kept as raw archival record, NOT assumed garbage"
89c15f00-0012-4990-acc9-31e5943e1b2a,נסחף בזרם ים בגל בגאולה,wa-vip,False,none,archival_raw,"ordinary WhatsApp conversation fragment, not corrupted, no gematria-method vocabulary, not verified -- kept as raw archival record, NOT assumed garbage"
8ad0b3d0-7263-4569-9497-08e0a18e931f,רצח הרב עמוס גואטה אלעזר אבוחצירא,wa-vip,False,none,human_review,PII/violence/named-real-person marker detected in phrase text
8cec3d86-a1d0-4621-9cec-99530189d5d4,ולשם כולם יחזרו בגאולה,wa-vip,True,bidim,research_package,verified=True + connectivity=bidim (the 90-row confirmed/cross-linked cluster)
8de1e42a-8231-43a7-8365-04d59698d0af,ך ביטוי זה,wa-vip,False,none,archival_raw,"ordinary WhatsApp conversation fragment, not corrupted, no gematria-method vocabulary, not verified -- kept as raw archival record, NOT assumed garbage"
8fb22ce6-21c7-448e-a3a4-2348c52d8ff5,רמז לעמלק לעקם,wa-vip,False,none,archival_raw,"ordinary WhatsApp conversation fragment, not corrupted, no gematria-method vocabulary, not verified -- kept as raw archival record, NOT assumed garbage"
8fc5924b-f79f-45e2-bc23-91b254da7843,ויבקעו,wa-vip,False,none,conversational_noise,"short fragment (1 word(s)), no gematria-research vocabulary -- WhatsApp chat filler/interjection"
909d5135-d630-4128-aa42-1b08dff62835,תסביר צור,wa-vip,False,none,conversational_noise,"short fragment (2 word(s)), no gematria-research vocabulary -- WhatsApp chat filler/interjection"
930b2748-706a-4379-a2b6-be09e8698e98,ובנהרות,wa-vip,True,bidim,research_package,verified=True + connectivity=bidim (the 90-row confirmed/cross-linked cluster)
936e2654-8ade-4530-bc1f-e36cf4df00b2,חן וחשיבות אהובים יקרים,wa-vip,False,none,archival_raw,"ordinary WhatsApp conversation fragment, not corrupted, no gematria-method vocabulary, not verified -- kept as raw archival record, NOT assumed garbage"
9375ae1f-89e6-4bda-9e15-337ac94a4734,טבעת של שלמה המלך,wa-vip,False,none,archival_raw,"ordinary WhatsApp conversation fragment, not corrupted, no gematria-method vocabulary, not verified -- kept as raw archival record, NOT assumed garbage"
95aee8b7-c819-4177-ba66-bd908de25230,משיח מוצפן בתורה,wa-vip,True,bidim,research_package,verified=True + connectivity=bidim (the 90-row confirmed/cross-linked cluster)
95f173f2-b9d2-46c7-b7e7-4ac445e7ea30,ועשה חסד לאלפים לאהבי ולשמרי מצותי,wa-vip,False,none,archival_raw,"ordinary WhatsApp conversation fragment, not corrupted, no gematria-method vocabulary, not verified -- kept as raw archival record, NOT assumed garbage"
9651ac91-bb8e-4d07-974e-7fa7dfe9f0a9,לב מלשון הובלה,wa-vip,False,none,archival_raw,"ordinary WhatsApp conversation fragment, not corrupted, no gematria-method vocabulary, not verified -- kept as raw archival record, NOT assumed garbage"
969913dc-7a95-4275-b3ff-32a7288f21fc,אותיות אחרי,wa-vip,False,none,research_vocabulary,"contains explicit gematria-research vocabulary (גימטריא/פסוק/מילוי/אתבש/etc) -- legitimate research fragment, unverified"
96bca60a-7b49-4332-a78c-d1f6e5be9195,המילוי בלבד,wa-vip,False,none,research_vocabulary,"contains explicit gematria-research vocabulary (גימטריא/פסוק/מילוי/אתבש/etc) -- legitimate research fragment, unverified"
975bbc91-9ef7-49c0-b5a0-57a2c7018707,פעמים טוב בגימטריא,wa-vip,False,none,research_vocabulary,"contains explicit gematria-research vocabulary (גימטריא/פסוק/מילוי/אתבש/etc) -- legitimate research fragment, unverified"
988de644-6fd0-4ab0-9896-9ee54f5551c2,נפל פחד היהודים עליהם,wa-vip,True,bidim,research_package,verified=True + connectivity=bidim (the 90-row confirmed/cross-linked cluster)
98c70471-cc26-4269-9a73-aa6beb54ea3b,תשפ,wa-vip,False,none,conversational_noise,"short fragment (1 word(s)), no gematria-research vocabulary -- WhatsApp chat filler/interjection"
997af486-7f0c-4140-b509-3c72ded17e53,גם השר הגדול,wa-vip,False,none,archival_raw,"ordinary WhatsApp conversation fragment, not corrupted, no gematria-method vocabulary, not verified -- kept as raw archival record, NOT assumed garbage"
9a283d6f-ff14-471d-bf5a-39e0bedd62ee,נפש ירדו למצרים מיעקב,wa-vip,False,none,archival_raw,"ordinary WhatsApp conversation fragment, not corrupted, no gematria-method vocabulary, not verified -- kept as raw archival record, NOT assumed garbage"
9a7cac01-ee7b-48b3-8b9f-99eebe0216f1,ותשמם,wa-vip,True,bidim,research_package,verified=True + connectivity=bidim (the 90-row confirmed/cross-linked cluster)
9c3b931b-af5c-4530-91d4-60c5591d5842,הארת פנים,wa-vip,True,bidim,research_package,verified=True + connectivity=bidim (the 90-row confirmed/cross-linked cluster)
9c68b6e6-0ac0-42f5-b22b-a637bfb9d7f3,והרבתים,wa-vip,True,bidim,research_package,verified=True + connectivity=bidim (the 90-row confirmed/cross-linked cluster)
9e61b29a-67fb-4302-9a79-a1ed05c5547e,להבין את הרמזים הבונים את השפה,wa-vip,False,none,archival_raw,"ordinary WhatsApp conversation fragment, not corrupted, no gematria-method vocabulary, not verified -- kept as raw archival record, NOT assumed garbage"
9f36bd31-1e10-4198-bc24-d87930cd53d1,יוד,wa-vip,False,none,conversational_noise,"short fragment (1 word(s)), no gematria-research vocabulary -- WhatsApp chat filler/interjection"
a0a2219b-4227-45a3-b10b-4254d801ec01,מופיע פעמיים בתורה,wa-vip,False,none,research_vocabulary,"contains explicit gematria-research vocabulary (גימטריא/פסוק/מילוי/אתבש/etc) -- legitimate research fragment, unverified"
a16bbd83-d699-43f9-8c5b-446876676444,סין רוסיה ואיראן,wa-vip,True,bidim,research_package,verified=True + connectivity=bidim (the 90-row confirmed/cross-linked cluster)
a2b84078-14d4-46ec-bde3-ab42b2252daa,מופיע בההפטרה הביטוי,wa-vip,False,none,archival_raw,"ordinary WhatsApp conversation fragment, not corrupted, no gematria-method vocabulary, not verified -- kept as raw archival record, NOT assumed garbage"
a30af06b-1e58-4121-85b6-baa898975819,מלאכים וכדומה,wa-vip,False,none,conversational_noise,"short fragment (2 word(s)), no gematria-research vocabulary -- WhatsApp chat filler/interjection"
a345294d-8835-4809-a64a-df8ec46eb990,שנזכה ללמוד ממך,wa-vip,False,none,archival_raw,"ordinary WhatsApp conversation fragment, not corrupted, no gematria-method vocabulary, not verified -- kept as raw archival record, NOT assumed garbage"
a3a069a7-e31c-48bb-bfcc-b392970913be,סוד ההעלם,wa-vip,False,none,conversational_noise,"short fragment (2 word(s)), no gematria-research vocabulary -- WhatsApp chat filler/interjection"
a4661dc9-4f82-490c-8cb3-6ba1dc339dbf,תסרח מלשון חיסרון וסירחון,wa-vip,False,none,archival_raw,"ordinary WhatsApp conversation fragment, not corrupted, no gematria-method vocabulary, not verified -- kept as raw archival record, NOT assumed garbage"
a5886e6a-df83-4317-b1ae-7d8a6c33283b,באמרתך,wa-vip,True,bidim,research_package,verified=True + connectivity=bidim (the 90-row confirmed/cross-linked cluster)
a64457f1-47ae-4c6b-a01d-d0b1b1406d48,אני לדודי ודודי לי,wa-vip,True,bidim,research_package,verified=True + connectivity=bidim (the 90-row confirmed/cross-linked cluster)
a6c6b894-e24d-4eef-9fc4-920153f629ce,צבי באתב,wa-vip,False,none,research_vocabulary,"contains explicit gematria-research vocabulary (גימטריא/פסוק/מילוי/אתבש/etc) -- legitimate research fragment, unverified"
a767a6e0-e96b-494d-94b2-1bb65e5f00df,ונראות,wa-vip,True,bidim,research_package,verified=True + connectivity=bidim (the 90-row confirmed/cross-linked cluster)
a8c58410-a645-4e8e-8eb3-ff5448a82aa5,הוא מכפלה של מלאך,wa-vip,False,none,archival_raw,"ordinary WhatsApp conversation fragment, not corrupted, no gematria-method vocabulary, not verified -- kept as raw archival record, NOT assumed garbage"
a980e02c-fb5d-4e50-8022-38478090adef,איפוס השעון,wa-vip,True,bidim,research_package,verified=True + connectivity=bidim (the 90-row confirmed/cross-linked cluster)
ab13613a-979b-4c2d-b420-ce4817f2ee69,חכמה זאת היא הרמז,wa-vip,True,bidim,research_package,verified=True + connectivity=bidim (the 90-row confirmed/cross-linked cluster)
ab2936bc-5ef0-437d-aaa8-060e31466f7f,סו,wa-vip,False,none,conversational_noise,"short fragment (1 word(s)), no gematria-research vocabulary -- WhatsApp chat filler/interjection"
abbe33da-0e0f-457a-9f64-a6a20cf3a471,בספר זכריה,wa-vip,False,none,research_vocabulary,"contains explicit gematria-research vocabulary (גימטריא/פסוק/מילוי/אתבש/etc) -- legitimate research fragment, unverified"
adbcd334-7d55-4989-8c91-0de313623867,ריח סם,wa-vip,False,none,conversational_noise,"short fragment (2 word(s)), no gematria-research vocabulary -- WhatsApp chat filler/interjection"
adc3403b-67d4-44e4-8131-f39719e690fc,הביטה ממרומים תשפכת דם הצדיקים,wa-vip,False,none,archival_raw,"ordinary WhatsApp conversation fragment, not corrupted, no gematria-method vocabulary, not verified -- kept as raw archival record, NOT assumed garbage"
aee1dbb7-8734-4247-a90c-6ba902cd9234,לצבי יש עטרה,wa-vip,False,none,archival_raw,"ordinary WhatsApp conversation fragment, not corrupted, no gematria-method vocabulary, not verified -- kept as raw archival record, NOT assumed garbage"
af288cfd-fd1c-45d9-b1fe-58cdb4b418da,נשמה חיה,wa-vip,True,bidim,research_package,verified=True + connectivity=bidim (the 90-row confirmed/cross-linked cluster)
b02affc9-5b58-4cc3-abcb-e91f36666aba,נס פורים,wa-vip,True,bidim,research_package,verified=True + connectivity=bidim (the 90-row confirmed/cross-linked cluster)
b077c5b2-9429-4941-8865-66a43cb77a1c,וכמו שנאמר,wa-vip,False,none,conversational_noise,"short fragment (2 word(s)), no gematria-research vocabulary -- WhatsApp chat filler/interjection"
b2da1ed2-f112-45bb-805b-f7b99f0440a6,בית שלישי,wa-vip,False,none,conversational_noise,"short fragment (2 word(s)), no gematria-research vocabulary -- WhatsApp chat filler/interjection"
b466799b-4f1a-416a-ace4-ff1b877db43f,שבעים פנים לתורה,wa-vip,True,bidim,research_package,verified=True + connectivity=bidim (the 90-row confirmed/cross-linked cluster)
b525b94d-8568-4495-8ce6-308e58be9da1,נא מעט,wa-vip,False,none,conversational_noise,"short fragment (2 word(s)), no gematria-research vocabulary -- WhatsApp chat filler/interjection"
b554eb23-982e-4fd8-8c1b-eb670850cf30,צבי בגימטריא,wa-vip,False,none,research_vocabulary,"contains explicit gematria-research vocabulary (גימטריא/פסוק/מילוי/אתבש/etc) -- legitimate research fragment, unverified"
b634e1fb-4cec-4df5-b347-378e2e1883d9,מדינת,wa-vip,False,none,conversational_noise,"short fragment (1 word(s)), no gematria-research vocabulary -- WhatsApp chat filler/interjection"
b79defa6-bda0-4388-a67d-2045ce31afc0,משיח בגימטריא,wa-vip,False,none,research_vocabulary,"contains explicit gematria-research vocabulary (גימטריא/פסוק/מילוי/אתבש/etc) -- legitimate research fragment, unverified"
b9eda6d0-a37b-40d3-8953-98bb2ad60574,באדרתו,wa-vip,True,bidim,research_package,verified=True + connectivity=bidim (the 90-row confirmed/cross-linked cluster)
baa959b7-2213-4c1c-b93f-2b0fe1a081d1,עקומים,wa-vip,False,none,conversational_noise,"short fragment (1 word(s)), no gematria-research vocabulary -- WhatsApp chat filler/interjection"
bb3c0655-3c59-4a47-9ffd-5fc7971a1827,ם ל,wa-vip,False,none,conversational_noise,"short fragment (2 word(s)), no gematria-research vocabulary -- WhatsApp chat filler/interjection"
bb6ee581-7103-4bee-a003-cbe59f21bef2,משיח בחינת חטם בושם,wa-vip,False,none,archival_raw,"ordinary WhatsApp conversation fragment, not corrupted, no gematria-method vocabulary, not verified -- kept as raw archival record, NOT assumed garbage"
bcaf9312-d2c5-49ca-91e6-16ca9477d710,כל הנפשות,wa-vip,False,none,conversational_noise,"short fragment (2 word(s)), no gematria-research vocabulary -- WhatsApp chat filler/interjection"
bd634d8c-aaff-4364-93e1-6ea1722515f2,מסר חי,wa-vip,False,none,conversational_noise,"short fragment (2 word(s)), no gematria-research vocabulary -- WhatsApp chat filler/interjection"
bd97b8c8-e4fc-4a9f-9ecb-4aa44076c5ce,נוראות,wa-vip,True,bidim,research_package,verified=True + connectivity=bidim (the 90-row confirmed/cross-linked cluster)
bf0c8699-fafc-4c7f-b183-9ee0dbaaab89,יוד הה ואו דלת הה,wa-vip,False,none,archival_raw,"ordinary WhatsApp conversation fragment, not corrupted, no gematria-method vocabulary, not verified -- kept as raw archival record, NOT assumed garbage"
c23d087a-05bd-48cc-83a0-d327b9079050,פרדס,wa-vip,True,bidim,research_package,verified=True + connectivity=bidim (the 90-row confirmed/cross-linked cluster)
c28b662e-baa1-40a7-b8e1-16b0790e3eb1,כח המשיח השליטה בתודעה,wa-vip,True,bidim,research_package,verified=True + connectivity=bidim (the 90-row confirmed/cross-linked cluster)
c3821f44-53c9-4379-834d-e2636ea08318,אל הים,wa-vip,False,none,conversational_noise,"short fragment (2 word(s)), no gematria-research vocabulary -- WhatsApp chat filler/interjection"
c776d4c0-1a78-4379-ad50-16275b2bf982,הכלת נפשו,wa-vip,False,none,conversational_noise,"short fragment (2 word(s)), no gematria-research vocabulary -- WhatsApp chat filler/interjection"
c885688c-15af-4f50-9589-21f27dfee406,מנבואת זכריה בגימטריא,wa-vip,False,none,research_vocabulary,"contains explicit gematria-research vocabulary (גימטריא/פסוק/מילוי/אתבש/etc) -- legitimate research fragment, unverified"
c93b69de-bb30-4557-893e-9a8c1f7350e3,מגן יה,wa-vip,False,none,conversational_noise,"short fragment (2 word(s)), no gematria-research vocabulary -- WhatsApp chat filler/interjection"
c9f964db-9a29-4274-8571-17c605f2f125,ריאלז,wa-vip,False,aliases,conversational_noise,"short fragment (1 word(s)), no gematria-research vocabulary -- WhatsApp chat filler/interjection"
cbb50d66-f4d9-40a3-817d-e75cd75b0913,כלומר פנים לתורה,wa-vip,False,none,archival_raw,"ordinary WhatsApp conversation fragment, not corrupted, no gematria-method vocabulary, not verified -- kept as raw archival record, NOT assumed garbage"
cc8ad34f-e1b5-443e-a32a-3385b5883ff0,סטטוס על אחרית הימים,wa-vip,False,none,archival_raw,"ordinary WhatsApp conversation fragment, not corrupted, no gematria-method vocabulary, not verified -- kept as raw archival record, NOT assumed garbage"
cc8bf0dd-738c-48c7-8a20-d60c80808d10,יפתח החומר והרחמים,wa-vip,False,none,archival_raw,"ordinary WhatsApp conversation fragment, not corrupted, no gematria-method vocabulary, not verified -- kept as raw archival record, NOT assumed garbage"
cf64f391-202e-4487-ac2e-2a181709ea69,מם,wa-vip,False,none,conversational_noise,"short fragment (1 word(s)), no gematria-research vocabulary -- WhatsApp chat filler/interjection"
d0cdcb50-e483-4c30-b78f-e97117bb427c,יעקוב מתחלף באלב,wa-vip,False,none,archival_raw,"ordinary WhatsApp conversation fragment, not corrupted, no gematria-method vocabulary, not verified -- kept as raw archival record, NOT assumed garbage"
d132f887-3bc8-4664-8f0c-f0ef5c87dd98,יוסף מכנה את הגילוי,wa-vip,False,none,archival_raw,"ordinary WhatsApp conversation fragment, not corrupted, no gematria-method vocabulary, not verified -- kept as raw archival record, NOT assumed garbage"
d37acc73-4503-4b4c-847c-96759339e012,מספרים אותיות,wa-vip,True,bidim,research_package,verified=True + connectivity=bidim (the 90-row confirmed/cross-linked cluster)
d4700412-0c54-462f-86d7-9681a734eb29,צבי יקר יפה שאתה מדבר מתוך נקודת וחלק המשיח הפרטי שלך,wa-vip,False,none,archival_raw,"ordinary WhatsApp conversation fragment, not corrupted, no gematria-method vocabulary, not verified -- kept as raw archival record, NOT assumed garbage"
d48dc41a-f5ad-4b35-81df-b660bb5f0e6b,צוף מתוק של פרחים,wa-vip,False,none,archival_raw,"ordinary WhatsApp conversation fragment, not corrupted, no gematria-method vocabulary, not verified -- kept as raw archival record, NOT assumed garbage"
d4eb8e0d-bf73-46b0-b3e2-b4c8a5c0c08b,נסחף,wa-vip,False,none,conversational_noise,"short fragment (1 word(s)), no gematria-research vocabulary -- WhatsApp chat filler/interjection"
d62ed804-3056-479c-867b-52cee1644ecb,זהו רצף של ימים שהגימטריא שלהם,wa-vip,False,none,research_vocabulary,"contains explicit gematria-research vocabulary (גימטריא/פסוק/מילוי/אתבש/etc) -- legitimate research fragment, unverified"
d6e064e8-0e06-487a-8811-8cef1f9aea48,זקנים שבקיאים ב,wa-vip,False,none,archival_raw,"ordinary WhatsApp conversation fragment, not corrupted, no gematria-method vocabulary, not verified -- kept as raw archival record, NOT assumed garbage"
d807779e-1826-44d7-8eec-d5dd2c05ce91,פסוק שלם,wa-vip,False,none,research_vocabulary,"contains explicit gematria-research vocabulary (גימטריא/פסוק/מילוי/אתבש/etc) -- legitimate research fragment, unverified"
d935e42c-dd70-487a-a86c-72b38e0a6f38,יקח נא מעט מים,wa-vip,True,bidim,research_package,verified=True + connectivity=bidim (the 90-row confirmed/cross-linked cluster)
d99b5eec-5607-48b4-bab9-a6b098e253dd,חת העץ,wa-vip,False,none,conversational_noise,"short fragment (2 word(s)), no gematria-research vocabulary -- WhatsApp chat filler/interjection"
d9a029d5-93ac-4dcb-89b3-5bb88a11ca5f,מפרידה,wa-vip,False,none,conversational_noise,"short fragment (1 word(s)), no gematria-research vocabulary -- WhatsApp chat filler/interjection"
db12febe-497c-4356-b258-b2155bed83c2,הוא הוויות,wa-vip,False,none,conversational_noise,"short fragment (2 word(s)), no gematria-research vocabulary -- WhatsApp chat filler/interjection"
dc7258ed-3fea-4325-928b-c8688d8ef3fd,בספר ירמיהו,wa-vip,False,none,research_vocabulary,"contains explicit gematria-research vocabulary (גימטריא/פסוק/מילוי/אתבש/etc) -- legitimate research fragment, unverified"
dc7c77a9-110e-424d-9a2e-292f3ef781a3,כל המהות בצירוף הזה,wa-vip,False,none,archival_raw,"ordinary WhatsApp conversation fragment, not corrupted, no gematria-method vocabulary, not verified -- kept as raw archival record, NOT assumed garbage"
dcf7a8e9-601e-4e6b-a7ea-0ec4be5f0a78,קץ בא הקץ,wa-vip,False,none,archival_raw,"ordinary WhatsApp conversation fragment, not corrupted, no gematria-method vocabulary, not verified -- kept as raw archival record, NOT assumed garbage"
dd2a76ed-eff5-4840-bcc8-24d7a6974c68,הפי דרים,wa-vip,False,aliases,conversational_noise,"short fragment (2 word(s)), no gematria-research vocabulary -- WhatsApp chat filler/interjection"
ddedc7b0-2c82-4633-81e2-9f0d8ba9253c,שלום עם הכולל,wa-vip,False,none,archival_raw,"ordinary WhatsApp conversation fragment, not corrupted, no gematria-method vocabulary, not verified -- kept as raw archival record, NOT assumed garbage"
de3448bf-29de-4ad9-bb4f-6374ab9f9bc2,גימטריא של המילה,wa-vip,False,none,research_vocabulary,"contains explicit gematria-research vocabulary (גימטריא/פסוק/מילוי/אתבש/etc) -- legitimate research fragment, unverified"
df6b5aea-3759-4f8d-8610-bb76faf27995,ש משה,wa-vip,False,none,conversational_noise,"short fragment (2 word(s)), no gematria-research vocabulary -- WhatsApp chat filler/interjection"
e1597963-1185-44f3-b457-5b6e69736562,והרכבתיך,wa-vip,True,bidim,research_package,verified=True + connectivity=bidim (the 90-row confirmed/cross-linked cluster)
e237bff0-36e2-4468-a834-e6984fc9dd1a,חחח בינה מלאכית מפרגנת מאוד היא,wa-vip,False,none,archival_raw,"ordinary WhatsApp conversation fragment, not corrupted, no gematria-method vocabulary, not verified -- kept as raw archival record, NOT assumed garbage"
e2aeb43c-60a3-4211-80b2-c2ee0ef60eda,עטרת תפארתכם,wa-vip,False,none,conversational_noise,"short fragment (2 word(s)), no gematria-research vocabulary -- WhatsApp chat filler/interjection"
e3559e9c-b5b7-4898-80ed-7da3ead78ae2,ו בגימטריא,wa-vip,False,none,research_vocabulary,"contains explicit gematria-research vocabulary (גימטריא/פסוק/מילוי/אתבש/etc) -- legitimate research fragment, unverified"
e571fb25-927b-4aa0-a2f0-ed984dfe08ca,הקב,wa-vip,False,none,conversational_noise,"short fragment (1 word(s)), no gematria-research vocabulary -- WhatsApp chat filler/interjection"
e5a45602-c90f-4873-9197-ed974033a9df,צבי מבין,wa-vip,False,none,conversational_noise,"short fragment (2 word(s)), no gematria-research vocabulary -- WhatsApp chat filler/interjection"
e5c15b53-ff42-471c-8db1-966a53b73e3f,אוהב שלום ורודף שלום,wa-vip,False,none,archival_raw,"ordinary WhatsApp conversation fragment, not corrupted, no gematria-method vocabulary, not verified -- kept as raw archival record, NOT assumed garbage"
e5d158ed-a83e-4663-8738-be2e191e6ded,גאולה ברחמים א ברחמים גדולים,wa-vip,False,none,archival_raw,"ordinary WhatsApp conversation fragment, not corrupted, no gematria-method vocabulary, not verified -- kept as raw archival record, NOT assumed garbage"
e67735b4-5628-4b14-9848-0ed2c77d6b83,עטרת צבי תפארתו,wa-vip,True,bidim,research_package,verified=True + connectivity=bidim (the 90-row confirmed/cross-linked cluster)
e67e58c6-224d-4094-a798-928856613f38,ונחבר אותו לגימטריא שבת נקבל,wa-vip,False,none,research_vocabulary,"contains explicit gematria-research vocabulary (גימטריא/פסוק/מילוי/אתבש/etc) -- legitimate research fragment, unverified"
e89485bc-a96b-49f8-b129-18f84034f93b,לאחריתך,wa-vip,True,bidim,research_package,verified=True + connectivity=bidim (the 90-row confirmed/cross-linked cluster)
e923e453-fef4-4957-8b9d-6a4e3bb8b310,סוד משיח בגימטריא חלק ב,wa-vip,False,none,research_vocabulary,"contains explicit gematria-research vocabulary (גימטריא/פסוק/מילוי/אתבש/etc) -- legitimate research fragment, unverified"
e9652c16-585e-4a03-a115-e15496d81e50,אומות מנח,wa-vip,False,none,conversational_noise,"short fragment (2 word(s)), no gematria-research vocabulary -- WhatsApp chat filler/interjection"
e97a5a67-fdb4-4d59-8d84-1614dde247ba,ד י,wa-vip,False,none,conversational_noise,"short fragment (2 word(s)), no gematria-research vocabulary -- WhatsApp chat filler/interjection"
e9d5824f-e64f-4877-8334-3a75d4b8b5d6,אלב,wa-vip,False,none,conversational_noise,"short fragment (1 word(s)), no gematria-research vocabulary -- WhatsApp chat filler/interjection"
e9df7fe5-c9a2-424b-ab57-956d90dfc44f,מלכים א פרק י,wa-vip,False,none,archival_raw,"ordinary WhatsApp conversation fragment, not corrupted, no gematria-method vocabulary, not verified -- kept as raw archival record, NOT assumed garbage"
eb9679bb-0465-4872-a699-f6feaf4151be,לך פה אליהו,wa-vip,True,bidim,research_package,verified=True + connectivity=bidim (the 90-row confirmed/cross-linked cluster)
ec777e29-cefc-4550-b239-beddfd7616f2,הבתרון,wa-vip,True,bidim,research_package,verified=True + connectivity=bidim (the 90-row confirmed/cross-linked cluster)
ece724d0-a792-41fe-8b1d-318c680c838c,בריאת האדם,wa-vip,True,bidim,research_package,verified=True + connectivity=bidim (the 90-row confirmed/cross-linked cluster)
eceff9bd-b423-45ef-a4a8-b524a1228314,בן יזראל,wa-vip,False,none,conversational_noise,"short fragment (2 word(s)), no gematria-research vocabulary -- WhatsApp chat filler/interjection"
ed7a5460-d6cf-44e8-869c-161ad029b79b,ברחמים גדולים,wa-vip,True,bidim,research_package,verified=True + connectivity=bidim (the 90-row confirmed/cross-linked cluster)
ed9a099b-97c3-4bfd-a6ec-cf08de164100,שמואל משא,wa-vip,False,none,conversational_noise,"short fragment (2 word(s)), no gematria-research vocabulary -- WhatsApp chat filler/interjection"
ed9e8b0f-2212-4f1f-a489-11c92f9f4e67,לך שוב,wa-vip,True,bidim,research_package,verified=True + connectivity=bidim (the 90-row confirmed/cross-linked cluster)
ee4ff092-867b-4fdf-8705-cc9bb5b46eff,מים עמוקים,wa-vip,False,none,conversational_noise,"short fragment (2 word(s)), no gematria-research vocabulary -- WhatsApp chat filler/interjection"
ee82a223-0038-4f07-80d4-7188dcc899bd,ותסגר,wa-vip,True,bidim,research_package,verified=True + connectivity=bidim (the 90-row confirmed/cross-linked cluster)
eedbe6a6-2574-4804-8c0b-5799e4b232e6,מדוע באתי וכו,wa-vip,False,none,archival_raw,"ordinary WhatsApp conversation fragment, not corrupted, no gematria-method vocabulary, not verified -- kept as raw archival record, NOT assumed garbage"
f11fdb3a-6f59-4102-afac-4d6810aac6a5,פסוק יחודי על מדוע באתי ואין איש קראתי ואין עונה קטע הפסוק הזה בדיוק גימטריא,wa-vip,False,none,research_vocabulary,"contains explicit gematria-research vocabulary (גימטריא/פסוק/מילוי/אתבש/etc) -- legitimate research fragment, unverified"
f1ada935-10bb-4777-bbb3-334ce8f23516,מספר המלאכים הוא,wa-vip,False,none,archival_raw,"ordinary WhatsApp conversation fragment, not corrupted, no gematria-method vocabulary, not verified -- kept as raw archival record, NOT assumed garbage"
f2650e56-c7f0-4376-8724-0c2e63a8b0db,משיח המילוי אותיות,wa-vip,False,none,research_vocabulary,"contains explicit gematria-research vocabulary (גימטריא/פסוק/מילוי/אתבש/etc) -- legitimate research fragment, unverified"
f5189584-b22c-4c21-b69b-963c4190912f,הימג,wa-vip,False,none,conversational_noise,"short fragment (1 word(s)), no gematria-research vocabulary -- WhatsApp chat filler/interjection"
f5b92519-7213-492e-b2c6-1f24ce1ec43c,ממנו יוצאים כל האומות וכל הגלויות,wa-vip,False,none,archival_raw,"ordinary WhatsApp conversation fragment, not corrupted, no gematria-method vocabulary, not verified -- kept as raw archival record, NOT assumed garbage"
f5c7262b-d18e-4ec2-b183-48e6ee8687ac,כלם קדושים ובתוכם ה,wa-vip,False,none,archival_raw,"ordinary WhatsApp conversation fragment, not corrupted, no gematria-method vocabulary, not verified -- kept as raw archival record, NOT assumed garbage"
f62b8aa6-c375-4bad-8034-dbedbe2db1b5,וסגרת,wa-vip,True,bidim,research_package,verified=True + connectivity=bidim (the 90-row confirmed/cross-linked cluster)
f962e651-bd68-469f-8e8e-cf8cc7d850a0,וזריתם,wa-vip,True,bidim,research_package,verified=True + connectivity=bidim (the 90-row confirmed/cross-linked cluster)
fa6ee8e8-95c3-4c94-8a61-93a6c2b003b5,לא ירפך ולא יעזבך,wa-vip,True,bidim,research_package,verified=True + connectivity=bidim (the 90-row confirmed/cross-linked cluster)
fb7ba512-54dc-493c-a6b3-702b8998793e,בגימטריא,wa-vip,False,none,research_vocabulary,"contains explicit gematria-research vocabulary (גימטריא/פסוק/מילוי/אתבש/etc) -- legitimate research fragment, unverified"
fe843f81-08cd-40fa-a748-2d11a1e6007f,גילוי סוד משיח,wa-vip,True,bidim,research_package,verified=True + connectivity=bidim (the 90-row confirmed/cross-linked cluster)
73fc3f5b-f926-42bd-bf8e-c256fb6487b7,מחץ ראש על ארץ רבה,וואטסאפ הגילוי היומי,True,bidim,research_package,verified=True + connectivity=bidim (the 90-row confirmed/cross-linked cluster)
e3afb4e5-4466-4813-83fc-635c4cbcbebf,אהבת דוד מלך ישראל חי וקיים,וואטסאפ הגילוי היומי,True,bidim,research_package,verified=True + connectivity=bidim (the 90-row confirmed/cross-linked cluster)
